experiment_id,student_id,problem_id,problem_part,scaffold_id,problem_condition,start_time,end_time,session_count,time_on_task,first_response_or_request_time,first_answer,correct,reported_score,answer_before_tutoring,attempt_count,hints_available,hints_given,scaffold_problems_available,scaffold_problems_given,explanation_available,explanation_given,answer_given,assistments_reference_problem_log_id
PSAJDQG,281944,PRAVGT3,1,,Control,2020-04-27 13:47:00.584000+00:00,2020-04-27 13:53:10.355000+00:00,1,369.771,242.33,1.4,False,0.0,False,1,1,1,0,0,False,False,True,19132130
PSAJDQG,281944,PRAV3CD,1,,Control,2020-04-27 13:53:11.691000+00:00,2020-04-27 13:53:20.884000+00:00,1,9.193,9.19,Go to Next Question,True,1.0,True,1,0,0,0,0,False,False,False,19137587
PSAJDQG,281944,PRAVGT9,1,,Control,2020-04-27 13:53:22.642000+00:00,2020-04-27 15:54:44.369000+00:00,1,7281.727,7266.729,10.8,False,0.333333333333333,True,2,1,0,0,0,False,False,False,19137757
PSAJDQG,281944,PRAV3ZV,1,,Control,2020-04-27 15:57:14.263000+00:00,2020-04-27 15:57:23.114000+00:00,1,8.851,8.845,Go to Next Question,True,1.0,True,1,0,0,0,0,False,False,False,19413423
PSAJDQG,281944,PRAVGUG,1,,Control,2020-04-27 15:57:24.604000+00:00,2020-04-27 16:01:56.912000+00:00,1,272.308,147.135,10.8,False,0.0,True,4,1,1,0,0,False,False,False,19413640
PSAJDQG,281944,PRAV3ZW,1,,Control,2020-04-27 16:01:58.745000+00:00,2020-04-27 16:02:01.495000+00:00,1,2.75,2.747,Go to Next Question,True,1.0,True,1,0,0,0,0,False,False,False,19419002
PSAJDQG,281944,PRAVGT5,1,,Control,2020-04-27 16:02:03.093000+00:00,2020-04-27 16:05:08.842000+00:00,1,185.749,125.154,2.4,False,0.0,False,1,1,1,0,0,False,False,True,19419078
PSAJDQG,281944,PRAV3ZX,1,,Control,2020-04-27 16:05:09.998000+00:00,2020-04-27 16:05:12.861000+00:00,1,2.863,2.86,Go to Next Question,True,1.0,True,1,0,0,0,0,False,False,False,19422659
PSAJDQG,281944,PRAVGUA,1,,Control,2020-04-27 16:05:14.500000+00:00,2020-04-27 19:35:13.054000+00:00,1,12598.554,12535.084,20.0,False,0.0,True,3,1,1,0,0,False,False,True,19422752
PSAJDQG,281944,PRAV3ZY,1,,Control,2020-04-27 19:35:15.957000+00:00,2020-04-27 19:35:22.128000+00:00,1,6.171,6.17,Go to Next Question,True,1.0,True,1,0,0,0,0,False,False,False,20099820
PSAJDQG,281944,PRAVGUH,1,,Control,2020-04-27 19:35:24.300000+00:00,2020-04-28 19:26:46.652000+00:00,2,85882.352,121.062,10.3,False,0.0,True,12,1,1,0,0,False,False,False,20099950
PSAJDQG,281944,PRAV3ZZ,1,,Control,2020-04-28 19:26:48.969000+00:00,2020-04-28 19:26:57.095000+00:00,1,8.126,8.122,Go to Next Question,True,1.0,True,1,0,0,0,0,False,False,False,20167811
PSAJDQG,281944,PRAVGT6,1,,Control,2020-04-28 19:26:58.604000+00:00,2020-04-28 19:36:33.070000+00:00,1,574.466,221.551,61.4,False,0.0,False,2,1,1,0,0,False,False,True,20167904
PSAJDQG,281944,PRAV3Z2,1,,Control,2020-04-28 19:36:35.265000+00:00,2020-04-28 19:36:37.059000+00:00,1,1.794,1.789,Go to Next Question,True,1.0,True,1,0,0,0,0,False,False,False,20173630
PSAJDQG,281944,PRAVGUC,1,,Control,2020-04-28 19:36:38.488000+00:00,,1,,,,,,,0,1,0,0,0,False,False,False,20173660
PSAJDQG,282143,PRAVGT3,1,,Control,2020-04-28 11:19:18.998000+00:00,2020-04-28 11:30:51.873000+00:00,1,692.875,629.293,1.4,False,0.0,False,1,1,1,0,0,False,False,True,19706229
PSAJDQG,282143,PRAV3CD,1,,Control,2020-04-28 11:30:53.507000+00:00,2020-04-28 11:31:15.885000+00:00,1,22.378,22.366,Go to Next Question,True,1.0,True,1,0,0,0,0,False,False,False,19706820
PSAJDQG,282143,PRAVGT9,1,,Control,2020-04-28 11:31:18.892000+00:00,2020-04-28 11:35:19.059000+00:00,1,240.167,240.161,10.7,True,1.0,True,1,1,0,0,0,False,False,False,19706852
PSAJDQG,282143,PRAV3ZV,1,,Control,2020-04-28 11:35:20.553000+00:00,2020-04-28 11:35:30.084000+00:00,1,9.531,9.523,Go to Next Question,True,1.0,True,1,0,0,0,0,False,False,False,19707127
PSAJDQG,282143,PRAVGUG,1,,Control,2020-04-28 11:35:33.350000+00:00,2020-04-28 11:40:38.573000+00:00,1,305.223,183.034,9.9,False,0.0,True,3,1,1,0,0,False,False,True,19707141
PSAJDQG,282143,PRAV3ZW,1,,Control,2020-04-28 11:40:40.030000+00:00,2020-04-28 11:40:42.230000+00:00,1,2.2,2.192,Go to Next Question,True,1.0,True,1,0,0,0,0,False,False,False,19707520
PSAJDQG,282143,PRAVGT5,1,,Control,2020-04-28 11:40:43.995000+00:00,2020-04-29 10:31:57.998000+00:00,2,82274.003,82197.045,1.6,False,0.0,True,2,1,1,0,0,False,False,True,19707525
PSAJDQG,282143,PRAV3ZX,1,,Control,2020-04-29 10:32:00.794000+00:00,2020-04-29 10:32:08.070000+00:00,1,7.276,7.266,Go to Next Question,True,1.0,True,1,0,0,0,0,False,False,False,20318679
PSAJDQG,282143,PRAVGUA,1,,Control,2020-04-29 10:32:10.025000+00:00,2020-04-29 10:35:07.960000+00:00,1,177.935,110.275,-6,False,0.0,True,2,1,1,0,0,False,False,True,20318688
PSAJDQG,282143,PRAV3ZY,1,,Control,2020-04-29 10:35:09.721000+00:00,2020-04-29 10:35:12.127000+00:00,1,2.406,2.398,Go to Next Question,True,1.0,True,1,0,0,0,0,False,False,False,20318787
PSAJDQG,282143,PRAVGUH,1,,Control,2020-04-29 10:35:13.368000+00:00,,1,,,,,,,0,1,0,0,0,False,False,False,20318790
PSAJDQG,474125,PRAVGT3,1,,Treatment,2020-10-29 01:34:40.929000+00:00,,1,,,,,,,0,1,0,0,0,False,False,False,67253809
PSAJDQG,474126,PRAVGT3,1,,Control,2020-10-27 17:02:31.618000+00:00,2020-10-27 17:04:25.157000+00:00,1,113.539,20.422,180,False,0.0,True,4,1,1,0,0,False,False,True,66194448
PSAJDQG,474126,PRAV3CD,1,,Control,2020-10-27 17:12:34.443000+00:00,2020-10-27 17:12:36.554000+00:00,1,2.111,2.11,Go to Next Question,True,1.0,True,1,0,0,0,0,False,False,False,66207596
PSAJDQG,474126,PRAVGT9,1,,Control,2020-10-27 17:12:37.548000+00:00,,1,605.913,562.212,2.46,False,0.0,True,2,1,1,0,0,False,False,True,66207668
PSAJDQG,474130,PRAVGT3,1,,Control,2020-10-27 16:46:56.627000+00:00,2020-10-27 16:53:26.441000+00:00,1,389.814,150.194,1.4,False,0.0,False,1,1,1,0,0,False,False,True,66172107
PSAJDQG,474130,PRAV3CD,1,,Control,2020-10-27 16:53:26.804000+00:00,2020-10-27 16:53:32.874000+00:00,1,6.07,6.068,Go to Next Question,True,1.0,True,1,0,0,0,0,False,False,False,66181249
PSAJDQG,474130,PRAVGT9,1,,Control,2020-10-27 16:53:34.059000+00:00,2020-10-27 16:57:30.087000+00:00,1,236.028,74.489,-.0,False,0.0,True,2,1,1,0,0,False,False,True,66181398
PSAJDQG,474130,PRAV3ZV,1,,Control,2020-10-27 17:00:01.078000+00:00,2020-10-27 17:00:06.801000+00:00,1,5.723,5.72,Go to Next Question,True,1.0,True,1,0,0,0,0,False,False,False,66191049
PSAJDQG,474130,PRAVGUG,1,,Control,2020-10-27 17:00:08.176000+00:00,2020-10-27 17:02:33.037000+00:00,1,144.861,129.338,17.6,False,0.0,False,1,1,1,0,0,False,False,True,66191225
PSAJDQG,474130,PRAV3ZW,1,,Control,2020-10-27 17:02:33.434000+00:00,2020-10-27 17:02:35.639000+00:00,1,2.205,2.203,Go to Next Question,True,1.0,True,1,0,0,0,0,False,False,False,66194496
PSAJDQG,474130,PRAVGT5,1,,Control,2020-10-27 17:02:36.422000+00:00,2020-10-27 17:07:13.204000+00:00,1,276.782,209.444,.7,False,0.0,True,3,1,1,0,0,False,False,True,66194561
PSAJDQG,474130,PRAV3ZX,1,,Control,2020-10-27 17:07:13.682000+00:00,2020-10-27 17:07:17.623000+00:00,1,3.941,3.939,Go to Next Question,True,1.0,True,1,0,0,0,0,False,False,False,66200608
PSAJDQG,474130,PRAVGUA,1,,Control,2020-10-27 17:07:18.155000+00:00,2020-10-27 17:11:03.484000+00:00,1,225.329,132.237,5,False,0.0,True,2,1,1,0,0,False,False,True,66200697
PSAJDQG,474130,PRAV3ZY,1,,Control,2020-10-27 17:11:05.154000+00:00,2020-10-27 17:11:51.462000+00:00,1,46.308,46.306,Go to Next Question,True,1.0,True,1,0,0,0,0,False,False,False,66205548
PSAJDQG,474130,PRAVGUH,1,,Control,2020-10-27 17:11:52.031000+00:00,2020-10-27 17:14:52.541000+00:00,1,180.51,144.419,13.1,False,0.0,True,2,1,1,0,0,False,False,True,66206609
PSAJDQG,474130,PRAV3ZZ,1,,Control,2020-10-27 17:14:52.851000+00:00,2020-10-27 17:14:55.966000+00:00,1,3.115,3.113,Go to Next Question,True,1.0,True,1,0,0,0,0,False,False,False,66210984
PSAJDQG,474130,PRAVGT6,1,,Control,2020-10-27 17:14:56.942000+00:00,2020-10-27 17:17:18.825000+00:00,1,141.883,118.572,.4,False,0.0,True,2,1,1,0,0,False,False,True,66211098
PSAJDQG,474130,PRAV3Z2,1,,Control,2020-10-27 17:17:19.262000+00:00,2020-10-27 17:17:21.190000+00:00,1,1.928,1.926,Go to Next Question,True,1.0,True,1,0,0,0,0,False,False,False,66214450
PSAJDQG,474130,PRAVGUC,1,,Control,2020-10-27 17:17:22.220000+00:00,2020-10-27 17:20:33.857000+00:00,1,191.637,174.974,17,False,0.0,True,2,1,1,0,0,False,False,True,66214519
PSAJDQG,474130,PRAV3Z3,1,,Control,2020-10-27 17:20:34.798000+00:00,2020-10-27 17:20:36.750000+00:00,1,1.952,1.95,Go to Next Question,True,1.0,True,1,0,0,0,0,False,False,False,66218683
PSAJDQG,474130,PRAVGUK,1,,Control,2020-10-27 17:20:37.447000+00:00,2020-10-27 17:24:00.116000+00:00,1,202.669,173.138,22,False,0.333333333333333,False,1,1,1,0,0,False,False,False,66218741
PSAJDQG,474130,PRAV3Z4,1,,Control,2020-10-27 17:24:00.799000+00:00,2020-10-27 17:24:03.495000+00:00,1,2.696,2.693,Go to Next Question,True,1.0,True,1,0,0,0,0,False,False,False,66223124
PSAJDQG,474130,PRAVGT7,1,,Control,2020-10-27 17:24:04.507000+00:00,2020-10-27 17:24:19.546000+00:00,1,15.039,10.469,3.1,False,0.0,False,1,1,1,0,0,False,False,True,66223201
PSAJDQG,474130,PRAV3Z5,1,,Control,2020-10-27 17:24:19.835000+00:00,2020-10-27 17:24:21.574000+00:00,1,1.739,1.736,Go to Next Question,True,1.0,True,1,0,0,0,0,False,False,False,66223536
PSAJDQG,474130,PRAVGUP,1,,Control,2020-10-27 17:24:22.232000+00:00,2020-10-27 17:26:13.138000+00:00,1,110.906,101.256,27.7,False,0.0,True,2,1,1,0,0,False,False,True,66223591
PSAJDQG,474130,PRAV3Z6,1,,Control,2020-10-27 17:26:14.652000+00:00,2020-10-27 17:26:17.853000+00:00,1,3.201,3.2,Go to Next Question,True,1.0,True,1,0,0,0,0,False,False,False,66226017
PSAJDQG,474130,PRAVGUB,1,,Control,2020-10-27 17:26:19.567000+00:00,2020-10-27 17:44:36.541000+00:00,2,1096.974,880.547,8.3,False,0.0,True,2,1,1,0,0,False,False,True,66226120
PSAJDQG,474130,PRAV3Z7,1,,Control,2020-10-27 17:44:37.850000+00:00,2020-10-27 17:44:39.536000+00:00,1,1.686,1.685,Go to Next Question,True,1.0,True,1,0,0,0,0,False,False,False,66252210
PSAJDQG,474130,PRAVGUJ,1,,Control,2020-10-27 17:44:40.135000+00:00,2020-10-27 17:46:59.251000+00:00,1,139.116,139.115,19,True,1.0,True,1,1,0,0,0,False,False,False,66252282
PSAJDQG,474130,PRAV3Z8,1,,Control,2020-10-27 17:47:00.476000+00:00,2020-10-27 17:47:02.063000+00:00,1,1.587,1.586,Go to Next Question,True,1.0,True,1,0,0,0,0,False,False,False,66256016
PSAJDQG,474130,PRAVGT8,1,,Control,2020-10-27 17:47:02.594000+00:00,2020-10-28 12:48:05.837000+00:00,2,68463.243,68463.237,1.7,True,1.0,True,1,1,0,0,0,False,False,False,66256069
PSAJDQG,474130,PRAV3Z9,1,,Control,2020-10-28 12:49:02.287000+00:00,2020-10-28 12:49:05.876000+00:00,1,3.589,3.585,Go to Next Question,True,1.0,True,1,0,0,0,0,False,False,False,66635274
PSAJDQG,474130,PRAVGUD,1,,Control,2020-10-28 12:49:07.197000+00:00,2020-10-28 13:55:30.069000+00:00,2,3982.872,3982.867,17.6,True,1.0,True,1,1,0,0,0,False,False,False,66635323
PSAJDQG,474131,PRAVGT3,1,,Treatment,2020-10-27 16:38:45.351000+00:00,2020-10-27 16:45:35.175000+00:00,1,409.824,37.913,1.4,False,0.0,False,1,1,1,0,0,False,False,True,66160517
PSAJDQG,474131,PRAVXKE,1,,Treatment,2020-10-27 16:45:35.997000+00:00,2020-10-27 16:45:56.219000+00:00,1,20.222,20.218,This comic is not funny.,True,1.0,True,1,1,0,0,0,False,False,False,66170214
PSAJDQG,474131,PRAVGT9,1,,Treatment,2020-10-27 16:45:57.251000+00:00,2020-10-27 16:49:36.643000+00:00,1,219.392,41.335,10.7,False,0.0,False,1,1,1,0,0,False,False,True,66170730
PSAJDQG,474131,PRAVXKF,1,,Treatment,2020-10-27 16:49:37.036000+00:00,2020-10-27 16:49:40.935000+00:00,1,3.899,3.896,This comic is alright.,True,1.0,True,1,1,0,0,0,False,False,False,66176176
PSAJDQG,474131,PRAVGUG,1,,Treatment,2020-10-27 16:49:42.032000+00:00,2020-10-27 16:55:50.346000+00:00,1,368.314,194.066,10.8,False,0.0,True,3,1,1,0,0,False,False,True,66176305
PSAJDQG,474131,PRAVXKG,1,,Treatment,2020-10-27 16:55:50.845000+00:00,2020-10-27 16:55:56.470000+00:00,1,5.625,5.623,This comic is alright.,True,1.0,True,1,1,0,0,0,False,False,False,66184847
PSAJDQG,474131,PRAVGT5,1,,Treatment,2020-10-27 16:55:57.872000+00:00,2020-10-27 16:59:06.112000+00:00,1,188.24,188.238,2.4,True,1.0,True,1,1,0,0,0,False,False,False,66185031
PSAJDQG,474131,PRAVXKH,1,,Treatment,2020-10-27 16:59:06.626000+00:00,2020-10-27 16:59:11.254000+00:00,1,4.628,4.626,This comic is funny.,True,1.0,True,1,1,0,0,0,False,False,False,66189696
PSAJDQG,474131,PRAVGUA,1,,Treatment,2020-10-27 16:59:12.397000+00:00,2020-10-27 17:00:11.431000+00:00,1,59.034,59.032,20.2,True,1.0,True,1,1,0,0,0,False,False,False,66189846
PSAJDQG,474131,PRAVXKJ,1,,Treatment,2020-10-27 17:00:11.924000+00:00,2020-10-27 17:00:14.236000+00:00,1,2.312,2.311,This comic is alright.,True,1.0,True,1,1,0,0,0,False,False,False,66191317
PSAJDQG,474131,PRAVGUH,1,,Treatment,2020-10-27 17:00:15.202000+00:00,2020-10-27 17:06:50.731000+00:00,1,395.529,395.527,15.3,True,1.0,True,1,1,0,0,0,False,False,False,66191382
PSAJDQG,474134,PRAVGT3,1,,Control,2020-10-27 16:51:47.384000+00:00,2020-10-27 17:00:43.851000+00:00,1,86576.65,460.999,80.9,False,0.0,True,2,1,1,0,0,False,False,True,66179093
PSAJDQG,474134,PRAVGT3,1,,Treatment,2020-10-27 16:51:47.384000+00:00,2020-10-27 17:00:43.851000+00:00,1,86576.65,460.999,80.9,False,0.0,True,2,1,1,0,0,False,False,True,66179093
PSAJDQG,474134,PRAVXKE,1,,Treatment,2020-10-27 17:00:44.472000+00:00,2020-10-27 17:00:48.403000+00:00,1,3.931,3.929,This comic is not funny.,True,1.0,True,1,1,0,0,0,False,False,False,66192016
PSAJDQG,474134,PRAVGT9,1,,Control,2020-10-27 17:00:50.401000+00:00,2020-10-27 17:06:40.749000+00:00,1,86042.839,208.474,19.1,False,0.0,False,2,1,1,0,0,False,False,True,66192135
PSAJDQG,474134,PRAVGT9,1,,Treatment,2020-10-27 17:00:50.401000+00:00,2020-10-27 17:06:40.749000+00:00,1,86042.839,208.474,19.1,False,0.0,False,2,1,1,0,0,False,False,True,66192135
PSAJDQG,474134,PRAVXKF,1,,Treatment,2020-10-27 17:06:42.116000+00:00,2020-10-27 17:06:43.963000+00:00,1,1.847,1.845,This comic is not funny.,True,1.0,True,1,1,0,0,0,False,False,False,66199873
PSAJDQG,474134,PRAVGUG,1,,Treatment,2020-10-27 17:06:58.409000+00:00,2020-10-27 17:09:12.360000+00:00,1,85682.193,24.802,17.6,False,0.0,False,1,1,1,0,0,False,False,True,66200238
PSAJDQG,474134,PRAVGUG,1,,Control,2020-10-27 17:06:58.409000+00:00,2020-10-27 17:09:12.360000+00:00,1,85682.193,24.802,17.6,False,0.0,False,1,1,1,0,0,False,False,True,66200238
PSAJDQG,474134,PRAVXKG,1,,Treatment,2020-10-27 17:09:15.052000+00:00,2020-10-27 17:09:19.450000+00:00,1,4.398,4.396,This comic is not funny.,True,1.0,True,1,1,0,0,0,False,False,False,66203153
PSAJDQG,474134,PRAVGT5,1,,Treatment,2020-10-27 17:09:21.507000+00:00,2020-10-27 17:11:20.095000+00:00,1,118.588,97.395,137.8,False,0.0,True,2,1,1,0,0,False,False,True,66203294
PSAJDQG,474134,PRAVXKH,1,,Treatment,2020-10-27 17:11:20.979000+00:00,2020-10-27 17:11:31.200000+00:00,1,10.221,10.22,This comic is not funny.,True,1.0,True,1,1,0,0,0,False,False,False,66205881
PSAJDQG,474134,PRAVGUA,1,,Treatment,2020-10-27 17:11:34.464000+00:00,2020-10-27 17:13:22.046000+00:00,1,107.582,91.98,4,False,0.0,True,2,1,1,0,0,False,False,True,66206170
PSAJDQG,474134,PRAVXKJ,1,,Treatment,2020-10-27 17:13:23.482000+00:00,2020-10-27 17:13:26.926000+00:00,1,3.444,3.443,This comic is not funny.,True,1.0,True,1,1,0,0,0,False,False,False,66208769
PSAJDQG,474134,PRAVGUH,1,,Treatment,2020-10-27 17:13:28.503000+00:00,2020-10-27 17:17:45.295000+00:00,1,256.792,191.774,10.3,False,0.0,True,2,1,1,0,0,False,False,True,66208889
PSAJDQG,474134,PRAVXME,1,,Treatment,2020-10-27 17:17:46.945000+00:00,2020-10-27 17:17:50.617000+00:00,1,3.672,3.67,This comic is not funny.,True,1.0,True,1,1,0,0,0,False,False,False,66215051
PSAJDQG,474134,PRAVGT6,1,,Treatment,2020-10-27 17:17:52.703000+00:00,2020-10-27 17:20:48.824000+00:00,1,176.121,118.828,120,False,0.0,True,2,1,1,0,0,False,False,True,66215169
PSAJDQG,474134,PRAVXMF,1,,Treatment,2020-10-27 17:20:50.454000+00:00,2020-10-27 17:20:53.802000+00:00,1,3.348,3.346,This comic is not funny.,True,1.0,True,1,1,0,0,0,False,False,False,66219031
PSAJDQG,474134,PRAVGUC,1,,Treatment,2020-10-27 17:20:57.060000+00:00,2020-10-27 17:23:03.014000+00:00,1,125.954,125.953,14.1,True,1.0,True,1,1,0,0,0,False,False,False,66219178
PSAJDQG,474134,PRAVXMG,1,,Treatment,2020-10-27 17:23:06.835000+00:00,2020-10-27 17:23:09.457000+00:00,1,2.622,2.62,This comic is not funny.,True,1.0,True,1,1,0,0,0,False,False,False,66221922
PSAJDQG,474134,PRAVGUK,1,,Treatment,2020-10-27 17:23:10.748000+00:00,2020-10-27 17:29:00.929000+00:00,1,350.181,88.393,8.9,False,0.0,True,4,1,1,0,0,False,False,True,66222020
PSAJDQG,474134,PRAVXMH,1,,Treatment,2020-10-27 17:29:01.733000+00:00,2020-10-27 17:29:04.161000+00:00,1,2.428,2.426,This comic is not funny.,True,1.0,True,1,1,0,0,0,False,False,False,66229762
PSAJDQG,474134,PRAVGT7,1,,Treatment,2020-10-27 17:29:05.509000+00:00,2020-10-27 17:30:30.731000+00:00,1,85.222,78.302,22,False,0.0,True,2,1,1,0,0,False,False,True,66229845
PSAJDQG,474134,PRAVXMJ,1,,Treatment,2020-10-27 17:30:31.171000+00:00,2020-10-27 17:30:33.697000+00:00,1,2.526,2.524,This comic is not funny.,True,1.0,True,1,1,0,0,0,False,False,False,66231774
PSAJDQG,474134,PRAVGUP,1,,Treatment,2020-10-27 17:30:35.055000+00:00,2020-10-27 17:31:26.421000+00:00,1,51.366,43.286,27.6,False,0.0,False,1,1,1,0,0,False,False,True,66231871
PSAJDQG,474134,PRAVXMK,1,,Treatment,2020-10-27 17:31:27.099000+00:00,2020-10-27 17:31:37.493000+00:00,1,10.394,10.393,This comic is not funny.,True,1.0,True,1,1,0,0,0,False,False,False,66233010
PSAJDQG,474134,PRAVGUB,1,,Treatment,2020-10-27 17:31:39.123000+00:00,2020-10-27 17:31:59.285000+00:00,1,20.162,2.857,89,False,0.0,True,6,1,1,0,0,False,False,True,66233252
PSAJDQG,474134,PRAVXMM,1,,Treatment,2020-10-27 17:31:59.909000+00:00,2020-10-27 17:32:03.657000+00:00,1,3.748,3.746,This comic is not funny.,True,1.0,True,1,1,0,0,0,False,False,False,66233731
PSAJDQG,474134,PRAVGUJ,1,,Treatment,2020-10-27 17:32:04.737000+00:00,2020-10-27 17:32:11.510000+00:00,1,6.773,2.33,19,False,0.0,False,1,1,1,0,0,False,False,True,66233834
PSAJDQG,474134,PRAVXMN,1,,Treatment,2020-10-27 17:32:11.944000+00:00,2020-10-27 17:32:14.169000+00:00,1,2.225,2.223,This comic is not funny.,True,1.0,True,1,1,0,0,0,False,False,False,66233977
PSAJDQG,474134,PRAVGT8,1,,Treatment,2020-10-27 17:32:15.124000+00:00,2020-10-27 17:32:22.470000+00:00,1,7.346,3.255,1.7,False,0.0,False,1,1,1,0,0,False,False,True,66234050
PSAJDQG,474134,PRAVXMP,1,,Treatment,2020-10-27 17:32:22.898000+00:00,2020-10-27 17:32:24.871000+00:00,1,1.973,1.972,This comic is not funny.,True,1.0,True,1,1,0,0,0,False,False,False,66234229
PSAJDQG,474134,PRAVGUD,1,,Treatment,2020-10-27 17:32:26.173000+00:00,2020-10-28 16:53:37.125000+00:00,2,84070.952,84062.209,17.6,False,0.0,False,1,1,1,0,0,False,False,True,66234309
PSAJDQG,474134,PRAVXMQ,1,,Treatment,2020-10-28 16:53:38.476000+00:00,2020-10-28 16:53:41.065000+00:00,1,2.589,2.586,This comic is not funny.,True,1.0,True,1,1,0,0,0,False,False,False,66911692
PSAJDQG,474134,PRAVGUE,1,,Treatment,2020-10-28 16:53:42.848000+00:00,2020-10-28 16:53:50.531000+00:00,1,7.683,1.527,19.6,False,0.0,False,1,1,1,0,0,False,False,True,66911733
PSAJDQG,474134,PRAVXMS,1,,Treatment,2020-10-28 16:53:51.306000+00:00,2020-10-28 16:53:53.070000+00:00,1,1.764,1.762,This comic is not funny.,True,1.0,True,1,1,0,0,0,False,False,False,66911939
PSAJDQG,474134,PRAVGUM,1,,Treatment,2020-10-28 16:53:54.002000+00:00,2020-10-28 16:54:03.788000+00:00,1,9.786,2.446,29,False,0.0,False,1,1,1,0,0,False,False,True,66911988
PSAJDQG,474134,PRAVXMT,1,,Treatment,2020-10-28 16:54:04.316000+00:00,2020-10-28 16:54:05.887000+00:00,1,1.571,1.567,This comic is not funny.,True,1.0,True,1,1,0,0,0,False,False,False,66912195
PSAJDQG,474134,PRAVGUF,1,,Treatment,2020-10-28 16:54:06.983000+00:00,2020-10-28 16:54:17.380000+00:00,1,10.397,2.889,19.2,False,0.0,False,1,1,1,0,0,False,False,True,66912266
PSAJDQG,474134,PRAVXMU,1,,Treatment,2020-10-28 16:54:17.864000+00:00,2020-10-28 16:54:19.773000+00:00,1,1.909,1.907,This comic is not funny.,True,1.0,True,1,1,0,0,0,False,False,False,66912507
PSAJDQG,474134,PRAVGUN,1,,Treatment,2020-10-28 16:54:20.693000+00:00,2020-10-28 16:54:33.778000+00:00,1,13.085,7.844,18.5,False,0.0,False,1,1,1,0,0,False,False,True,66912568
PSAJDQG,474134,PRAVXMV,1,,Treatment,2020-10-28 16:54:34.474000+00:00,2020-10-28 16:54:36.421000+00:00,1,1.947,1.945,This comic is not funny.,True,1.0,True,1,1,0,0,0,False,False,False,66912912
PSAJDQG,474134,PRAVGT3,1,,Treatment,2020-10-28 16:54:37.834000+00:00,2020-10-28 16:54:44.034000+00:00,1,86576.65,6.198,1.4,True,1.0,True,1,1,0,0,0,False,False,False,66912986
PSAJDQG,474134,PRAVGT3,1,,Control,2020-10-28 16:54:37.834000+00:00,2020-10-28 16:54:44.034000+00:00,1,86576.65,6.198,1.4,True,1.0,True,1,1,0,0,0,False,False,False,66912986
PSAJDQG,474134,PRAV3CD,1,,Control,2020-10-28 16:54:44.676000+00:00,2020-10-28 16:54:47.813000+00:00,1,3.137,3.135,Go to Next Question,True,1.0,True,1,0,0,0,0,False,False,False,66913126
PSAJDQG,474134,PRAVGT9,1,,Control,2020-10-28 16:54:49.008000+00:00,2020-10-28 16:54:53.240000+00:00,1,86042.839,4.231,10.7,True,1.0,True,1,1,0,0,0,False,False,False,66913242
PSAJDQG,474134,PRAVGT9,1,,Treatment,2020-10-28 16:54:49.008000+00:00,2020-10-28 16:54:53.240000+00:00,1,86042.839,4.231,10.7,True,1.0,True,1,1,0,0,0,False,False,False,66913242
PSAJDQG,474134,PRAV3ZV,1,,Control,2020-10-28 16:54:53.775000+00:00,2020-10-28 16:54:55.989000+00:00,1,2.214,2.212,Go to Next Question,True,1.0,True,1,0,0,0,0,False,False,False,66913334
PSAJDQG,474134,PRAVGUG,1,,Control,2020-10-28 16:54:57.337000+00:00,2020-10-28 16:55:00.602000+00:00,1,85682.193,3.264,17.6,True,1.0,True,1,1,0,0,0,False,False,False,66913406
PSAJDQG,474134,PRAVGUG,1,,Treatment,2020-10-28 16:54:57.337000+00:00,2020-10-28 16:55:00.602000+00:00,1,85682.193,3.264,17.6,True,1.0,True,1,1,0,0,0,False,False,False,66913406
PSAJDQG,474137,PRAVGT3,1,,Treatment,2020-10-27 17:21:48.999000+00:00,2020-10-27 17:25:00.050000+00:00,2,191.051,10.714,1.4,False,0.0,False,1,1,1,0,0,False,False,True,66220298
PSAJDQG,474137,PRAVXKE,1,,Treatment,2020-10-27 17:26:28.161000+00:00,2020-10-27 17:26:33.897000+00:00,1,5.736,5.733,This comic is alright.,True,1.0,True,1,1,0,0,0,False,False,False,66226311
PSAJDQG,474137,PRAVGT9,1,,Treatment,2020-10-27 17:26:36.545000+00:00,2020-10-27 17:29:34.962000+00:00,1,178.417,16.608,10.7,False,0.0,False,1,1,1,0,0,False,False,True,66226511
PSAJDQG,474137,PRAVXKF,1,,Treatment,2020-10-27 17:29:36.173000+00:00,2020-10-27 17:29:40.522000+00:00,1,4.349,4.348,This comic is funny.,True,1.0,True,1,1,0,0,0,False,False,False,66230523
PSAJDQG,474137,PRAVGUG,1,,Treatment,2020-10-27 17:29:43.256000+00:00,2020-10-28 13:32:29.884000+00:00,2,72166.628,81.92,17.6,False,0.0,False,1,1,1,0,0,False,False,True,66230706
PSAJDQG,474137,PRAVXKG,1,,Treatment,2020-10-28 13:32:32.092000+00:00,2020-10-28 13:32:35.865000+00:00,1,3.773,3.768,This comic is funny.,True,1.0,True,1,1,0,0,0,False,False,False,66667050
PSAJDQG,474137,PRAVGT5,1,,Treatment,2020-10-28 13:32:37.446000+00:00,2020-10-28 17:06:47.314000+00:00,2,12849.868,12849.863,2.4,True,1.0,True,1,1,0,0,0,False,False,False,66667149
PSAJDQG,474137,PRAVXKH,1,,Treatment,2020-10-28 17:06:48.127000+00:00,2020-10-28 17:06:52.015000+00:00,1,3.888,3.884,This comic is funny.,True,1.0,True,1,1,0,0,0,False,False,False,66929151
PSAJDQG,474137,PRAVGUA,1,,Treatment,2020-10-28 17:06:53.731000+00:00,2020-10-28 17:09:22.484000+00:00,1,148.753,148.749,20.2,True,1.0,True,1,1,0,0,0,False,False,False,66929270
PSAJDQG,474137,PRAVXKJ,1,,Treatment,2020-10-28 17:09:23.431000+00:00,2020-10-28 17:09:27.030000+00:00,1,3.599,3.596,This comic is funny.,True,1.0,True,1,1,0,0,0,False,False,False,66932574
PSAJDQG,474137,PRAVGUH,1,,Treatment,2020-10-28 17:09:32.274000+00:00,2020-10-28 17:13:14.169000+00:00,1,221.895,221.892,15.3,True,1.0,True,1,1,0,0,0,False,False,False,66932773
PSAJDQG,474138,PRAVGT3,1,,Treatment,2020-10-27 16:49:13.510000+00:00,2020-10-27 17:01:22.314000+00:00,1,728.804,728.801,1.4,True,1.0,True,1,1,0,0,0,False,False,False,66175558
PSAJDQG,474138,PRAVXKE,1,,Treatment,2020-10-27 17:01:24.070000+00:00,2020-10-27 17:01:35.540000+00:00,1,11.47,11.468,This comic is alright.,True,1.0,True,1,1,0,0,0,False,False,False,66192896
PSAJDQG,474138,PRAVGT9,1,,Treatment,2020-10-27 17:01:40.848000+00:00,2020-10-27 17:04:53.015000+00:00,1,192.167,192.165,10.7,True,1.0,True,1,1,0,0,0,False,False,False,66193237
PSAJDQG,474138,PRAVXKF,1,,Treatment,2020-10-27 17:04:57.583000+00:00,2020-10-27 17:05:16.202000+00:00,1,18.619,18.616,This comic is funny.,True,1.0,True,1,1,0,0,0,False,False,False,66197630
PSAJDQG,474138,PRAVGUG,1,,Treatment,2020-10-27 17:05:17.633000+00:00,2020-10-27 17:05:58.517000+00:00,1,40.884,40.883,17.6,True,1.0,True,1,1,0,0,0,False,False,False,66198060
PSAJDQG,474138,PRAVXKG,1,,Treatment,2020-10-27 17:06:00.603000+00:00,2020-10-27 17:06:04.408000+00:00,1,3.805,3.803,This comic is funny.,True,1.0,True,1,1,0,0,0,False,False,False,66199020
PSAJDQG,474139,PRAVGT3,1,,Treatment,2020-10-27 16:47:01.779000+00:00,2020-10-27 16:48:04.303000+00:00,1,62.524,43.446,1.4,False,0.0,False,1,1,1,0,0,False,False,True,66172223
PSAJDQG,474139,PRAVXKE,1,,Treatment,2020-10-27 16:48:05.064000+00:00,2020-10-27 16:48:09.842000+00:00,1,4.778,4.774,This comic is alright.,True,1.0,True,1,1,0,0,0,False,False,False,66173767
PSAJDQG,474139,PRAVGT9,1,,Treatment,2020-10-27 16:48:10.977000+00:00,2020-10-27 16:51:10.681000+00:00,1,179.704,179.7,10.7,True,1.0,True,1,1,0,0,0,False,False,False,66173927
PSAJDQG,474139,PRAVXKF,1,,Treatment,2020-10-27 16:51:11.489000+00:00,2020-10-27 16:51:25.546000+00:00,1,14.057,14.052,This comic is not funny.,True,1.0,True,1,1,0,0,0,False,False,False,66178311
PSAJDQG,474139,PRAVGUG,1,,Treatment,2020-10-27 16:51:27.077000+00:00,2020-10-27 16:56:30.665000+00:00,1,303.588,278.436,10.8,False,0.0,True,2,1,1,0,0,False,False,True,66178654
PSAJDQG,474139,PRAVXKG,1,,Treatment,2020-10-27 16:56:35.043000+00:00,2020-10-27 16:56:48.088000+00:00,1,13.045,13.038,This comic is not funny.,True,1.0,True,1,1,0,0,0,False,False,False,66185944
PSAJDQG,474139,PRAVGT5,1,,Treatment,2020-10-27 16:56:49.753000+00:00,2020-10-27 16:59:00.573000+00:00,1,130.82,130.816,2.4,True,1.0,True,1,1,0,0,0,False,False,False,66186284
PSAJDQG,474139,PRAVXKH,1,,Treatment,2020-10-27 16:59:02.913000+00:00,2020-10-27 16:59:11.195000+00:00,1,8.282,8.276,This comic is funny.,True,1.0,True,1,1,0,0,0,False,False,False,66189595
PSAJDQG,474139,PRAVGUA,1,,Treatment,2020-10-27 16:59:12.860000+00:00,2020-10-27 17:00:15.030000+00:00,1,62.17,62.165,20.2,True,1.0,True,1,1,0,0,0,False,False,False,66189859
PSAJDQG,474139,PRAVXKJ,1,,Treatment,2020-10-27 17:00:16.474000+00:00,2020-10-27 17:00:21.221000+00:00,1,4.747,4.74,This comic is not funny.,True,1.0,True,1,1,0,0,0,False,False,False,66191406
PSAJDQG,474139,PRAVGUH,1,,Treatment,2020-10-27 17:00:23.538000+00:00,2020-10-27 17:06:44.808000+00:00,1,381.27,381.266,15.3,True,1.0,True,1,1,0,0,0,False,False,False,66191550
PSAJDQG,474142,PRAVGT3,1,,Control,2020-10-27 16:50:34.020000+00:00,2020-10-27 17:01:12.926000+00:00,2,2181.633,173.396,1.1,False,0.0,True,2,1,1,0,0,False,False,True,66177496
PSAJDQG,474142,PRAVGT3,1,,Treatment,2020-10-27 16:50:34.020000+00:00,2020-10-27 17:01:12.926000+00:00,2,2181.633,173.396,1.1,False,0.0,True,2,1,1,0,0,False,False,True,66177496
PSAJDQG,474142,PRAV3CD,1,,Control,2020-10-27 17:01:23.077000+00:00,2020-10-27 17:01:25.537000+00:00,1,2.46,2.458,Go to Next Question,True,1.0,True,1,0,0,0,0,False,False,False,66192868
PSAJDQG,474142,PRAVGT9,1,,Treatment,2020-10-27 17:01:28.108000+00:00,2020-10-27 17:04:49.626000+00:00,1,1582.601,201.516,10.7,True,1.0,True,1,1,0,0,0,False,False,False,66192977
PSAJDQG,474142,PRAVGT9,1,,Control,2020-10-27 17:01:28.108000+00:00,2020-10-27 17:04:49.626000+00:00,1,1582.601,201.516,10.7,True,1.0,True,1,1,0,0,0,False,False,False,66192977
PSAJDQG,474142,PRAV3ZV,1,,Control,2020-10-27 17:04:51.514000+00:00,2020-10-27 17:04:53.470000+00:00,1,1.956,1.954,Go to Next Question,True,1.0,True,1,0,0,0,0,False,False,False,66197487
PSAJDQG,474142,PRAVGUG,1,,Treatment,2020-10-27 17:04:54.782000+00:00,2020-10-27 17:06:06.018000+00:00,1,1390.491,39.556,10.8,False,0.0,True,2,1,1,0,0,False,False,True,66197561
PSAJDQG,474142,PRAVGUG,1,,Control,2020-10-27 17:04:54.782000+00:00,2020-10-27 17:06:06.018000+00:00,1,1390.491,39.556,10.8,False,0.0,True,2,1,1,0,0,False,False,True,66197561
PSAJDQG,474142,PRAV3ZW,1,,Control,2020-10-27 17:06:06.432000+00:00,2020-10-27 17:06:08.760000+00:00,1,2.328,2.324,Go to Next Question,True,1.0,True,1,0,0,0,0,False,False,False,66199153
PSAJDQG,474142,PRAVGT5,1,,Control,2020-10-27 17:06:10.108000+00:00,2020-10-27 17:09:16.802000+00:00,1,186.694,186.693,2.4,True,1.0,True,1,1,0,0,0,False,False,False,66199233
PSAJDQG,474142,PRAV3ZX,1,,Control,2020-10-27 17:09:17.286000+00:00,2020-10-27 17:09:19.751000+00:00,1,2.465,2.462,Go to Next Question,True,1.0,True,1,0,0,0,0,False,False,False,66203205
PSAJDQG,474142,PRAVGUA,1,,Control,2020-10-27 17:09:20.899000+00:00,2020-10-27 17:09:45.481000+00:00,1,24.582,24.58,20.2,True,1.0,True,1,1,0,0,0,False,False,False,66203286
PSAJDQG,474142,PRAV3ZY,1,,Control,2020-10-27 17:09:45.941000+00:00,2020-10-27 17:09:49.060000+00:00,1,3.119,3.118,Go to Next Question,True,1.0,True,1,0,0,0,0,False,False,False,66203816
PSAJDQG,474142,PRAVGUH,1,,Control,2020-10-27 17:09:50.768000+00:00,2020-10-27 17:10:25.122000+00:00,1,34.354,18.559,10.3,False,0.0,True,3,1,1,0,0,False,False,True,66203936
PSAJDQG,474142,PRAV3ZZ,1,,Control,2020-10-27 17:10:25.718000+00:00,2020-10-27 17:10:28.317000+00:00,1,2.599,2.597,Go to Next Question,True,1.0,True,1,0,0,0,0,False,False,False,66204740
PSAJDQG,474142,PRAVGT6,1,,Control,2020-10-27 17:10:29.865000+00:00,2020-10-27 17:11:00.194000+00:00,1,30.329,30.327,2.1,True,1.0,True,1,1,0,0,0,False,False,False,66204827
PSAJDQG,474142,PRAV3Z2,1,,Control,2020-10-27 17:11:00.610000+00:00,2020-10-27 17:11:02.364000+00:00,1,1.754,1.752,Go to Next Question,True,1.0,True,1,0,0,0,0,False,False,False,66205466
PSAJDQG,474142,PRAVGUC,1,,Control,2020-10-27 17:11:03.354000+00:00,2020-10-27 17:11:30.105000+00:00,1,26.751,26.749,14.1,True,1.0,True,1,1,0,0,0,False,False,False,66205520
PSAJDQG,474142,PRAV3Z3,1,,Control,2020-10-27 17:11:30.873000+00:00,2020-10-27 17:11:33.188000+00:00,1,2.315,2.313,Go to Next Question,True,1.0,True,1,0,0,0,0,False,False,False,66206092
PSAJDQG,474142,PRAVGUK,1,,Control,2020-10-27 17:11:34.104000+00:00,2020-10-27 17:12:30.153000+00:00,1,56.049,39.697,3.8,False,0.0,True,2,1,1,0,0,False,False,True,66206161
PSAJDQG,474142,PRAV3Z4,1,,Control,2020-10-27 17:12:30.802000+00:00,2020-10-27 17:12:33.948000+00:00,1,3.146,3.144,Go to Next Question,True,1.0,True,1,0,0,0,0,False,False,False,66207505
PSAJDQG,474142,PRAVGT7,1,,Control,2020-10-27 17:12:34.649000+00:00,2020-10-27 17:12:59.744000+00:00,1,25.095,25.093,3.1,True,1.0,True,1,1,0,0,0,False,False,False,66207600
PSAJDQG,474142,PRAV3Z5,1,,Control,2020-10-27 17:13:00.230000+00:00,2020-10-27 17:13:02.149000+00:00,1,1.919,1.917,Go to Next Question,True,1.0,True,1,0,0,0,0,False,False,False,66208218
PSAJDQG,474142,PRAVGUP,1,,Control,2020-10-27 17:13:03.007000+00:00,2020-10-27 17:13:58.658000+00:00,1,55.651,20.64,35,False,0.0,True,2,1,1,0,0,False,False,True,66208279
PSAJDQG,474142,PRAV3Z6,1,,Control,2020-10-27 17:13:59.148000+00:00,2020-10-27 17:14:02.370000+00:00,1,3.222,3.221,Go to Next Question,True,1.0,True,1,0,0,0,0,False,False,False,66209622
PSAJDQG,474142,PRAVGUB,1,,Control,2020-10-27 17:14:03.267000+00:00,2020-10-27 17:14:41.344000+00:00,1,38.077,30.156,6.3,False,0.0,True,2,1,1,0,0,False,False,True,66209731
PSAJDQG,474142,PRAV3Z7,1,,Control,2020-10-27 17:14:41.759000+00:00,2020-10-27 17:14:45.492000+00:00,1,3.733,3.731,Go to Next Question,True,1.0,True,1,0,0,0,0,False,False,False,66210697
PSAJDQG,474142,PRAVGUJ,1,,Control,2020-10-27 17:14:46.684000+00:00,2020-10-27 17:15:25.528000+00:00,1,38.844,29.879,9.6,False,0.0,True,2,1,1,0,0,False,False,True,66210826
PSAJDQG,474142,PRAV3Z8,1,,Control,2020-10-27 17:15:25.973000+00:00,2020-10-27 17:15:28.827000+00:00,1,2.854,2.852,Go to Next Question,True,1.0,True,1,0,0,0,0,False,False,False,66211821
PSAJDQG,474142,PRAVGT8,1,,Control,2020-10-27 17:15:29.733000+00:00,2020-10-27 17:16:33.303000+00:00,1,63.57,63.569,1.7,True,1.0,True,1,1,0,0,0,False,False,False,66211919
PSAJDQG,474142,PRAV3Z9,1,,Control,2020-10-27 17:16:33.811000+00:00,2020-10-27 17:16:35.899000+00:00,1,2.088,2.086,Go to Next Question,True,1.0,True,1,0,0,0,0,False,False,False,66213464
PSAJDQG,474142,PRAVGUD,1,,Control,2020-10-27 17:16:36.712000+00:00,2020-10-27 17:17:59.456000+00:00,1,82.744,22.197,9.2,False,0.0,True,2,1,1,0,0,False,False,True,66213543
PSAJDQG,474142,PRAV32A,1,,Control,2020-10-27 17:18:00.026000+00:00,2020-10-27 17:18:01.811000+00:00,1,1.785,1.783,Go to Next Question,True,1.0,True,1,0,0,0,0,False,False,False,66215331
PSAJDQG,474142,PRAVGUE,1,,Control,2020-10-27 17:18:02.798000+00:00,2020-10-27 17:21:08.982000+00:00,1,186.184,103.377,.33,False,0.0,True,2,1,1,0,0,False,False,True,66215398
PSAJDQG,474142,PRAV32B,1,,Control,2020-10-27 17:21:09.474000+00:00,2020-10-27 17:21:12.970000+00:00,1,3.496,3.495,Go to Next Question,True,1.0,True,1,0,0,0,0,False,False,False,66219446
PSAJDQG,474142,PRAVGUM,1,,Control,2020-10-27 17:21:14.146000+00:00,2020-10-27 17:23:04.246000+00:00,1,110.1,102.513,5.9,False,0.0,True,2,1,1,0,0,False,False,True,66219544
PSAJDQG,474142,PRAV32C,1,,Control,2020-10-27 17:23:04.820000+00:00,2020-10-27 17:23:06.811000+00:00,1,1.991,1.988,Go to Next Question,True,1.0,True,1,0,0,0,0,False,False,False,66221875
PSAJDQG,474142,PRAVGUF,1,,Control,2020-10-27 17:23:07.652000+00:00,2020-10-27 17:23:44.247000+00:00,1,36.595,36.593,19.2,True,1.0,True,1,1,0,0,0,False,False,False,66221940
PSAJDQG,474142,PRAV32D,1,,Control,2020-10-27 17:23:44.706000+00:00,2020-10-27 17:23:47.747000+00:00,1,3.041,3.038,Go to Next Question,True,1.0,True,1,0,0,0,0,False,False,False,66222768
PSAJDQG,474142,PRAVGUN,1,,Control,2020-10-27 17:23:48.750000+00:00,2020-10-27 17:26:36.016000+00:00,1,167.266,67.623,19.5,False,0.0,True,2,1,1,0,0,False,False,True,66222863
PSAJDQG,474142,PRAV32E,1,,Control,2020-10-27 17:26:36.787000+00:00,2020-10-27 17:26:38.505000+00:00,1,1.718,1.717,Go to Next Question,True,1.0,True,1,0,0,0,0,False,False,False,66226520
PSAJDQG,474142,PRAVGT3,1,,Treatment,2020-10-27 17:26:50.843000+00:00,2020-10-27 17:26:55.653000+00:00,2,2181.633,4.807,1.4,True,1.0,True,1,1,0,0,0,False,False,False,66226818
PSAJDQG,474142,PRAVGT3,1,,Control,2020-10-27 17:26:50.843000+00:00,2020-10-27 17:26:55.653000+00:00,2,2181.633,4.807,1.4,True,1.0,True,1,1,0,0,0,False,False,False,66226818
PSAJDQG,474142,PRAVXKE,1,,Treatment,2020-10-27 17:26:56.111000+00:00,2020-10-27 17:27:04.485000+00:00,1,8.374,8.373,This comic is not funny.,True,1.0,True,1,1,0,0,0,False,False,False,66226943
PSAJDQG,474142,PRAVGT9,1,,Control,2020-10-27 17:27:05.657000+00:00,2020-10-27 17:27:50.709000+00:00,1,1582.601,45.048,10.7,True,1.0,True,1,1,0,0,0,False,False,False,66227142
PSAJDQG,474142,PRAVGT9,1,,Treatment,2020-10-27 17:27:05.657000+00:00,2020-10-27 17:27:50.709000+00:00,1,1582.601,45.048,10.7,True,1.0,True,1,1,0,0,0,False,False,False,66227142
PSAJDQG,474142,PRAVXKF,1,,Treatment,2020-10-27 17:27:51.114000+00:00,2020-10-27 17:28:00.739000+00:00,1,9.625,9.623,This comic is funny.,True,1.0,True,1,1,0,0,0,False,False,False,66228169
PSAJDQG,474142,PRAVGUG,1,,Treatment,2020-10-27 17:28:01.782000+00:00,2020-10-27 17:28:05.273000+00:00,1,1390.491,3.489,17.6,True,1.0,True,1,1,0,0,0,False,False,False,66228414
PSAJDQG,474142,PRAVGUG,1,,Control,2020-10-27 17:28:01.782000+00:00,2020-10-27 17:28:05.273000+00:00,1,1390.491,3.489,17.6,True,1.0,True,1,1,0,0,0,False,False,False,66228414
PSAJDQG,474174,PRAVGT3,1,,Control,2020-10-27 16:49:36.041000+00:00,2020-10-27 17:02:43.498000+00:00,1,787.457,96.058,1.4,False,0.0,False,1,1,1,0,0,False,False,True,66176145
PSAJDQG,474174,PRAV3CD,1,,Control,2020-10-27 17:02:44.324000+00:00,2020-10-27 17:02:47.752000+00:00,1,3.428,3.425,Go to Next Question,True,1.0,True,1,0,0,0,0,False,False,False,66194719
PSAJDQG,474174,PRAVGT9,1,,Control,2020-10-27 17:02:49.854000+00:00,,1,,,,,,,0,1,0,0,0,False,False,False,66194841
PSAJDQG,529048,PRAVGT3,1,,Treatment,2020-10-27 16:32:39.367000+00:00,,1,,,,,,,0,1,0,0,0,False,False,False,66152454
PSAJDQG,1005346,PRAVGT3,1,,Control,2021-03-19 02:53:00.846000+00:00,2021-03-19 13:19:31.032000+00:00,2,37590.186,37590.175,1.4,True,1.0,True,1,1,0,0,0,False,False,False,112655675
PSAJDQG,1005346,PRAV3CD,1,,Control,2021-03-19 13:19:38.914000+00:00,2021-03-19 13:20:04.072000+00:00,1,25.158,25.151,Go to Next Question,True,1.0,True,1,0,0,0,0,False,False,False,112693968
PSAJDQG,1005346,PRAVGT9,1,,Control,2021-03-19 13:20:06.575000+00:00,2021-03-19 13:30:20.791000+00:00,1,614.216,614.205,10.7,True,1.0,True,1,1,0,0,0,False,False,False,112694167
PSAJDQG,1005346,PRAV3ZV,1,,Control,2021-03-19 13:30:30.415000+00:00,2021-03-19 13:31:02.196000+00:00,1,31.781,31.773,Go to Next Question,True,1.0,True,1,0,0,0,0,False,False,False,112698810
PSAJDQG,1005346,PRAVGUG,1,,Control,2021-03-19 13:31:04.071000+00:00,2021-03-19 13:33:30.282000+00:00,1,146.211,146.199,17.6,True,1.0,True,1,1,0,0,0,False,False,False,112699034
PSAJDQG,1005346,PRAV3ZW,1,,Control,2021-03-19 13:33:33.583000+00:00,2021-03-19 13:33:37.718000+00:00,1,4.135,4.129,Go to Next Question,True,1.0,True,1,0,0,0,0,False,False,False,112700145
