experiment_id,student_id,problem_id,problem_part,scaffold_id,problem_condition,start_time,end_time,session_count,time_on_task,first_response_or_request_time,first_answer,correct,reported_score,answer_before_tutoring,attempt_count,hints_available,hints_given,scaffold_problems_available,scaffold_problems_given,explanation_available,explanation_given,answer_given,assistments_reference_problem_log_id
PSABCXRT,57438,PRABMJDJ,1,,Treatment,2020-07-30 13:51:57.988000+00:00,2020-07-30 13:54:45.359000+00:00,1,167.371,29.517,0,False,0.0,True,5,1,1,0,0,False,False,True,31994250
PSABCXRT,57438,PRABMJDD,1,,Treatment,2020-07-30 13:54:46.253000+00:00,,1,,,,,,,0,1,0,0,0,False,False,False,31994309
PSABCXRT,57572,PRACKHD,1,,Control,2020-08-01 17:48:45.155000+00:00,,1,,,,,,,0,1,0,0,0,False,False,False,32024796
PSABCXRT,58005,PRABMJC8,1,,Treatment,2020-07-30 22:13:25.587000+00:00,,1,,,,,,,0,1,0,0,0,False,False,False,32006306
PSABCXRT,59092,PRABMJDC,1,,Treatment,2020-07-30 13:12:41.365000+00:00,2020-07-30 13:14:27.344000+00:00,1,105.979,78.023,201.06,False,0.0,True,2,1,1,0,0,False,False,True,31993721
PSABCXRT,59092,PRABMJDM,1,,Treatment,2020-07-30 13:14:29.404000+00:00,,1,6.079,6.079,0,False,0.666666666666667,True,1,1,0,0,0,False,False,False,31993737
PSABCXRT,59329,PRABMJDC,1,,Treatment,2020-08-10 13:09:38.384000+00:00,,1,,,,,,,0,1,0,0,0,False,False,False,32123508
PSABCXRT,114827,PRABMJDC,1,,Treatment,2020-08-27 14:07:01.872000+00:00,2020-08-27 14:07:25.278000+00:00,1,23.406,5.363,200.96,False,0.0,False,1,1,1,0,0,False,False,True,34723761
PSABCXRT,114827,PRABMJDD,1,,Treatment,2020-08-27 14:07:27.656000+00:00,2020-08-27 14:07:42.277000+00:00,1,14.621,1.575,75.36,False,0.0,False,1,1,1,0,0,False,False,True,34723990
PSABCXRT,114827,PRABMJDM,1,,Treatment,2020-08-27 14:07:43.778000+00:00,2020-08-27 14:08:07.329000+00:00,1,23.551,14.52,207.24,False,0.0,False,1,1,1,0,0,False,False,True,34724141
PSABCXRT,114827,PRABMJDF,1,,Treatment,2020-08-27 14:08:09.183000+00:00,,1,,,,,,,0,1,0,0,0,False,False,False,34724386
PSABCXRT,153961,PRABMJDH,1,,Treatment,2020-05-25 01:40:36.303000+00:00,2020-05-25 01:50:04.942000+00:00,1,568.639,568.636,87.92,True,1.0,True,1,1,0,0,0,False,False,False,28611779
PSABCXRT,153961,PRABMJDS,1,,Treatment,2020-05-25 01:50:05.572000+00:00,2020-05-25 01:51:52.670000+00:00,1,107.098,107.096,37.68,True,1.0,True,1,1,0,0,0,False,False,False,28612056
PSABCXRT,153961,PRABMJC9,1,,Treatment,2020-05-25 01:51:54.455000+00:00,2020-05-25 01:58:07.976000+00:00,1,373.521,373.519,138.16,True,1.0,True,1,1,0,0,0,False,False,False,28612095
PSABCXRT,153961,PRABMK79,1,,Nonexperimental,2020-05-25 01:58:08.817000+00:00,2020-05-25 01:58:14.180000+00:00,1,5.363,5.361,Ok!,True,1.0,True,1,0,0,0,0,False,False,False,28612210
PSABCXRT,153961,PRABMK7S,1,,Posttest,2020-05-25 01:58:15.674000+00:00,2020-05-25 01:58:19.053000+00:00,1,3.379,3.377,Ok!,True,1.0,True,1,0,0,0,0,False,False,False,28612212
PSABCXRT,153961,PRABMK7T,1,,Posttest,2020-05-25 01:58:20.541000+00:00,2020-05-25 01:58:30.728000+00:00,1,10.187,10.185,"Top , Bottom , Side",True,1.0,True,1,0,0,0,0,False,False,False,28612213
PSABCXRT,153961,PRABMK7U,1,,Posttest,2020-05-25 01:58:31.938000+00:00,2020-05-25 02:00:21.844000+00:00,1,109.906,109.905,25.12,True,1.0,True,1,0,0,0,0,False,False,False,28612216
PSABCXRT,153961,PRABMK7V,1,,Posttest,2020-05-25 02:00:30.702000+00:00,2020-05-25 02:03:08.186000+00:00,1,157.484,157.483,56.52,False,0.0,True,1,0,0,0,0,False,False,False,28612259
PSABCXRT,153961,PRABMK7W,1,,Posttest,2020-05-25 02:03:08.674000+00:00,2020-05-25 02:05:38.792000+00:00,1,150.118,150.116,113.04,True,1.0,True,1,0,0,0,0,False,False,False,28612308
PSABCXRT,153961,PRABMK7X,1,,Posttest,2020-05-25 02:05:40.480000+00:00,2020-05-25 02:10:39.874000+00:00,1,299.394,299.393,628,True,1.0,True,1,0,0,0,0,False,False,False,28612373
PSABCXRT,153961,PRABMK7Y,1,,Posttest,2020-05-25 02:10:40.409000+00:00,2020-05-25 02:13:27.978000+00:00,1,167.569,167.567,527.52,False,0.0,True,1,0,0,0,0,False,False,False,28612510
PSABCXRT,153984,PRACKH3,1,,Control,2020-05-19 15:28:06.745000+00:00,2020-05-19 15:32:34.903000+00:00,1,268.158,245.426,409,False,0.0,True,2,1,1,0,0,False,False,True,27335440
PSABCXRT,153984,PRACKH6,1,,Control,2020-05-19 15:32:36.339000+00:00,2020-05-19 15:37:46.593000+00:00,2,310.254,290.709,87.96,False,0.0,True,4,1,1,0,0,False,False,True,27338923
PSABCXRT,153984,PRACKGG,1,,Control,2020-05-19 15:37:55.649000+00:00,2020-05-19 15:38:40.239000+00:00,2,44.59,25.735,150.8,False,0.0,True,2,1,0,0,0,False,False,True,27343148
PSABCXRT,153984,PRACKGW,1,,Control,2020-05-19 15:38:40.980000+00:00,2020-05-19 15:39:06.783000+00:00,1,25.803,25.801,62.8,True,1.0,True,1,1,0,0,0,False,False,False,27343755
PSABCXRT,153984,PRACKJP,1,,Control,2020-05-19 15:39:07.261000+00:00,2020-05-19 15:42:15.406000+00:00,1,188.145,89.907,0,False,0.0,True,3,1,1,0,0,False,False,True,27344136
PSABCXRT,153984,PRACKJW,1,,Control,2020-05-19 15:42:15.836000+00:00,2020-05-19 15:44:10.941000+00:00,1,115.105,104.85,345.85,False,0.0,True,2,1,1,0,0,False,False,True,27346586
PSABCXRT,153984,PRACKJZ,1,,Control,2020-05-19 15:44:11.885000+00:00,2020-05-19 15:45:39.598000+00:00,1,87.713,80.88,169.58,False,0.0,True,2,1,1,0,0,False,False,True,27348059
PSABCXRT,153984,PRACKGF,1,,Control,2020-05-19 15:45:40.080000+00:00,2020-05-19 15:47:01.021000+00:00,1,80.941,72.3,125.26,False,0.0,True,2,1,0,0,0,False,False,True,27349219
PSABCXRT,153984,PRACKGK,1,,Control,2020-05-19 15:47:01.478000+00:00,2020-05-19 15:47:47.948000+00:00,1,46.47,26.038,351.9,False,0.0,True,4,1,1,0,0,False,False,True,27350231
PSABCXRT,153984,PRACKJH,1,,Control,2020-05-19 15:47:48.397000+00:00,2020-05-19 15:49:00.190000+00:00,1,71.793,53.344,75.83,False,0.0,True,5,1,1,0,0,False,False,True,27350857
PSABCXRT,153984,PRACKJF,1,,Control,2020-05-19 15:49:00.661000+00:00,2020-05-19 15:50:22.557000+00:00,1,81.896,73.463,75.38,False,0.0,True,2,1,1,0,0,False,False,True,27352021
PSABCXRT,153984,PRACKHX,1,,Control,2020-05-19 15:50:23.217000+00:00,2020-05-19 15:51:02.205000+00:00,1,38.988,31.85,37.7,False,0.0,True,2,1,1,0,0,False,False,True,27352945
PSABCXRT,153984,PRACKHD,1,,Control,2020-05-19 15:51:02.653000+00:00,2020-05-19 15:53:10.365000+00:00,1,127.712,116.047,15707.96,False,0.0,True,2,1,2,0,0,False,False,True,27353437
PSABCXRT,153984,PRACKG6,1,,Control,2020-05-19 15:53:10.783000+00:00,2020-05-19 15:55:23.485000+00:00,1,132.702,121.359,138.23,False,0.0,True,2,1,2,0,0,False,False,True,27355100
PSABCXRT,153984,PRACKHJ,1,,Control,2020-05-19 15:55:24.142000+00:00,2020-05-19 15:56:05.102000+00:00,1,40.96,30.574,131.95,False,0.0,True,2,1,2,0,0,False,False,True,27356761
PSABCXRT,153984,PRACKJC,1,,Control,2020-05-19 15:56:05.885000+00:00,2020-05-19 15:56:28.158000+00:00,1,22.273,12.222,201.06,False,0.0,True,2,1,1,0,0,False,False,True,27357259
PSABCXRT,153984,PRACKHV,1,,Control,2020-05-19 15:56:28.681000+00:00,2020-05-19 15:57:04.350000+00:00,1,35.669,25.555,471.24,False,0.0,True,2,1,1,0,0,False,False,True,27357537
PSABCXRT,153984,PRACKHW,1,,Control,2020-05-19 16:09:33.654000+00:00,2020-05-19 16:10:14.107000+00:00,1,40.453,23.509,527.8,False,0.0,True,3,1,1,0,0,False,False,True,27367418
PSABCXRT,153984,PRACKH2,1,,Control,2020-05-19 16:10:15.244000+00:00,2020-05-19 16:21:43.709000+00:00,1,688.465,663.624,75.4,False,0.0,True,2,1,1,0,0,False,False,True,27367976
PSABCXRT,153984,PRACKJV,1,,Control,2020-05-19 16:21:45.284000+00:00,2020-05-19 16:23:06.764000+00:00,1,81.48,68.327,207.26,False,0.0,True,2,1,1,0,0,False,False,True,27377327
PSABCXRT,153984,PRACKHP,1,,Control,2020-05-19 16:23:07.440000+00:00,,1,,,,,,,0,1,0,0,0,False,False,False,27378460
PSABCXRT,154170,PRACKJH,1,,Control,2020-05-26 00:31:36.768000+00:00,2020-05-26 00:35:08.274000+00:00,1,211.506,211.503,75.36,True,1.0,True,1,1,0,0,0,False,False,False,28653146
PSABCXRT,154170,PRACKHX,1,,Control,2020-05-26 00:35:09.866000+00:00,2020-05-26 00:37:12.290000+00:00,2,122.424,53.241,15.7,False,0.666666666666667,True,2,1,0,0,0,False,False,False,28653295
PSABCXRT,154170,PRACKJP,1,,Control,2020-05-26 00:37:13.125000+00:00,2020-05-26 00:42:29.343000+00:00,1,316.218,316.216,138.16,True,1.0,True,1,1,0,0,0,False,False,False,28653374
PSABCXRT,154170,PRACKJC,1,,Control,2020-05-26 00:42:30.810000+00:00,2020-05-26 00:44:33.969000+00:00,1,123.159,71.9,125.6,False,0.666666666666667,True,2,1,0,0,0,False,False,False,28653633
PSABCXRT,154170,PRACKHJ,1,,Control,2020-05-26 00:44:35.296000+00:00,2020-05-26 00:46:23.628000+00:00,1,108.332,108.33,131.88,True,1.0,True,1,1,0,0,0,False,False,False,28653721
PSABCXRT,154170,PRACKGW,1,,Control,2020-05-26 00:46:25.078000+00:00,2020-05-26 00:48:56.007000+00:00,1,150.929,150.927,62.8,True,1.0,True,1,1,0,0,0,False,False,False,28653799
PSABCXRT,154170,PRACKGF,1,,Control,2020-05-26 00:48:58.313000+00:00,2020-05-26 00:50:02.416000+00:00,1,64.103,64.1,125.6,True,1.0,True,1,1,0,0,0,False,False,False,28653903
PSABCXRT,154170,PRABMK8A,1,,Nonexperimental,2020-05-26 00:50:04.643000+00:00,2020-05-26 00:50:07.231000+00:00,1,2.588,2.587,Ok!,True,1.0,True,1,0,0,0,0,False,False,False,28653938
PSABCXRT,154170,PRABMK7S,1,,Posttest,2020-05-26 00:50:08.171000+00:00,2020-05-26 00:50:10.878000+00:00,1,2.707,2.705,Ok!,True,1.0,True,1,0,0,0,0,False,False,False,28653941
PSABCXRT,154170,PRABMK7T,1,,Posttest,2020-05-26 00:50:12.922000+00:00,2020-05-26 00:50:24.863000+00:00,1,11.941,11.939,"Top , Bottom , Side",True,1.0,True,1,0,0,0,0,False,False,False,28653946
PSABCXRT,154170,PRABMK7U,1,,Posttest,2020-05-26 00:50:25.451000+00:00,2020-05-26 00:51:55.295000+00:00,1,89.844,89.842,25.12,True,1.0,True,1,0,0,0,0,False,False,False,28653965
PSABCXRT,154170,PRABMK7V,1,,Posttest,2020-05-26 00:52:09.020000+00:00,2020-05-26 00:55:42.799000+00:00,1,213.779,213.777,94.68,False,0.0,True,1,0,0,0,0,False,False,False,28654056
PSABCXRT,154170,PRABMK7W,1,,Posttest,2020-05-26 00:55:44.170000+00:00,2020-05-26 00:56:59.829000+00:00,1,75.659,75.657,56.52,False,0.0,True,1,0,0,0,0,False,False,False,28654204
PSABCXRT,154170,PRABMK7X,1,,Posttest,2020-05-26 00:57:01.576000+00:00,2020-05-26 01:01:26.980000+00:00,1,265.404,265.402,628,True,1.0,True,1,0,0,0,0,False,False,False,28654259
PSABCXRT,154170,PRABMK7Y,1,,Posttest,2020-05-26 01:01:28.451000+00:00,2020-05-26 01:03:39.546000+00:00,1,131.095,131.092,1921.68,False,0.0,True,1,0,0,0,0,False,False,False,28654493
PSABCXRT,155104,PRABMJDM,1,,Treatment,2020-05-18 14:20:38.931000+00:00,2020-05-18 14:21:54.136000+00:00,1,75.205,75.191,207.24,True,1.0,True,1,1,0,0,0,False,False,False,26834089
PSABCXRT,155104,PRABMJDE,1,,Treatment,2020-05-18 14:21:55.726000+00:00,2020-05-18 14:23:10.697000+00:00,1,74.971,74.966,351.68,True,1.0,True,1,1,0,0,0,False,False,False,26834966
PSABCXRT,155104,PRABMJC9,1,,Treatment,2020-05-18 14:23:12.468000+00:00,2020-05-18 14:23:56.058000+00:00,1,43.59,43.583,138.16,True,1.0,True,1,1,0,0,0,False,False,False,26835878
PSABCXRT,155104,PRABMK79,1,,Nonexperimental,2020-05-18 14:23:57.194000+00:00,2020-05-18 14:24:03.698000+00:00,1,6.504,6.498,Ok!,True,1.0,True,1,0,0,0,0,False,False,False,26836405
PSABCXRT,155104,PRABMK7S,1,,Posttest,2020-05-18 14:24:05.520000+00:00,2020-05-18 14:24:10.963000+00:00,1,5.443,5.438,Ok!,True,1.0,True,1,0,0,0,0,False,False,False,26836514
PSABCXRT,155104,PRABMK7T,1,,Posttest,2020-05-18 14:24:12.007000+00:00,2020-05-18 14:24:22.475000+00:00,1,10.468,10.463,"Top , Bottom , Side",True,1.0,True,1,0,0,0,0,False,False,False,26836594
PSABCXRT,155104,PRABMK7U,1,,Posttest,2020-05-18 14:24:23.696000+00:00,2020-05-18 14:25:23.651000+00:00,1,59.955,59.95,25.12,True,1.0,True,1,0,0,0,0,False,False,False,26836722
PSABCXRT,155104,PRABMK7V,1,,Posttest,2020-05-18 14:25:26.952000+00:00,2020-05-18 14:26:54.329000+00:00,1,87.377,87.372,65.94,False,0.0,True,1,0,0,0,0,False,False,False,26837459
PSABCXRT,155104,PRABMK7W,1,,Posttest,2020-05-18 14:26:56.082000+00:00,2020-05-18 14:27:24.820000+00:00,1,28.738,28.734,56.52,False,0.0,True,1,0,0,0,0,False,False,False,26838532
PSABCXRT,155104,PRABMK7X,1,,Posttest,2020-05-18 14:27:26.833000+00:00,2020-05-18 14:28:12.523000+00:00,1,45.69,45.684,628,True,1.0,True,1,0,0,0,0,False,False,False,26838932
PSABCXRT,155104,PRABMK7Y,1,,Posttest,2020-05-18 14:28:14.529000+00:00,2020-05-18 14:29:15.986000+00:00,1,61.457,61.448,527.52,False,0.0,True,1,0,0,0,0,False,False,False,26839551
PSABCXRT,156072,PRACKHD,1,,Control,2020-05-22 15:54:53.392000+00:00,2020-05-22 16:06:02.197000+00:00,1,668.805,366.232,150.70,False,0.0,True,2,1,2,0,0,False,False,False,28421773
PSABCXRT,156072,PRACKJP,1,,Control,2020-05-22 16:06:02.902000+00:00,2020-05-22 16:06:55.841000+00:00,1,52.939,52.933,138.16,True,1.0,True,1,1,0,0,0,False,False,False,28426314
PSABCXRT,156072,PRACKGG,1,,Control,2020-05-22 16:06:56.466000+00:00,2020-05-22 16:09:37.402000+00:00,1,160.936,154.073,250.72,False,0.666666666666667,True,2,1,0,0,0,False,False,False,28426622
PSABCXRT,156072,PRACKHJ,1,,Control,2020-05-22 16:09:37.935000+00:00,2020-05-22 16:13:50.561000+00:00,1,252.626,252.62,131.88,True,1.0,True,1,1,0,0,0,False,False,False,28427657
PSABCXRT,156072,PRACKGF,1,,Control,2020-05-22 16:13:51.196000+00:00,2020-05-22 16:20:59.336000+00:00,1,428.14,279.444,89.08,False,0.666666666666667,True,2,1,0,0,0,False,False,False,28429330
PSABCXRT,156072,PRACKH6,1,,Control,2020-05-22 16:20:59.977000+00:00,2020-05-22 16:24:45.659000+00:00,1,225.682,225.677,87.92,True,1.0,True,1,1,0,0,0,False,False,False,28432153
PSABCXRT,156072,PRACKJF,1,,Control,2020-05-22 16:24:47.434000+00:00,2020-05-22 16:26:28.398000+00:00,1,100.964,100.958,244.92,True,1.0,True,1,1,0,0,0,False,False,False,28433719
PSABCXRT,156072,PRACKHW,1,,Control,2020-05-22 16:26:29.572000+00:00,2020-05-22 16:29:48.738000+00:00,1,199.166,199.161,527.52,True,1.0,True,1,1,0,0,0,False,False,False,28434433
PSABCXRT,156072,PRABMK8A,1,,Nonexperimental,2020-05-22 16:29:50.586000+00:00,2020-05-22 16:29:58.390000+00:00,1,7.804,7.799,Ok!,True,1.0,True,1,0,0,0,0,False,False,False,28435744
PSABCXRT,156072,PRABMK7S,1,,Posttest,2020-05-22 16:29:59.969000+00:00,2020-05-22 16:30:05.336000+00:00,1,5.367,5.36,Ok!,True,1.0,True,1,0,0,0,0,False,False,False,28435794
PSABCXRT,156072,PRABMK7T,1,,Posttest,2020-05-22 16:30:06.480000+00:00,2020-05-22 16:30:22.051000+00:00,1,15.571,15.564,"Top , Bottom , Side",True,1.0,True,1,0,0,0,0,False,False,False,28435829
PSABCXRT,156072,PRABMK7U,1,,Posttest,2020-05-22 16:30:23.500000+00:00,2020-05-22 16:31:36.951000+00:00,1,73.451,73.445,25.12,True,1.0,True,1,0,0,0,0,False,False,False,28435928
PSABCXRT,156072,PRABMK7V,1,,Posttest,2020-05-22 16:31:38.560000+00:00,2020-05-22 16:32:32.352000+00:00,1,53.792,53.788,93.2,False,0.0,True,1,0,0,0,0,False,False,False,28436400
PSABCXRT,156072,PRABMK7W,1,,Posttest,2020-05-22 16:32:33.891000+00:00,2020-05-22 16:33:41.392000+00:00,1,67.501,67.496,56.52,False,0.0,True,1,0,0,0,0,False,False,False,28436746
PSABCXRT,156072,PRABMK7X,1,,Posttest,2020-05-22 16:33:42.140000+00:00,2020-05-22 16:36:55.608000+00:00,1,193.468,193.464,392.5,False,0.0,True,1,0,0,0,0,False,False,False,28437214
PSABCXRT,156072,PRABMK7Y,1,,Posttest,2020-05-22 16:36:56.618000+00:00,2020-05-22 16:39:20.543000+00:00,1,143.925,143.921,150.72,False,0.0,True,1,0,0,0,0,False,False,False,28438483
PSABCXRT,158185,PRABMJDR,1,,Treatment,2020-05-19 02:41:54.479000+00:00,2020-05-19 02:43:19.556000+00:00,1,85.077,85.073,244.92,True,1.0,True,1,1,0,0,0,False,False,False,27198605
PSABCXRT,158185,PRABMJDJ,1,,Treatment,2020-05-19 02:43:20.407000+00:00,2020-05-19 02:43:47.719000+00:00,1,27.312,27.31,169.56,True,1.0,True,1,1,0,0,0,False,False,False,27198771
PSABCXRT,158185,PRABMJC9,1,,Treatment,2020-05-19 02:43:49.188000+00:00,2020-05-19 02:44:16.206000+00:00,1,27.018,27.016,138.16,True,1.0,True,1,1,0,0,0,False,False,False,27198832
PSABCXRT,158185,PRABMK79,1,,Nonexperimental,2020-05-19 02:44:17.844000+00:00,2020-05-19 02:44:26.070000+00:00,1,8.226,8.224,Ok!,True,1.0,True,1,0,0,0,0,False,False,False,27198900
PSABCXRT,158185,PRABMK7S,1,,Posttest,2020-05-19 02:44:27.293000+00:00,2020-05-19 02:44:31.336000+00:00,1,4.043,4.041,Ok!,True,1.0,True,1,0,0,0,0,False,False,False,27198920
PSABCXRT,158185,PRABMK7T,1,,Posttest,2020-05-19 02:44:32.800000+00:00,2020-05-19 02:45:17.432000+00:00,1,44.632,44.628,"Top , Bottom , Side",True,1.0,True,1,0,0,0,0,False,False,False,27198937
PSABCXRT,158185,PRABMK7U,1,,Posttest,2020-05-19 02:45:18.283000+00:00,2020-05-19 02:45:52.558000+00:00,1,34.275,34.274,25.12,True,1.0,True,1,0,0,0,0,False,False,False,27199048
PSABCXRT,158185,PRABMK7V,1,,Posttest,2020-05-19 02:45:54.370000+00:00,2020-05-19 02:46:30.217000+00:00,1,35.847,35.845,94.2,True,1.0,True,1,0,0,0,0,False,False,False,27199112
PSABCXRT,158185,PRABMK7W,1,,Posttest,2020-05-19 02:46:31.368000+00:00,2020-05-19 02:46:56.526000+00:00,1,25.158,25.155,56.52,False,0.0,True,1,0,0,0,0,False,False,False,27199189
PSABCXRT,158185,PRABMK7X,1,,Posttest,2020-05-19 02:46:57.517000+00:00,2020-05-19 02:47:40.949000+00:00,1,43.432,43.43,628,True,1.0,True,1,0,0,0,0,False,False,False,27199240
PSABCXRT,158185,PRABMK7Y,1,,Posttest,2020-05-19 02:47:41.813000+00:00,2020-05-19 02:48:32.775000+00:00,1,50.962,50.958,339.12,False,0.0,True,1,0,0,0,0,False,False,False,27199329
PSABCXRT,158695,PRACKHW,1,,Control,2020-05-22 15:53:42.462000+00:00,2020-05-22 15:59:04.101000+00:00,1,321.639,321.632,527.52,True,1.0,True,1,1,0,0,0,False,False,False,28421286
PSABCXRT,158695,PRACKGW,1,,Control,2020-05-22 15:59:05.510000+00:00,2020-05-22 16:01:04.757000+00:00,1,119.247,119.242,62.8,True,1.0,True,1,1,0,0,0,False,False,False,28423475
PSABCXRT,158695,PRACKHV,1,,Control,2020-05-22 16:01:05.984000+00:00,2020-05-22 16:03:41.978000+00:00,1,155.994,155.991,471,True,1.0,True,1,1,0,0,0,False,False,False,28424309
PSABCXRT,158695,PRABMK8A,1,,Nonexperimental,2020-05-22 16:03:46.018000+00:00,2020-05-22 16:04:04.650000+00:00,1,18.632,18.628,Ok!,True,1.0,True,1,0,0,0,0,False,False,False,28425384
PSABCXRT,158695,PRABMK7S,1,,Posttest,2020-05-22 16:04:05.821000+00:00,2020-05-22 16:04:18.796000+00:00,1,12.975,12.969,Ok!,True,1.0,True,1,0,0,0,0,False,False,False,28425534
PSABCXRT,158695,PRABMK7T,1,,Posttest,2020-05-22 16:04:19.563000+00:00,2020-05-22 16:04:33.570000+00:00,1,14.007,14.004,"Top , Bottom , Side",True,1.0,True,1,0,0,0,0,False,False,False,28425638
PSABCXRT,158695,PRABMK7U,1,,Posttest,2020-05-22 16:04:39.050000+00:00,2020-05-22 16:06:39.759000+00:00,1,120.709,120.706,25.12,True,1.0,True,1,0,0,0,0,False,False,False,28425771
PSABCXRT,158695,PRABMK7V,1,,Posttest,2020-05-22 16:06:41.092000+00:00,2020-05-22 16:08:39.659000+00:00,1,118.567,118.564,94.2,True,1.0,True,1,0,0,0,0,False,False,False,28426546
PSABCXRT,158695,PRABMK7W,1,,Posttest,2020-05-22 16:08:40.816000+00:00,2020-05-24 18:32:11.988000+00:00,1,181411.172,181411.131,56.52,False,0.0,True,1,0,0,0,0,False,False,False,28427246
PSABCXRT,158695,PRABMK7X,1,,Posttest,2020-05-24 18:32:13.616000+00:00,2020-05-24 18:39:32.879000+00:00,1,439.263,439.258,628,True,1.0,True,1,0,0,0,0,False,False,False,28600131
PSABCXRT,158695,PRABMK7Y,1,,Posttest,2020-05-24 18:39:36.566000+00:00,2020-05-24 18:48:06.439000+00:00,1,509.873,509.867,414.48,True,1.0,True,1,0,0,0,0,False,False,False,28600383
PSABCXRT,159637,PRACKGG,1,,Control,2020-05-25 00:53:51.345000+00:00,2020-05-25 00:54:47.954000+00:00,1,56.609,56.6,150.72,True,1.0,True,1,1,0,0,0,False,False,False,28610526
PSABCXRT,159637,PRACKHD,1,,Control,2020-05-25 00:54:48.598000+00:00,2020-05-25 00:55:17.587000+00:00,1,28.989,28.984,150.72,True,1.0,True,1,1,0,0,0,False,False,False,28610552
PSABCXRT,159637,PRACKG6,1,,Control,2020-05-25 00:55:18.309000+00:00,2020-05-25 00:55:40.030000+00:00,1,21.721,21.717,138.16,True,1.0,True,1,1,0,0,0,False,False,False,28610566
PSABCXRT,159637,PRABMK8A,1,,Nonexperimental,2020-05-25 00:55:40.814000+00:00,2020-05-25 00:55:47.167000+00:00,1,6.353,6.35,Ok!,True,1.0,True,1,0,0,0,0,False,False,False,28610578
PSABCXRT,159637,PRABMK7S,1,,Posttest,2020-05-25 00:55:48.512000+00:00,2020-05-25 00:55:51.694000+00:00,1,3.182,3.18,Ok!,True,1.0,True,1,0,0,0,0,False,False,False,28610585
PSABCXRT,159637,PRABMK7T,1,,Posttest,2020-05-25 00:55:52.521000+00:00,2020-05-25 00:56:05.275000+00:00,1,12.754,12.752,"Top , Bottom , Side",True,1.0,True,1,0,0,0,0,False,False,False,28610589
PSABCXRT,159637,PRABMK7U,1,,Posttest,2020-05-25 00:56:06.055000+00:00,2020-05-25 00:56:36.291000+00:00,1,30.236,30.231,25.12,True,1.0,True,1,0,0,0,0,False,False,False,28610596
PSABCXRT,159637,PRABMK7V,1,,Posttest,2020-05-25 00:56:37.068000+00:00,2020-05-25 00:57:09.072000+00:00,1,32.004,31.999,94.2,True,1.0,True,1,0,0,0,0,False,False,False,28610616
PSABCXRT,159637,PRABMK7W,1,,Posttest,2020-05-25 00:57:09.955000+00:00,2020-05-25 00:57:46.957000+00:00,1,37.002,36.999,56.52,False,0.0,True,1,0,0,0,0,False,False,False,28610630
PSABCXRT,159637,PRABMK7X,1,,Posttest,2020-05-25 00:57:47.736000+00:00,2020-05-25 00:58:07.408000+00:00,1,19.672,19.668,628,True,1.0,True,1,0,0,0,0,False,False,False,28610650
PSABCXRT,159637,PRABMK7Y,1,,Posttest,2020-05-25 00:58:08.582000+00:00,2020-05-25 00:58:48.529000+00:00,1,39.947,39.943,414.48,True,1.0,True,1,0,0,0,0,False,False,False,28610656
PSABCXRT,159669,PRACKJW,1,,Control,2020-05-18 14:31:18.344000+00:00,2020-05-18 16:05:11.959000+00:00,2,5633.615,5570.14,266.9,False,0.666666666666667,True,2,1,0,0,0,False,False,False,26841928
PSABCXRT,159669,PRACKH3,1,,Control,2020-05-18 16:05:12.517000+00:00,2020-05-18 16:07:37.845000+00:00,1,145.328,145.317,408.2,True,1.0,True,1,1,0,0,0,False,False,False,26919038
PSABCXRT,159669,PRACKJH,1,,Control,2020-05-18 16:07:38.494000+00:00,2020-05-18 16:09:14.333000+00:00,1,95.839,95.835,75.36,True,1.0,True,1,1,0,0,0,False,False,False,26921219
PSABCXRT,159669,PRACKGF,1,,Control,2020-05-18 16:09:14.879000+00:00,2020-05-18 16:12:45.993000+00:00,1,211.114,211.11,125.6,True,1.0,True,1,1,0,0,0,False,False,False,26922577
PSABCXRT,159669,PRABMK8A,1,,Nonexperimental,2020-05-18 16:12:46.798000+00:00,2020-05-18 16:12:50.935000+00:00,1,4.137,4.132,Ok!,True,1.0,True,1,0,0,0,0,False,False,False,26925559
PSABCXRT,159669,PRABMK7S,1,,Posttest,2020-05-18 16:12:52.341000+00:00,2020-05-18 16:12:56.002000+00:00,1,3.661,3.657,Ok!,True,1.0,True,1,0,0,0,0,False,False,False,26925654
PSABCXRT,159669,PRABMK7T,1,,Posttest,2020-05-18 16:12:58.971000+00:00,2020-05-18 16:13:10.361000+00:00,1,11.39,11.385,"Top , Bottom , Side",True,1.0,True,1,0,0,0,0,False,False,False,26925763
PSABCXRT,159669,PRABMK7U,1,,Posttest,2020-05-18 16:13:11.371000+00:00,2020-05-18 16:17:36.336000+00:00,1,264.965,264.955,12.56,False,0.0,True,1,0,0,0,0,False,False,False,26925946
PSABCXRT,159669,PRABMK7V,1,,Posttest,2020-05-18 16:17:39.048000+00:00,2020-05-18 16:21:21.985000+00:00,1,222.937,222.933,113.04,False,0.0,True,1,0,0,0,0,False,False,False,26929836
PSABCXRT,159669,PRABMK7W,1,,Posttest,2020-05-18 16:21:22.891000+00:00,2020-05-18 16:22:25.449000+00:00,1,62.558,62.55,56.52,False,0.0,True,1,0,0,0,0,False,False,False,26933050
PSABCXRT,159669,PRABMK7X,1,,Posttest,2020-05-18 16:22:25.932000+00:00,2020-05-18 16:26:41.012000+00:00,1,255.08,255.074,4082,False,0.0,True,1,0,0,0,0,False,False,False,26934014
PSABCXRT,159669,PRABMK7Y,1,,Posttest,2020-05-18 16:26:41.597000+00:00,2020-05-18 16:28:26.519000+00:00,1,104.922,104.919,226.08,False,0.0,True,1,0,0,0,0,False,False,False,26937396
PSABCXRT,165245,PRACKGK,1,,Control,2020-05-18 14:15:18.453000+00:00,2020-05-18 14:27:35.209000+00:00,1,736.756,181.693,882.2144,False,0.666666666666667,True,2,1,0,0,0,False,False,False,26829967
PSABCXRT,165245,PRACKGF,1,,Control,2020-05-18 14:27:38.809000+00:00,2020-05-18 14:29:44.943000+00:00,1,126.134,126.132,125.6,True,1.0,True,1,1,0,0,0,False,False,False,26839074
PSABCXRT,165245,PRACKG6,1,,Control,2020-05-18 14:29:46.422000+00:00,2020-05-18 14:33:56.533000+00:00,1,250.111,250.099,138.16,True,1.0,True,1,1,0,0,0,False,False,False,26840712
PSABCXRT,165245,PRACKJH,1,,Control,2020-05-18 14:33:58.113000+00:00,2020-05-18 14:38:09.067000+00:00,1,250.954,250.94,75.36,True,1.0,True,1,1,0,0,0,False,False,False,26844101
PSABCXRT,165245,PRABMK8A,1,,Nonexperimental,2020-05-18 14:38:10.428000+00:00,2020-05-18 14:38:13.913000+00:00,1,3.485,3.48,Ok!,True,1.0,True,1,0,0,0,0,False,False,False,26847500
PSABCXRT,165245,PRABMK7S,1,,Posttest,2020-05-18 14:38:15.445000+00:00,2020-05-18 14:38:28.689000+00:00,1,13.244,13.239,Ok!,True,1.0,True,1,0,0,0,0,False,False,False,26847578
PSABCXRT,165245,PRABMK7T,1,,Posttest,2020-05-18 14:38:38.796000+00:00,2020-05-18 14:38:54.121000+00:00,1,15.325,15.318,"Top , Bottom , Side",True,1.0,True,1,0,0,0,0,False,False,False,26848013
PSABCXRT,165245,PRABMK7U,1,,Posttest,2020-05-18 14:38:55.145000+00:00,2020-05-18 14:40:55.469000+00:00,1,120.324,120.318,25.12,True,1.0,True,1,0,0,0,0,False,False,False,26848096
PSABCXRT,165245,PRABMK7V,1,,Posttest,2020-05-18 14:40:56.553000+00:00,2020-05-18 14:42:13.382000+00:00,1,76.829,76.827,94.2,True,1.0,True,1,0,0,0,0,False,False,False,26849787
PSABCXRT,165245,PRABMK7W,1,,Posttest,2020-05-18 14:42:15.261000+00:00,2020-05-18 14:43:24.217000+00:00,1,68.956,68.949,56.52,False,0.0,True,1,0,0,0,0,False,False,False,26850837
PSABCXRT,165245,PRABMK7X,1,,Posttest,2020-05-18 14:43:25.261000+00:00,2020-05-18 14:45:34.234000+00:00,1,128.973,128.968,628,True,1.0,True,1,0,0,0,0,False,False,False,26851784
PSABCXRT,165245,PRABMK7Y,1,,Posttest,2020-05-18 14:45:35.505000+00:00,2020-05-18 14:48:06.259000+00:00,1,150.754,150.749,414.48,True,1.0,True,1,0,0,0,0,False,False,False,26853611
PSABCXRT,660274,PRACKHW,1,,Control,2021-04-23 15:54:41.908000+00:00,2021-04-23 17:26:09.867000+00:00,1,5487.959,139.12,527.52,False,0.0,False,1,1,1,0,0,False,False,True,120507392
PSABCXRT,660274,PRACKH6,1,,Control,2021-04-23 17:26:12.146000+00:00,,1,,,,,,,0,1,0,0,0,False,False,False,120554195
PSABCXRT,660291,PRABMJC7,1,,Treatment,2021-05-13 14:27:12.304000+00:00,,1,,,,,,,0,1,0,0,0,False,False,False,124793685
PSABCXRT,660300,PRABMJDC,1,,Treatment,2021-04-23 15:07:22.424000+00:00,,1,,,,,,,0,1,0,0,0,False,False,False,120483757
PSABCXRT,660318,PRABMJDR,1,,Treatment,2021-04-23 15:04:47.682000+00:00,2021-04-23 15:13:55.047000+00:00,1,547.365,267.492,0,False,0.0,True,3,1,1,0,0,False,False,True,120482582
PSABCXRT,660318,PRABMJDP,1,,Treatment,2021-04-23 15:13:56.865000+00:00,2021-04-23 15:17:22.883000+00:00,1,206.018,80.212,150.72,False,0.0,True,3,1,2,0,0,False,False,True,120486792
PSABCXRT,660318,PRABMJDE,1,,Treatment,2021-04-23 15:17:24.654000+00:00,2021-04-23 15:19:27.322000+00:00,1,122.668,28.321,251.2,False,0.0,True,3,1,1,0,0,False,False,True,120488537
PSABCXRT,660318,PRABMJDD,1,,Treatment,2021-04-23 15:19:28.041000+00:00,2021-04-23 15:20:50.372000+00:00,1,82.331,82.326,75.36,True,1.0,True,1,1,0,0,0,False,False,False,120489582
PSABCXRT,660318,PRABMJDS,1,,Treatment,2021-04-23 15:20:51.356000+00:00,2021-04-23 15:25:22.303000+00:00,1,270.947,270.922,37.68,True,1.0,True,1,1,0,0,0,False,False,False,120490352
PSABCXRT,660318,PRABMJDM,1,,Treatment,2021-04-23 15:25:23.393000+00:00,2021-04-23 15:26:55.219000+00:00,1,91.826,91.821,207.24,True,1.0,True,1,1,0,0,0,False,False,False,120492580
PSABCXRT,660318,PRABMK79,1,,Nonexperimental,2021-04-23 15:26:56.068000+00:00,2021-04-23 15:26:58.737000+00:00,1,2.669,2.665,Ok!,True,1.0,True,1,0,0,0,0,False,False,False,120493442
PSABCXRT,660318,PRABMK7S,1,,Posttest,2021-04-23 15:27:00.129000+00:00,2021-04-23 15:27:03.027000+00:00,1,2.898,2.894,Ok!,True,1.0,True,1,0,0,0,0,False,False,False,120493476
PSABCXRT,660318,PRABMK7T,1,,Posttest,2021-04-23 15:27:04.481000+00:00,2021-04-23 15:27:57.121000+00:00,1,52.64,52.622,"Top , Bottom",False,0.0,True,1,0,0,0,0,False,False,False,120493515
PSABCXRT,660318,PRABMK7U,1,,Posttest,2021-04-23 15:27:58.564000+00:00,2021-04-23 15:29:44.949000+00:00,1,106.385,106.361,25.13,False,0.0,True,1,0,0,0,0,False,False,False,120494026
PSABCXRT,660318,PRABMK7V,1,,Posttest,2021-04-23 15:29:46.116000+00:00,2021-04-23 15:30:22.861000+00:00,1,36.745,36.74,0,False,0.0,True,1,0,0,0,0,False,False,False,120494966
PSABCXRT,660318,PRABMK7W,1,,Posttest,2021-04-23 15:30:23.469000+00:00,2021-04-23 15:31:16.186000+00:00,1,52.717,52.711,0,False,0.0,True,1,0,0,0,0,False,False,False,120495288
PSABCXRT,660318,PRABMK7X,1,,Posttest,2021-04-23 15:31:16.742000+00:00,2021-04-23 15:31:54.220000+00:00,1,37.478,37.472,282.6,False,0.0,True,1,0,0,0,0,False,False,False,120495721
PSABCXRT,660318,PRABMK7Y,1,,Posttest,2021-04-23 15:31:54.835000+00:00,2021-04-23 15:32:47.170000+00:00,1,52.335,52.331,602.88,False,0.0,True,1,0,0,0,0,False,False,False,120496043
PSABCXRT,660319,PRACKJV,1,,Control,2021-04-23 15:26:12.660000+00:00,2021-04-23 15:55:27.227000+00:00,2,1754.567,1665.789,0,False,0.0,True,2,1,1,0,0,False,False,True,120493018
PSABCXRT,660319,PRACKHJ,1,,Control,2021-04-23 15:55:31.642000+00:00,,2,673.664,673.664,3/8,False,0.666666666666667,True,1,1,0,0,0,False,False,False,120507851
PSABCXRT,660326,PRABMJDE,1,,Treatment,2021-04-23 15:05:50.877000+00:00,2021-04-23 15:36:35.206000+00:00,4,1844.329,772.849,40,False,0.0,True,4,1,1,0,0,False,False,True,120483103
PSABCXRT,660326,PRABMJC8,1,,Treatment,2021-04-23 15:36:36.926000+00:00,,1,1376.087,1060.072,1,False,0.333333333333333,True,2,1,0,0,0,False,False,False,120498400
PSABCXRT,660347,PRABMJDK,1,,Treatment,2021-04-23 15:06:22.190000+00:00,2021-04-23 15:07:29.378000+00:00,1,67.188,37.046,78.75,False,0.0,True,2,1,1,0,0,False,False,True,120483319
PSABCXRT,660347,PRABMJDD,1,,Treatment,2021-04-23 15:07:32.350000+00:00,2021-04-23 15:13:12.381000+00:00,1,340.031,310.521,28.26,False,0.0,True,2,1,1,0,0,False,False,True,120483849
PSABCXRT,660347,PRABMJC7,1,,Treatment,2021-04-23 15:13:30.193000+00:00,2021-04-23 15:14:42.132000+00:00,1,71.939,44.324,34.4,False,0.0,True,2,1,0,0,0,False,False,True,120486605
PSABCXRT,660347,PRABMJC9,1,,Treatment,2021-04-23 15:14:48.370000+00:00,2021-04-23 15:16:51.351000+00:00,1,122.981,104.674,138.16,False,0.0,False,1,1,1,0,0,False,False,True,120487238
PSABCXRT,660347,PRABMJDS,1,,Treatment,2021-04-23 15:16:58.204000+00:00,2021-04-23 15:23:02.769000+00:00,1,364.565,343.17,23.84,False,0.0,True,2,1,1,0,0,False,False,True,120488339
PSABCXRT,660347,PRABMJDC,1,,Treatment,2021-04-23 15:23:05.956000+00:00,2021-04-23 15:24:49.476000+00:00,1,103.52,75.494,201.06,False,0.0,True,2,1,1,0,0,False,False,True,120491396
PSABCXRT,660347,PRABMJDR,1,,Treatment,2021-04-23 15:24:52.950000+00:00,2021-04-23 15:28:06.638000+00:00,1,193.688,150.002,31.4,False,0.0,True,2,1,1,0,0,False,False,True,120492321
PSABCXRT,660347,PRABMJDE,1,,Treatment,2021-04-23 15:28:11.247000+00:00,2021-04-23 15:31:56.160000+00:00,1,224.913,224.652,351.68,True,1.0,True,1,1,0,0,0,False,False,False,120494149
PSABCXRT,660347,PRABMJDB,1,,Treatment,2021-04-23 15:32:00.465000+00:00,2021-04-23 15:33:12.923000+00:00,1,72.458,72.423,62.8,True,1.0,True,1,1,0,0,0,False,False,False,120496105
PSABCXRT,660347,PRABMJDN,1,,Treatment,2021-04-23 15:33:16.584000+00:00,2021-04-23 15:43:55.085000+00:00,1,638.501,638.427,471,True,1.0,True,1,1,0,0,0,False,False,False,120496739
PSABCXRT,660347,PRABMK79,1,,Nonexperimental,2021-04-23 15:43:59.583000+00:00,2021-04-23 15:44:03.793000+00:00,1,4.21,4.19,Ok!,True,1.0,True,1,0,0,0,0,False,False,False,120501868
PSABCXRT,660347,PRABMK7S,1,,Posttest,2021-04-23 15:44:07.883000+00:00,2021-04-23 15:44:11.642000+00:00,1,3.759,3.727,Ok!,True,1.0,True,1,0,0,0,0,False,False,False,120501928
PSABCXRT,660347,PRABMK7T,1,,Posttest,2021-04-23 15:44:14.023000+00:00,2021-04-23 15:44:29.801000+00:00,1,15.778,15.769,"Top , Bottom , Side",True,1.0,True,1,0,0,0,0,False,False,False,120501970
PSABCXRT,660347,PRABMK7U,1,,Posttest,2021-04-23 15:44:32.635000+00:00,2021-04-23 15:45:13.056000+00:00,1,40.421,40.39,25.12,True,1.0,True,1,0,0,0,0,False,False,False,120502113
PSABCXRT,660347,PRABMK7V,1,,Posttest,2021-04-23 15:45:18.453000+00:00,2021-04-23 15:47:11.204000+00:00,1,112.751,112.704,12.56,False,0.0,True,1,0,0,0,0,False,False,False,120502425
PSABCXRT,660347,PRABMK7W,1,,Posttest,2021-04-23 15:47:13.844000+00:00,2021-04-23 15:48:46.562000+00:00,1,92.718,92.697,113.04,True,1.0,True,1,0,0,0,0,False,False,False,120503356
PSABCXRT,660347,PRABMK7X,1,,Posttest,2021-04-23 15:48:48.774000+00:00,2021-04-23 15:50:00.696000+00:00,1,71.922,71.895,628,True,1.0,True,1,0,0,0,0,False,False,False,120504194
PSABCXRT,660347,PRABMK7Y,1,,Posttest,2021-04-23 15:50:02.779000+00:00,2021-04-23 15:51:12.099000+00:00,1,69.32,69.307,527.52,False,0.0,True,1,0,0,0,0,False,False,False,120504817
PSABCXRT,660366,PRACKGG,1,,Control,2021-05-14 02:35:46.782000+00:00,,1,63.068,63.068,9,False,0.666666666666667,True,1,1,0,0,0,False,False,False,125007146
PSABCXRT,660377,PRABMJC7,1,,Treatment,2021-04-23 15:05:11.247000+00:00,2021-04-23 15:13:15.374000+00:00,1,484.127,316.711,235.5,False,0.0,True,3,1,0,0,0,False,False,True,120482766
PSABCXRT,660377,PRABMJDK,1,,Treatment,2021-04-23 15:13:18.589000+00:00,,1,2003.602,1652.639,0,False,0.333333333333333,True,2,1,0,0,0,False,False,False,120486502
PSABCXRT,660398,PRABMJDJ,1,,Treatment,2021-04-23 15:11:50.446000+00:00,2021-04-23 15:23:58.928000+00:00,1,728.482,728.263,169.56,True,1.0,True,1,1,0,0,0,False,False,False,120485901
PSABCXRT,660398,PRABMJDH,1,,Treatment,2021-04-23 15:24:07.437000+00:00,2021-04-23 15:26:52.905000+00:00,1,165.468,75.915,10,False,0.0,True,3,1,1,0,0,False,False,True,120491889
PSABCXRT,660398,PRABMJDS,1,,Treatment,2021-04-23 15:26:59.830000+00:00,2021-04-23 15:42:31.540000+00:00,1,931.71,321.825,21.98,False,0.0,True,3,1,1,0,0,False,False,True,120493474
PSABCXRT,660398,PRABMJDK,1,,Treatment,2021-04-23 15:42:36.011000+00:00,2021-04-23 15:59:38.630000+00:00,2,1022.619,104.107,471,False,0.0,True,3,1,1,0,0,False,False,True,120501243
PSABCXRT,660398,PRABMJDR,1,,Treatment,2021-04-23 15:59:46.899000+00:00,,1,43.806,43.806,1130.4,False,0.666666666666667,True,1,1,0,0,0,False,False,False,120510157
PSABCXRT,660400,PRACKHD,1,,Control,2021-04-23 20:53:13.320000+00:00,2021-04-23 20:55:06.246000+00:00,1,112.926,39.621,125.6,False,0.0,True,3,1,2,0,0,False,False,True,120626250
PSABCXRT,660400,PRACKHJ,1,,Control,2021-04-23 20:55:07.635000+00:00,2021-04-23 21:06:49.062000+00:00,1,701.427,16.859,113.04,False,0.0,True,4,1,2,0,0,False,False,True,120626541
PSABCXRT,660400,PRACKH3,1,,Control,2021-04-23 21:06:50.029000+00:00,2021-04-23 21:11:54.203000+00:00,1,304.174,149.922,345.4,False,0.0,True,2,1,1,0,0,False,False,True,120628603
PSABCXRT,660400,PRACKHX,1,,Control,2021-04-23 21:11:55.240000+00:00,2021-04-23 21:16:55.984000+00:00,1,300.744,164.213,43.96,False,0.0,True,3,1,1,0,0,False,False,True,120629430
PSABCXRT,660400,PRACKH6,1,,Control,2021-04-23 21:16:57.361000+00:00,2021-04-23 21:18:52.552000+00:00,1,115.191,115.188,87.92,True,1.0,True,1,1,0,0,0,False,False,False,120630172
PSABCXRT,660400,PRACKGF,1,,Control,2021-04-23 21:18:53.205000+00:00,2021-04-23 21:21:20.212000+00:00,1,147.007,90.24,37.68,False,0.0,True,2,1,0,0,0,False,False,True,120630453
PSABCXRT,660400,PRACKHV,1,,Control,2021-04-23 21:21:20.956000+00:00,2021-04-23 21:22:59.008000+00:00,1,98.052,98.049,471,True,1.0,True,1,1,0,0,0,False,False,False,120630802
PSABCXRT,660400,PRACKJZ,1,,Control,2021-04-23 21:22:59.892000+00:00,2021-04-23 21:25:36.504000+00:00,1,156.612,31.474,116.04,False,0.0,True,2,1,1,0,0,False,False,True,120631045
PSABCXRT,660400,PRACKJW,1,,Control,2021-04-23 21:25:37.079000+00:00,2021-04-23 21:27:38.584000+00:00,1,121.505,121.502,345.4,True,1.0,True,1,1,0,0,0,False,False,False,120631515
PSABCXRT,660400,PRACKH2,1,,Control,2021-04-23 21:27:39.437000+00:00,2021-04-23 21:29:56.345000+00:00,1,136.908,136.906,75.36,True,1.0,True,1,1,0,0,0,False,False,False,120631771
PSABCXRT,660400,PRACKHW,1,,Control,2021-04-23 21:29:57.601000+00:00,2021-04-23 21:32:58.089000+00:00,1,180.488,180.485,527.52,True,1.0,True,1,1,0,0,0,False,False,False,120632058
PSABCXRT,660400,PRABMK8A,1,,Nonexperimental,2021-04-23 21:32:59.116000+00:00,2021-04-23 21:33:05.079000+00:00,1,5.963,5.96,Ok!,True,1.0,True,1,0,0,0,0,False,False,False,120632471
PSABCXRT,660400,PRABMK7S,1,,Posttest,2021-04-23 21:33:06.391000+00:00,2021-04-23 21:33:09.611000+00:00,1,3.22,3.218,Ok!,True,1.0,True,1,0,0,0,0,False,False,False,120632487
PSABCXRT,660400,PRABMK7T,1,,Posttest,2021-04-23 21:33:11.997000+00:00,2021-04-23 21:33:18.630000+00:00,1,6.633,6.63,"Top , Bottom , Side",True,1.0,True,1,0,0,0,0,False,False,False,120632505
PSABCXRT,660400,PRABMK7U,1,,Posttest,2021-04-23 21:33:19.630000+00:00,2021-04-23 21:34:19.022000+00:00,1,59.392,59.39,25.12,True,1.0,True,1,0,0,0,0,False,False,False,120632523
PSABCXRT,660400,PRABMK7V,1,,Posttest,2021-04-23 21:34:20.274000+00:00,2021-04-23 21:34:55.059000+00:00,1,34.785,34.783,94.2,True,1.0,True,1,0,0,0,0,False,False,False,120632656
PSABCXRT,660400,PRABMK7W,1,,Posttest,2021-04-23 21:34:55.651000+00:00,2021-04-23 21:36:02.904000+00:00,1,67.253,67.25,113.04,True,1.0,True,1,0,0,0,0,False,False,False,120632720
PSABCXRT,660400,PRABMK7X,1,,Posttest,2021-04-23 21:36:04.705000+00:00,2021-04-23 21:36:58.260000+00:00,1,53.555,53.552,471,False,0.0,True,1,0,0,0,0,False,False,False,120632881
PSABCXRT,660400,PRABMK7Y,1,,Posttest,2021-04-23 21:36:58.954000+00:00,2021-04-23 21:37:43.028000+00:00,1,44.074,44.072,527.52,False,0.0,True,1,0,0,0,0,False,False,False,120632978
PSABCXRT,660412,PRACKH2,1,,Control,2021-04-23 15:16:43.248000+00:00,2021-04-23 15:24:17.384000+00:00,1,454.136,317.153,20096,False,0.0,True,2,1,1,0,0,False,False,True,120488212
PSABCXRT,660412,PRACKHJ,1,,Control,2021-04-23 15:24:20.426000+00:00,2021-04-23 15:34:46.306000+00:00,1,625.88,457.393,67.8,False,0.666666666666667,True,2,1,0,0,0,False,False,False,120491999
PSABCXRT,660412,PRACKJV,1,,Control,2021-04-23 15:35:17.115000+00:00,2021-04-23 15:42:36.629000+00:00,1,439.514,72.023,452.6,False,0.0,False,2,1,1,0,0,False,False,True,120497731
PSABCXRT,660412,PRACKJW,1,,Control,2021-04-23 15:42:50.427000+00:00,2021-04-23 15:49:57.853000+00:00,1,427.426,106.799,246.54,False,0.0,True,3,1,1,0,0,False,False,True,120501371
PSABCXRT,660412,PRACKH3,1,,Control,2021-04-23 15:50:02.482000+00:00,2021-04-23 15:54:39.702000+00:00,1,277.22,206.163,1020.5,False,0.0,True,2,1,1,0,0,False,False,True,120504816
PSABCXRT,660412,PRACKJC,1,,Control,2021-04-23 15:54:42.480000+00:00,,1,332.49,332.49,28.49,False,0.666666666666667,True,1,1,0,0,0,False,False,False,120507401
PSABCXRT,660423,PRACKHD,1,,Control,2021-04-23 15:21:23.959000+00:00,2021-04-23 15:23:55.274000+00:00,1,151.315,67.401,0,False,0.0,True,2,1,2,0,0,False,False,True,120490614
PSABCXRT,660423,PRACKJP,1,,Control,2021-04-23 15:23:58.971000+00:00,2021-04-23 15:30:14.376000+00:00,1,375.405,339.013,113.1,False,0.0,True,2,1,1,0,0,False,False,True,120491813
PSABCXRT,660423,PRACKH2,1,,Control,2021-04-23 15:30:15.885000+00:00,,1,,,,,,,0,1,0,0,0,False,False,False,120495226
PSABCXRT,660508,PRACKH3,1,,Control,2021-06-09 22:11:07.787000+00:00,2021-06-09 22:14:27.344000+00:00,1,199.557,158.506,14,False,0.0,True,2,1,1,0,0,False,False,True,127791594
PSABCXRT,660508,PRACKJC,1,,Control,2021-06-09 22:14:29.922000+00:00,2021-06-09 22:16:44.575000+00:00,1,134.653,10.316,408.2,False,0.0,True,3,1,1,0,0,False,False,True,127791690
PSABCXRT,660508,PRACKJP,1,,Control,2021-06-09 22:16:52.450000+00:00,2021-06-09 22:17:05.874000+00:00,1,13.424,2.267,138.16,False,0.0,False,1,1,1,0,0,False,False,True,127791757
PSABCXRT,660508,PRACKGG,1,,Control,2021-06-09 22:17:09.784000+00:00,2021-06-09 22:17:55.985000+00:00,1,46.201,22.634,150.72,False,0.0,False,1,1,0,0,0,False,False,True,127791767
PSABCXRT,660508,PRACKJF,1,,Control,2021-06-09 22:17:58.730000+00:00,2021-06-09 22:18:14.962000+00:00,1,16.232,4.885,244.92,False,0.0,False,1,1,1,0,0,False,False,True,127791786
PSABCXRT,660508,PRACKG6,1,,Control,2021-06-09 22:18:17.255000+00:00,2021-06-09 22:18:35.475000+00:00,1,18.22,4.137,138.16,False,0.0,False,1,1,2,0,0,False,False,True,127791794
PSABCXRT,660508,PRACKHV,1,,Control,2021-06-09 22:18:37.660000+00:00,2021-06-09 22:18:55.073000+00:00,1,17.413,9.299,471,False,0.0,False,1,1,1,0,0,False,False,True,127791799
PSABCXRT,660508,PRACKHJ,1,,Control,2021-06-09 22:18:58.276000+00:00,2021-06-09 22:19:12.635000+00:00,1,14.359,3.374,131.88,False,0.0,False,1,1,2,0,0,False,False,True,127791809
PSABCXRT,660555,PRABMJDA,1,,Treatment,2021-05-17 00:42:49.855000+00:00,,1,,,,,,,0,1,0,0,0,False,False,False,125245195
PSABCXRT,699590,PRABMJDN,1,,Treatment,2021-05-21 14:14:24.741000+00:00,2021-05-21 14:26:58.459000+00:00,1,753.718,90.811,628,False,0.666666666666667,True,2,1,0,0,0,False,False,False,126274499
PSABCXRT,699590,PRABMJDR,1,,Treatment,2021-05-21 14:27:00.662000+00:00,2021-05-21 14:29:30.055000+00:00,1,149.393,149.391,244.92,True,1.0,True,1,1,0,0,0,False,False,False,126277685
PSABCXRT,699590,PRABMJC7,1,,Treatment,2021-05-21 14:29:31.102000+00:00,2021-05-21 14:32:17.621000+00:00,1,166.519,166.517,150.72,True,1.0,True,1,1,0,0,0,False,False,False,126278261
PSABCXRT,699590,PRABMJC8,1,,Treatment,2021-05-21 14:32:18.528000+00:00,,1,,,,,,,0,1,0,0,0,False,False,False,126278971
PSABCXRT,723750,PRACKGG,1,,Control,2021-05-20 17:22:19.509000+00:00,,1,,,,,,,0,1,0,0,0,False,False,False,126133694
PSABCXRT,724134,PRACKH2,1,,Control,2021-05-11 23:31:40.619000+00:00,2021-05-11 23:32:45.323000+00:00,1,64.704,64.695,75.36,True,1.0,True,1,1,0,0,0,False,False,False,124449323
PSABCXRT,724134,PRACKG6,1,,Control,2021-05-11 23:32:47.074000+00:00,,1,22.735,22.735,150.72,False,0.666666666666667,True,1,1,0,0,0,False,False,False,124449453
PSABCXRT,724519,PRABMJDE,1,,Treatment,2021-04-29 13:31:58.607000+00:00,2021-04-29 13:34:20.593000+00:00,1,141.986,32.486,351.68,False,0.0,False,1,1,1,0,0,False,False,True,121754698
PSABCXRT,724519,PRABMJDH,1,,Treatment,2021-04-29 13:34:35.609000+00:00,2021-04-29 13:35:36.015000+00:00,2,60.406,24.358,87.92,False,0.0,False,1,1,1,0,0,False,False,True,121755892
PSABCXRT,724519,PRABMJDD,1,,Treatment,2021-04-29 13:35:38.515000+00:00,2021-04-29 13:36:15.304000+00:00,1,36.789,28.204,75.36,False,0.0,False,1,1,1,0,0,False,False,True,121756372
PSABCXRT,724519,PRABMJDP,1,,Treatment,2021-04-29 13:36:16.621000+00:00,2021-04-29 13:53:36.020000+00:00,2,1039.399,1.485,3,False,0.0,False,18,1,2,0,0,False,False,True,121756654
PSABCXRT,724519,PRABMJDK,1,,Treatment,2021-04-29 13:53:38.062000+00:00,2021-04-29 13:53:59.439000+00:00,1,21.377,13.276,345.4,False,0.0,False,1,1,1,0,0,False,False,True,121765507
PSABCXRT,724519,PRABMJC7,1,,Treatment,2021-04-29 13:54:01.594000+00:00,2021-04-29 13:54:18.795000+00:00,1,17.201,1.914,150.72,False,0.0,False,1,1,0,0,0,False,False,True,121765731
PSABCXRT,724519,PRABMJDJ,1,,Treatment,2021-04-29 13:54:21.353000+00:00,2021-04-29 13:55:12.019000+00:00,1,50.666,15.226,169.56,False,0.0,False,1,1,1,0,0,False,False,True,121765906
PSABCXRT,724519,PRABMJDA,1,,Treatment,2021-04-29 13:55:12.720000+00:00,2021-04-29 13:57:56.694000+00:00,1,163.974,130.852,177.47,False,0.0,True,2,1,2,0,0,False,False,True,121766337
PSABCXRT,724519,PRABMJDG,1,,Treatment,2021-04-29 13:57:57.559000+00:00,2021-04-29 13:58:12.200000+00:00,1,14.641,1.521,75.36,False,0.0,False,1,1,1,0,0,False,False,True,121767860
PSABCXRT,724519,PRABMJDR,1,,Treatment,2021-04-29 13:58:12.987000+00:00,2021-04-30 13:53:13.651000+00:00,2,86100.664,7.066,244.92,False,0.0,False,1,1,1,0,0,False,False,True,121768002
PSABCXRT,724519,PRABMJDQ,1,,Treatment,2021-04-30 13:53:16.309000+00:00,2021-04-30 13:54:46.916000+00:00,1,90.607,28.556,527.52,False,0.0,False,1,1,1,0,0,False,False,True,122104139
PSABCXRT,724519,PRABMJC8,1,,Treatment,2021-04-30 13:54:48.227000+00:00,2021-05-07 14:18:38.519000+00:00,3,606230.292,605114.664,62.8,False,0.0,False,4,1,2,0,0,False,False,True,122104814
PSABCXRT,724519,PRABMJDN,1,,Treatment,2021-05-07 14:18:40.290000+00:00,2021-05-07 14:31:39.167000+00:00,1,778.877,7.801,376.8,False,0.0,False,4,1,1,0,0,False,False,True,123637035
PSABCXRT,724519,PRABMJDB,1,,Treatment,2021-05-07 14:31:40.665000+00:00,2021-05-07 14:34:15.986000+00:00,1,155.321,12.355,113.4,False,0.0,False,2,1,1,0,0,False,False,True,123642786
PSABCXRT,724519,PRABMJDC,1,,Treatment,2021-05-07 14:34:52.400000+00:00,2021-05-07 14:35:27.098000+00:00,2,34.698,19.205,200.96,False,0.0,False,1,1,1,0,0,False,False,True,123644215
PSABCXRT,724519,PRABMJDS,1,,Treatment,2021-05-07 14:35:30.180000+00:00,2021-05-07 14:39:11.398000+00:00,1,221.218,2.118,98.596,False,0.0,False,5,1,1,0,0,False,False,False,123644523
PSABCXRT,724519,PRABMJDF,1,,Treatment,2021-05-07 14:39:15.295000+00:00,2021-05-11 11:58:56.850000+00:00,2,335981.555,94.186,9.42,False,0.0,True,4,1,0,0,0,False,False,True,123646117
PSABCXRT,724519,PRABMJDM,1,,Treatment,2021-05-11 11:58:57.660000+00:00,2021-05-11 12:04:39.248000+00:00,1,341.588,61.327,164.0336,False,0.0,True,5,1,1,0,0,False,False,True,124172522
PSABCXRT,724519,PRABMJC6,1,,Treatment,2021-05-11 12:05:02.109000+00:00,2021-05-18 13:18:29.458000+00:00,3,609207.349,7.59,18.84,False,0.0,False,2,1,1,0,0,False,False,True,124173040
PSABCXRT,724519,PRABMJC9,1,,Treatment,2021-05-18 13:19:00.221000+00:00,2021-05-18 13:19:21.017000+00:00,2,20.796,2.49,138.16,False,0.0,False,1,1,1,0,0,False,False,True,125541151
PSABCXRT,724519,PRABMK35,1,,Treatment,2021-05-18 13:19:21.954000+00:00,,1,53.381,2.235,6,False,0.0,False,1,1,2,0,0,False,False,True,125541292
PSABCXRT,724757,PRACKJC,1,,Control,2021-04-29 13:47:33.208000+00:00,,1,517.503,289.294,603,False,0.0,True,4,1,1,0,0,False,False,False,121762340
PSABCXRT,725289,PRACKH6,1,,Control,2021-05-31 19:05:04.683000+00:00,2021-05-31 19:07:36.344000+00:00,1,151.661,48.638,75.36,False,0.0,True,2,1,1,0,0,False,False,True,127160892
PSABCXRT,725289,PRACKJV,1,,Control,2021-05-31 19:07:38.189000+00:00,2021-05-31 19:08:05.701000+00:00,1,27.512,11.514,205.07,False,0.0,True,2,1,1,0,0,False,False,True,127160958
PSABCXRT,725289,PRACKJZ,1,,Control,2021-05-31 19:08:06.938000+00:00,2021-05-31 19:08:39.758000+00:00,1,32.82,9.106,150.72,False,0.0,True,2,1,1,0,0,False,False,True,127160964
PSABCXRT,725289,PRACKHV,1,,Control,2021-05-31 19:08:40.801000+00:00,2021-05-31 19:09:03.620000+00:00,1,22.819,8.719,138.16,False,0.0,True,2,1,1,0,0,False,False,True,127160972
PSABCXRT,725289,PRACKHJ,1,,Control,2021-05-31 19:09:11.518000+00:00,,1,,,,,,,0,1,0,0,0,False,False,False,127160990
PSABCXRT,725407,PRACKH2,1,,Control,2021-04-29 13:33:03.214000+00:00,2021-04-29 13:43:02.099000+00:00,1,598.885,592.941,75.36,False,0.666666666666667,False,1,1,0,0,0,False,False,False,121755205
PSABCXRT,725407,PRACKJF,1,,Control,2021-04-29 13:43:04.641000+00:00,2021-04-29 13:46:13.334000+00:00,1,188.693,48.147,207.24,False,0.0,True,4,1,1,0,0,False,False,True,121760034
PSABCXRT,725407,PRACKGK,1,,Control,2021-04-29 13:46:14.683000+00:00,2021-04-29 13:49:22.008000+00:00,1,187.325,52.837,150.72,False,0.0,True,3,1,1,0,0,False,False,True,121761719
PSABCXRT,725407,PRACKJP,1,,Control,2021-04-29 13:49:22.983000+00:00,2021-04-29 13:50:36.213000+00:00,1,73.23,73.228,138.16,True,1.0,True,1,1,0,0,0,False,False,False,121763337
PSABCXRT,725407,PRACKHX,1,,Control,2021-04-29 13:50:39.460000+00:00,2021-04-29 13:53:14.427000+00:00,1,154.967,78.819,87.89,False,0.0,True,3,1,1,0,0,False,False,True,121764014
PSABCXRT,725407,PRACKJC,1,,Control,2021-04-29 13:53:16.171000+00:00,2021-04-29 13:55:30.335000+00:00,1,134.164,61.617,75.36,False,0.0,True,3,1,1,0,0,False,False,True,121765302
PSABCXRT,725407,PRACKG6,1,,Control,2021-04-29 13:55:31.251000+00:00,2021-04-29 13:55:47.813000+00:00,1,16.562,9.989,138.16,False,0.0,False,1,1,2,0,0,False,False,True,121766488
PSABCXRT,725407,PRACKGF,1,,Control,2021-04-29 13:55:48.730000+00:00,2021-04-29 13:59:24.302000+00:00,1,215.572,43.588,150.72,False,0.0,True,3,1,0,0,0,False,False,True,121766649
PSABCXRT,725407,PRACKHJ,1,,Control,2021-04-29 13:59:25.327000+00:00,2021-04-29 14:01:16.740000+00:00,1,111.413,111.412,131.88,True,1.0,True,1,1,0,0,0,False,False,False,121768722
PSABCXRT,725407,PRACKJW,1,,Control,2021-04-29 14:01:17.646000+00:00,2021-04-29 14:02:10.680000+00:00,1,53.034,53.032,345.4,True,1.0,True,1,1,0,0,0,False,False,False,121769762
PSABCXRT,725407,PRACKHW,1,,Control,2021-04-29 14:02:11.705000+00:00,2021-04-29 14:03:29.610000+00:00,1,77.905,77.903,527.52,True,1.0,True,1,1,0,0,0,False,False,False,121770291
PSABCXRT,725407,PRABMK8A,1,,Nonexperimental,2021-04-29 14:03:30.928000+00:00,2021-04-29 14:03:34.169000+00:00,1,3.241,3.239,Ok!,True,1.0,True,1,0,0,0,0,False,False,False,121771130
PSABCXRT,725407,PRABMK7S,1,,Posttest,2021-04-29 14:03:36.526000+00:00,2021-04-29 14:03:40.536000+00:00,1,4.01,4.009,Ok!,True,1.0,True,1,0,0,0,0,False,False,False,121771194
PSABCXRT,725407,PRABMK7T,1,,Posttest,2021-04-29 14:03:41.802000+00:00,2021-04-29 14:03:50.366000+00:00,1,8.564,8.563,"Top , Bottom , Side",True,1.0,True,1,0,0,0,0,False,False,False,121771254
PSABCXRT,725407,PRABMK7U,1,,Posttest,2021-04-29 14:03:51.487000+00:00,2021-04-29 14:05:16.872000+00:00,1,85.385,85.384,15.7,False,0.0,True,1,0,0,0,0,False,False,False,121771365
PSABCXRT,725407,PRABMK7V,1,,Posttest,2021-04-29 14:05:18.435000+00:00,2021-04-29 14:08:32.010000+00:00,1,193.575,193.573,94.2,True,1.0,True,1,0,0,0,0,False,False,False,121772264
PSABCXRT,725407,PRABMK7W,1,,Posttest,2021-04-29 14:08:33.839000+00:00,2021-04-29 14:15:18.484000+00:00,1,404.645,404.643,113.04,True,1.0,True,1,0,0,0,0,False,False,False,121774215
PSABCXRT,725407,PRABMK7X,1,,Posttest,2021-04-29 14:15:20.492000+00:00,2021-04-29 14:16:19.287000+00:00,1,58.795,58.793,628,True,1.0,True,1,0,0,0,0,False,False,False,121778216
PSABCXRT,725407,PRABMK7Y,1,,Posttest,2021-04-29 14:16:20.754000+00:00,2021-04-29 14:17:34.135000+00:00,1,73.381,73.377,527.52,False,0.0,True,1,0,0,0,0,False,False,False,121778747
PSABCXRT,726698,PRABMJC8,1,,Treatment,2021-04-29 17:16:25.927000+00:00,2021-04-29 17:19:24.761000+00:00,1,178.834,117.222,150.72,False,0.0,False,1,1,2,0,0,False,False,True,121889134
PSABCXRT,726698,PRABMJDN,1,,Treatment,2021-04-29 17:19:28.273000+00:00,2021-04-29 17:19:48.042000+00:00,1,19.769,1.611,471,False,0.0,False,1,1,1,0,0,False,False,True,121891589
PSABCXRT,726698,PRABMJDR,1,,Treatment,2021-04-29 17:19:51.165000+00:00,2021-04-29 17:20:12.049000+00:00,1,20.884,8.954,244.92,False,0.0,False,1,1,1,0,0,False,False,True,121891872
PSABCXRT,726698,PRABMJDB,1,,Treatment,2021-04-29 17:20:20.044000+00:00,,1,,,,,,,0,1,0,0,0,False,False,False,121892211
PSABCXRT,727067,PRABMJC9,1,,Treatment,2021-04-30 15:48:03.723000+00:00,,1,,,,,,,0,1,0,0,0,False,False,False,122158323
PSABCXRT,727732,PRACKGG,1,,Control,2021-05-28 12:57:29.413000+00:00,,1,,,,,,,0,1,0,0,0,False,False,False,127055202
PSABCXRT,727993,PRACKH3,1,,Control,2021-04-29 17:18:19.312000+00:00,2021-04-29 17:18:58.043000+00:00,1,38.731,8.036,407.2,False,0.0,False,2,1,1,0,0,False,False,True,121890681
PSABCXRT,727993,PRACKG6,1,,Control,2021-04-29 17:19:00.335000+00:00,,1,2.976,2.976,,False,0.666666666666667,False,0,1,0,0,0,False,False,False,121892473
PSABCXRT,729715,PRACKHW,1,,Control,2021-04-29 17:20:57.354000+00:00,2021-04-30 17:20:58.087000+00:00,2,86400.733,584.392,489.84,False,0.0,True,4,1,1,0,0,False,False,True,121892683
PSABCXRT,729715,PRACKJZ,1,,Control,2021-04-30 17:21:00.851000+00:00,,1,,,,,,,0,1,0,0,0,False,False,False,122207892
PSABCXRT,729723,PRACKGW,1,,Control,2021-04-29 17:25:35.401000+00:00,2021-04-30 19:51:02.408000+00:00,2,95127.007,95126.999,62.8,True,1.0,True,1,1,0,0,0,False,False,False,121896018
PSABCXRT,729723,PRACKGG,1,,Control,2021-04-30 19:51:04.435000+00:00,2021-04-30 19:54:50.259000+00:00,1,225.824,225.82,150.72,True,1.0,True,1,1,0,0,0,False,False,False,122267190
PSABCXRT,729723,PRACKH6,1,,Control,2021-04-30 19:54:53.485000+00:00,2021-04-30 20:01:23.189000+00:00,1,389.704,219.691,226.08,False,0.0,True,2,1,1,0,0,False,False,True,122268001
PSABCXRT,729723,PRACKHD,1,,Control,2021-04-30 20:01:25.205000+00:00,2021-04-30 20:08:39.573000+00:00,1,434.368,318.285,351.68,False,0.0,True,2,1,2,0,0,False,False,True,122269278
PSABCXRT,729723,PRACKHW,1,,Control,2021-04-30 20:08:42.336000+00:00,2021-04-30 20:27:00.696000+00:00,2,1098.36,765.734,734.76,False,0.0,True,2,1,1,0,0,False,False,True,122270796
PSABCXRT,729723,PRACKHJ,1,,Control,2021-04-30 20:27:02.599000+00:00,2021-05-08 00:41:53.271000+00:00,2,620090.672,619639.366,2,False,0.0,True,5,1,1,0,0,False,False,False,122274546
PSABCXRT,729723,PRACKJC,1,,Control,2021-05-08 00:41:54.526000+00:00,2021-05-08 00:44:17.311000+00:00,1,142.785,142.78,200.96,True,1.0,True,1,1,0,0,0,False,False,False,123809378
PSABCXRT,729723,PRACKGF,1,,Control,2021-05-08 00:44:19.036000+00:00,2021-05-20 19:03:14.578000+00:00,3,1102735.542,1096283.134,73.36,False,0.0,False,2,1,0,0,0,False,False,True,123809494
PSABCXRT,729723,PRACKJH,1,,Control,2021-05-20 19:17:00.558000+00:00,2021-05-20 20:12:04.447000+00:00,2,3303.889,3280.84,196.3128,False,0.0,True,2,1,1,0,0,False,False,True,126181623
PSABCXRT,729723,PRACKJV,1,,Control,2021-05-20 20:12:07.217000+00:00,2021-05-20 20:12:28.967000+00:00,1,21.75,8.42,207.24,False,0.0,False,1,1,1,0,0,False,False,True,126196674
PSABCXRT,729723,PRACKHX,1,,Control,2021-05-20 20:12:30.791000+00:00,,1,55.23,35.442,87.92,False,0.0,True,1,1,1,0,0,False,False,True,126196765
PSABCXRT,729749,PRACKJP,1,,Control,2021-06-08 12:06:31.774000+00:00,,1,20.658,12.68,,False,0.333333333333333,False,0,1,1,0,0,False,False,False,127675804
PSABCXRT,730376,PRABMJDJ,1,,Treatment,2021-04-29 13:17:09.817000+00:00,,1,,,,,,,0,1,0,0,0,False,False,False,121747920
PSABCXRT,730656,PRACKHV,1,,Control,2021-04-29 17:17:02.198000+00:00,2021-04-29 17:27:28.037000+00:00,1,625.839,79.722,0,False,0.0,True,4,1,0,0,0,False,False,False,121889626
PSABCXRT,730656,PRACKHX,1,,Control,2021-04-29 17:27:32.357000+00:00,2021-04-30 16:03:44.131000+00:00,2,81371.774,209.413,18.84,False,0.0,True,3,1,1,0,0,False,False,True,121897419
PSABCXRT,730656,PRACKHD,1,,Control,2021-04-30 16:03:47.465000+00:00,2021-04-30 16:11:47.396000+00:00,1,479.931,389.486,75.36,False,0.0,True,2,1,2,0,0,False,False,True,122166264
PSABCXRT,730656,PRACKGK,1,,Control,2021-04-30 16:11:49.433000+00:00,2021-04-30 17:26:54.979000+00:00,2,4505.546,4492.748,351.48,False,0.0,True,2,1,1,0,0,False,False,True,122170442
PSABCXRT,730656,PRACKHJ,1,,Control,2021-04-30 17:27:01.284000+00:00,2021-05-03 01:01:53.352000+00:00,2,200092.068,200092.043,131.88,True,1.0,True,1,1,0,0,0,False,False,False,122211103
PSABCXRT,730656,PRACKGF,1,,Control,2021-05-03 01:01:55.272000+00:00,2021-05-03 16:10:59.255000+00:00,2,54543.983,216.949,125.96,False,0.0,True,3,1,0,0,0,False,False,True,122343284
PSABCXRT,730656,PRACKJW,1,,Control,2021-05-03 16:11:01.714000+00:00,2021-05-06 17:16:37.491000+00:00,2,263135.777,263125.714,345.4,False,0.0,False,1,1,1,0,0,False,False,True,122472690
PSABCXRT,730656,PRACKH6,1,,Control,2021-05-06 17:16:39.155000+00:00,2021-05-18 17:25:43.398000+00:00,2,1037344.243,7.923,345.4,False,0.0,True,2,1,1,0,0,False,False,True,123429991
PSABCXRT,730656,PRACKH3,1,,Control,2021-05-18 17:25:44.932000+00:00,,1,50.473,50.473,408.81,False,0.666666666666667,True,1,1,0,0,0,False,False,False,125660497
PSABCXRT,731135,PRABMJDF,1,,Treatment,2021-05-03 09:04:26.526000+00:00,2021-05-03 09:27:13.863000+00:00,3,1367.337,343.613,125.66,False,0.0,True,3,1,0,0,0,False,False,True,122355780
PSABCXRT,731135,PRABMJDQ,1,,Treatment,2021-05-03 09:27:16.207000+00:00,2021-05-03 10:23:04.898000+00:00,1,3348.691,3348.664,527.52,True,1.0,True,1,1,0,0,0,False,False,False,122355876
PSABCXRT,731135,PRABMJC6,1,,Treatment,2021-05-03 10:23:09.691000+00:00,2021-05-05 10:44:11.159000+00:00,2,174061.468,2036.833,1595.12,False,0.666666666666667,True,2,1,0,0,0,False,False,False,122356358
PSABCXRT,731135,PRABMJDD,1,,Treatment,2021-05-05 10:44:12.640000+00:00,2021-05-05 11:01:04.390000+00:00,1,1011.75,1011.734,75.36,True,1.0,True,1,1,0,0,0,False,False,False,123004606
PSABCXRT,731135,PRABMJDN,1,,Treatment,2021-05-05 11:01:49.364000+00:00,2021-05-05 11:19:23.912000+00:00,1,1054.548,1054.542,471,True,1.0,True,1,1,0,0,0,False,False,False,123004791
PSABCXRT,731135,PRABMJDM,1,,Treatment,2021-05-05 11:19:43.569000+00:00,2021-05-05 11:38:19.216000+00:00,1,1115.647,549.236,205.98,False,0.666666666666667,True,2,1,0,0,0,False,False,False,123005063
PSABCXRT,731135,PRABMJC7,1,,Treatment,2021-05-08 15:18:50.170000+00:00,2021-05-08 15:25:54.456000+00:00,2,424.286,424.259,150.72,True,1.0,True,1,1,0,0,0,False,False,False,123820600
PSABCXRT,731135,PRABMJDG,1,,Treatment,2021-05-08 15:25:56.283000+00:00,2021-05-08 15:29:28.440000+00:00,1,212.157,212.152,75.36,True,1.0,True,1,1,0,0,0,False,False,False,123820668
PSABCXRT,731135,PRABMJDE,1,,Treatment,2021-05-08 15:29:30.295000+00:00,2021-05-08 15:35:13.336000+00:00,1,343.041,343.035,351.68,True,1.0,True,1,1,0,0,0,False,False,False,123820725
PSABCXRT,731195,PRACKJF,1,,Control,2021-04-29 16:57:56.668000+00:00,2021-04-29 17:22:07.568000+00:00,3,1450.9,156.739,3549.456,False,0.0,True,3,1,0,0,0,False,False,False,121875880
PSABCXRT,731195,PRACKH2,1,,Control,2021-04-29 17:22:11.476000+00:00,2021-04-29 17:24:20.508000+00:00,1,129.032,129.026,75.36,True,1.0,True,1,1,0,0,0,False,False,False,121893849
PSABCXRT,731195,PRACKGW,1,,Control,2021-04-29 17:24:23.355000+00:00,2021-04-29 17:25:48.973000+00:00,1,85.618,85.613,62.8,True,1.0,True,1,1,0,0,0,False,False,False,121895622
PSABCXRT,731195,PRACKJC,1,,Control,2021-04-29 17:25:50.911000+00:00,2021-04-29 17:28:26.298000+00:00,1,155.387,155.379,200.96,True,1.0,True,1,1,0,0,0,False,False,False,121896538
PSABCXRT,731195,PRABMK8A,1,,Nonexperimental,2021-04-29 17:28:43.819000+00:00,2021-04-29 17:28:51.653000+00:00,1,7.834,7.829,Ok!,True,1.0,True,1,0,0,0,0,False,False,False,121898131
PSABCXRT,731195,PRABMK7S,1,,Posttest,2021-04-29 17:28:53.181000+00:00,2021-04-29 17:28:56.299000+00:00,1,3.118,3.114,Ok!,True,1.0,True,1,0,0,0,0,False,False,False,121898245
PSABCXRT,731195,PRABMK7T,1,,Posttest,2021-04-29 17:28:57.867000+00:00,2021-04-29 17:29:15.708000+00:00,1,17.841,17.837,"Top , Bottom , Side",True,1.0,True,1,0,0,0,0,False,False,False,121898305
PSABCXRT,731195,PRABMK7U,1,,Posttest,2021-04-29 17:29:17.440000+00:00,,1,,,,,,,0,0,0,0,0,False,False,False,121898795
PSABCXRT,731264,PRABMJDG,1,,Treatment,2021-05-16 21:56:13.172000+00:00,,1,,,,,,,0,1,0,0,0,False,False,False,125238645
PSABCXRT,731578,PRABMJDN,1,,Treatment,2021-05-03 17:34:30.499000+00:00,2021-05-03 17:38:12.084000+00:00,1,221.585,139.698,0,False,0.0,True,6,1,1,0,0,False,False,True,122527224
PSABCXRT,731578,PRABMJDP,1,,Treatment,2021-05-03 17:38:14.465000+00:00,2021-05-03 17:39:10.195000+00:00,1,55.73,8.665,251,False,0.0,False,3,1,2,0,0,False,False,True,122529971
PSABCXRT,731578,PRABMJC6,1,,Treatment,2021-05-03 17:39:11.830000+00:00,,1,,,,,,,0,1,0,0,0,False,False,False,122530692
PSABCXRT,732425,PRABMJDM,1,,Treatment,2021-05-01 17:18:07.922000+00:00,,1,178.196,178.196,,False,0.666666666666667,False,0,1,0,0,0,False,False,False,122312224
PSABCXRT,732626,PRABMJDS,1,,Treatment,2021-04-29 13:44:48.017000+00:00,,1,97.495,25.483,0,False,0.333333333333333,True,1,1,0,0,0,False,False,False,121760933
PSABCXRT,732771,PRABMJDH,1,,Treatment,2021-04-29 13:02:28.276000+00:00,2021-05-04 19:30:29.655000+00:00,2,455281.379,454908.461,75.36,False,0.333333333333333,True,3,1,0,0,0,False,False,False,121741537
PSABCXRT,732771,PRABMJC7,1,,Treatment,2021-05-04 19:30:31.955000+00:00,2021-05-04 19:31:48.814000+00:00,1,76.859,76.855,150.72,True,1.0,True,1,1,0,0,0,False,False,False,122919140
PSABCXRT,732771,PRABMJDP,1,,Treatment,2021-05-04 19:31:58.137000+00:00,2021-05-04 19:36:59.604000+00:00,1,301.467,301.464,131.88,True,1.0,True,1,1,0,0,0,False,False,False,122919738
PSABCXRT,732771,PRABMJDK,1,,Treatment,2021-05-04 19:37:01.376000+00:00,2021-05-04 19:40:10.954000+00:00,1,189.578,134.797,266.9,False,0.666666666666667,True,2,1,0,0,0,False,False,False,122921845
PSABCXRT,732771,PRABMJC8,1,,Treatment,2021-05-04 19:40:12.367000+00:00,2021-05-04 19:42:23.004000+00:00,1,130.637,130.634,150.72,True,1.0,True,1,1,0,0,0,False,False,False,122923241
PSABCXRT,732771,PRABMJDE,1,,Treatment,2021-05-04 19:42:24.086000+00:00,2021-05-04 19:43:59.608000+00:00,1,95.522,95.519,351.68,True,1.0,True,1,1,0,0,0,False,False,False,122924178
PSABCXRT,732771,PRABMJDN,1,,Treatment,2021-05-04 19:44:00.541000+00:00,2021-05-04 19:46:13.547000+00:00,1,133.006,133.002,471,True,1.0,True,1,1,0,0,0,False,False,False,122924884
PSABCXRT,732771,PRABMK79,1,,Nonexperimental,2021-05-04 19:46:15.477000+00:00,2021-05-04 19:46:22.031000+00:00,1,6.554,6.55,Ok!,True,1.0,True,1,0,0,0,0,False,False,False,122925982
PSABCXRT,732771,PRABMK7S,1,,Posttest,2021-05-04 19:46:25.676000+00:00,2021-05-04 19:46:30.336000+00:00,1,4.66,4.653,Ok!,True,1.0,True,1,0,0,0,0,False,False,False,122926060
PSABCXRT,732771,PRABMK7T,1,,Posttest,2021-05-04 19:46:31.983000+00:00,2021-05-04 19:46:44.154000+00:00,1,12.171,12.165,"Top , Bottom , Side",True,1.0,True,1,0,0,0,0,False,False,False,122926109
PSABCXRT,732771,PRABMK7U,1,,Posttest,2021-05-04 19:46:49.090000+00:00,2021-05-04 19:47:18.969000+00:00,1,29.879,29.875,25.12,True,1.0,True,1,0,0,0,0,False,False,False,122926250
PSABCXRT,732771,PRABMK7V,1,,Posttest,2021-05-04 19:47:20.136000+00:00,2021-05-04 19:48:13.871000+00:00,1,53.735,53.73,94.2,True,1.0,True,1,0,0,0,0,False,False,False,122926473
PSABCXRT,732771,PRABMK7W,1,,Posttest,2021-05-04 19:48:15.451000+00:00,2021-05-04 19:48:56.622000+00:00,1,41.171,41.167,113.04,True,1.0,True,1,0,0,0,0,False,False,False,122926847
PSABCXRT,732771,PRABMK7X,1,,Posttest,2021-05-04 19:48:57.741000+00:00,2021-05-04 19:51:08.177000+00:00,1,130.436,130.43,628,True,1.0,True,1,0,0,0,0,False,False,False,122927098
PSABCXRT,732771,PRABMK7Y,1,,Posttest,2021-05-04 19:51:10.290000+00:00,2021-05-04 19:51:33.196000+00:00,1,22.906,22.902,527.52,False,0.0,True,1,0,0,0,0,False,False,False,122927906
PSABCXRT,733929,PRABMJDM,1,,Treatment,2021-04-30 13:23:22.596000+00:00,2021-05-01 23:27:13.617000+00:00,2,122631.021,122612.588,207.24,False,0.0,False,1,1,1,0,0,False,False,True,122091106
PSABCXRT,733929,PRABMJDE,1,,Treatment,2021-05-01 23:27:15.956000+00:00,2021-05-01 23:27:56.652000+00:00,1,40.696,17.098,351.68,False,0.0,False,1,1,1,0,0,False,False,True,122317932
PSABCXRT,733929,PRABMJC8,1,,Treatment,2021-05-01 23:27:57.984000+00:00,2021-05-01 23:28:11.880000+00:00,1,13.896,4.821,150.72,False,0.0,False,1,1,2,0,0,False,False,True,122317948
PSABCXRT,733929,PRABMJDG,1,,Treatment,2021-05-13 12:27:33.532000+00:00,2021-05-13 12:28:22.889000+00:00,2,49.357,36.646,75.36,False,0.0,False,1,1,1,0,0,False,False,True,124752012
PSABCXRT,733929,PRABMJDP,1,,Treatment,2021-05-13 12:28:24.453000+00:00,,1,,,,,,,0,1,0,0,0,False,False,False,124752113
PSABCXRT,734284,PRABMJDC,1,,Treatment,2021-05-06 04:50:52.837000+00:00,,2,723484.748,723414.174,,False,0.0,False,0,1,1,0,0,False,False,True,123270496
PSABCXRT,734512,PRACKGW,1,,Control,2021-04-29 13:58:02.946000+00:00,,2,1054116.972,1054115.123,,False,0.333333333333333,False,0,1,1,0,0,False,False,False,121767917
PSABCXRT,734593,PRACKJF,1,,Control,2021-04-29 13:26:42.235000+00:00,2021-04-29 15:26:56.435000+00:00,2,7214.2,507.017,3605.975,False,0.0,True,10,1,1,0,0,False,False,True,121752301
PSABCXRT,734593,PRACKH6,1,,Control,2021-04-29 15:27:05.440000+00:00,2021-04-29 15:37:22.573000+00:00,1,617.133,31.631,87.96,False,0.0,True,4,1,1,0,0,False,False,True,121820044
PSABCXRT,734593,PRACKJZ,1,,Control,2021-04-29 15:37:24.701000+00:00,2021-04-30 01:08:39.767000+00:00,1,34275.066,34275.043,169.56,True,1.0,True,1,1,0,0,0,False,False,False,121826545
PSABCXRT,734593,PRACKG6,1,,Control,2021-04-30 01:08:42.530000+00:00,2021-04-30 01:13:13.601000+00:00,1,271.071,157.801,326.56,False,0.333333333333333,True,3,1,0,0,0,False,False,False,122046046
PSABCXRT,734593,PRACKJH,1,,Control,2021-04-30 01:13:19.465000+00:00,2021-04-30 01:14:44.962000+00:00,1,85.497,85.494,75.36,True,1.0,True,1,1,0,0,0,False,False,False,122046614
PSABCXRT,734593,PRACKHW,1,,Control,2021-04-30 01:14:47.377000+00:00,2021-04-30 01:16:16.069000+00:00,1,88.692,88.689,527.52,True,1.0,True,1,1,0,0,0,False,False,False,122046775
PSABCXRT,734593,PRACKGG,1,,Control,2021-04-30 01:16:17.960000+00:00,2021-04-30 01:35:39.402000+00:00,1,1161.442,1161.439,150.72,True,1.0,True,1,1,0,0,0,False,False,False,122046961
PSABCXRT,734593,PRABMK8A,1,,Nonexperimental,2021-04-30 01:35:41.056000+00:00,2021-04-30 01:35:45.224000+00:00,1,4.168,4.165,Ok!,True,1.0,True,1,0,0,0,0,False,False,False,122049076
PSABCXRT,734593,PRABMK7S,1,,Posttest,2021-04-30 01:35:47.196000+00:00,2021-04-30 01:35:52.827000+00:00,1,5.631,5.626,Ok!,True,1.0,True,1,0,0,0,0,False,False,False,122049088
PSABCXRT,734593,PRABMK7T,1,,Posttest,2021-04-30 01:35:54.837000+00:00,2021-04-30 01:36:03.406000+00:00,1,8.569,8.565,"Top , Bottom , Side",True,1.0,True,1,0,0,0,0,False,False,False,122049104
PSABCXRT,734593,PRABMK7U,1,,Posttest,2021-04-30 01:36:04.927000+00:00,2021-04-30 01:37:17.806000+00:00,1,72.879,72.876,25.12,True,1.0,True,1,0,0,0,0,False,False,False,122049118
PSABCXRT,734593,PRABMK7V,1,,Posttest,2021-04-30 01:37:19.662000+00:00,2021-04-30 01:38:35.095000+00:00,1,75.433,75.43,94.2,True,1.0,True,1,0,0,0,0,False,False,False,122049246
PSABCXRT,734593,PRABMK7W,1,,Posttest,2021-04-30 01:38:36.958000+00:00,2021-04-30 01:41:30.322000+00:00,1,173.364,173.361,56.55,False,0.0,True,1,0,0,0,0,False,False,False,122049369
PSABCXRT,734593,PRABMK7X,1,,Posttest,2021-04-30 01:41:31.520000+00:00,2021-04-30 01:43:08.158000+00:00,1,96.638,96.635,471,False,0.0,True,1,0,0,0,0,False,False,False,122049656
PSABCXRT,734593,PRABMK7Y,1,,Posttest,2021-04-30 01:43:09.184000+00:00,2021-04-30 01:44:06.881000+00:00,1,57.697,57.693,414.64,False,0.0,True,1,0,0,0,0,False,False,False,122049836
PSABCXRT,735211,PRACKHV,1,,Control,2021-04-29 17:15:15.108000+00:00,,1,43.874,43.874,0,False,0.666666666666667,True,1,1,0,0,0,False,False,False,121888204
PSABCXRT,735405,PRACKHJ,1,,Control,2021-04-29 17:04:54.015000+00:00,2021-04-29 17:24:06.115000+00:00,1,1152.1,984.271,103.62,False,0.666666666666667,True,2,1,0,0,0,False,False,False,121880656
PSABCXRT,735405,PRACKHW,1,,Control,2021-04-29 17:24:10.715000+00:00,2021-04-29 17:25:21.196000+00:00,1,70.481,70.468,2 ( 3.14 * 36 ) + 3.14 * 2 * 6 * 8,True,1.0,True,1,1,0,0,0,False,False,False,121895055
PSABCXRT,735405,PRACKH3,1,,Control,2021-04-29 17:25:23.549000+00:00,2021-04-29 17:26:11.586000+00:00,1,48.037,48.032,2 ( 3.14 * 25 ) + 3.14 * 2 * 5 * 8,True,1.0,True,1,1,0,0,0,False,False,False,121895887
PSABCXRT,735405,PRACKJH,1,,Control,2021-04-29 17:26:13.573000+00:00,2021-04-29 17:27:20.616000+00:00,1,67.043,67.038,2 ( 3.14 * 9 ) + 18.84,True,1.0,True,1,1,0,0,0,False,False,False,121896428
PSABCXRT,735405,PRABMK8A,1,,Nonexperimental,2021-04-29 17:27:24.632000+00:00,2021-04-29 17:27:36.045000+00:00,1,11.413,11.406,Ok!,True,1.0,True,1,0,0,0,0,False,False,False,121897209
PSABCXRT,735405,PRABMK7S,1,,Posttest,2021-04-29 17:27:39.903000+00:00,2021-04-29 17:27:44.727000+00:00,1,4.824,4.82,Ok!,True,1.0,True,1,0,0,0,0,False,False,False,121897388
PSABCXRT,735405,PRABMK7T,1,,Posttest,2021-04-29 17:27:46.024000+00:00,2021-04-29 17:27:54.958000+00:00,1,8.934,8.929,"Top , Bottom , Side",True,1.0,True,1,0,0,0,0,False,False,False,121897466
PSABCXRT,735405,PRABMK7U,1,,Posttest,2021-04-29 17:27:57.379000+00:00,2021-04-29 17:32:57.762000+00:00,1,300.383,300.378,25.12,True,1.0,True,1,0,0,0,0,False,False,False,121897602
PSABCXRT,735405,PRABMK7V,1,,Posttest,2021-04-29 17:33:00.769000+00:00,,1,,,,,,,0,0,0,0,0,False,False,False,121901120
PSABCXRT,736249,PRABMJDF,1,,Treatment,2021-04-29 17:26:41.629000+00:00,,1,,,,,,,0,1,0,0,0,False,False,False,121896715
PSABCXRT,736344,PRACKGW,1,,Control,2021-04-29 13:19:34.413000+00:00,2021-04-29 20:43:51.452000+00:00,2,26657.039,38.948,62.83185,False,0.0,True,4,1,1,0,0,False,False,True,121748981
PSABCXRT,736344,PRACKJC,1,,Control,2021-04-29 20:43:52.777000+00:00,2021-04-29 20:45:22.551000+00:00,1,89.774,74.363,0,False,0.0,True,2,1,1,0,0,False,False,True,122001902
PSABCXRT,736344,PRACKGF,1,,Control,2021-04-29 20:45:23.767000+00:00,2021-04-29 20:45:39.151000+00:00,1,15.384,15.379,125.6,True,1.0,True,1,1,0,0,0,False,False,False,122002380
PSABCXRT,736344,PRACKHV,1,,Control,2021-04-29 20:45:40.438000+00:00,2021-04-29 20:47:14.077000+00:00,1,93.639,74.528,471.2,False,0.0,True,3,1,1,0,0,False,False,True,122002456
PSABCXRT,736344,PRACKJP,1,,Control,2021-04-29 20:47:16.201000+00:00,2021-04-29 20:47:31.852000+00:00,1,15.651,5.438,0,False,0.0,True,2,1,1,0,0,False,False,True,122002967
PSABCXRT,736344,PRACKHX,1,,Control,2021-04-29 20:47:32.506000+00:00,2021-04-29 20:47:49.853000+00:00,1,17.347,3.874,0,False,0.0,True,2,1,1,0,0,False,False,True,122003059
PSABCXRT,736344,PRACKH2,1,,Control,2021-04-29 20:47:50.248000+00:00,2021-04-29 20:48:32.754000+00:00,1,42.506,32.075,75.4,False,0.0,True,3,1,1,0,0,False,False,True,122003255
PSABCXRT,736344,PRACKG6,1,,Control,2021-04-29 20:48:33.375000+00:00,2021-04-29 20:48:53.709000+00:00,1,20.334,8.827,138.16,False,0.0,False,1,1,2,0,0,False,False,True,122003432
PSABCXRT,736344,PRACKH3,1,,Control,2021-04-29 20:48:54.227000+00:00,2021-06-02 13:06:34.085000+00:00,3,2909859.858,1613897.759,1130.97336,False,0.0,True,3,1,1,0,0,False,False,True,122003475
PSABCXRT,736344,PRACKGK,1,,Control,2021-06-02 13:06:35.935000+00:00,2021-06-02 13:13:41.585000+00:00,2,425.65,31.966,351.86,False,0.0,True,4,1,1,0,0,False,False,True,127305951
PSABCXRT,736344,PRACKHJ,1,,Control,2021-06-02 13:13:43.240000+00:00,,1,,,,,,,0,1,0,0,0,False,False,False,127306737
PSABCXRT,736699,PRACKJP,1,,Control,2021-04-29 13:58:20.801000+00:00,,2,79758.797,79758.797,150.72,False,0.666666666666667,True,1,1,0,0,0,False,False,False,121768089
PSABCXRT,739440,PRABMJDQ,1,,Treatment,2021-04-29 13:22:50.295000+00:00,,1,182.72,38.68,0,False,0.333333333333333,True,1,1,0,0,0,False,False,False,121750497
PSABCXRT,740963,PRACKH2,1,,Control,2021-04-23 21:23:06.468000+00:00,,1,,,,,,,0,1,0,0,0,False,False,False,120631067
PSABCXRT,745498,PRABMJDJ,1,,Treatment,2021-05-03 17:07:47.940000+00:00,,1,,,,,,,0,1,0,0,0,False,False,False,122510249
PSABCXRT,745774,PRABMJDN,1,,Treatment,2021-04-29 13:18:31.010000+00:00,2021-04-29 13:25:16.385000+00:00,1,405.375,196.093,364,False,0.666666666666667,True,2,1,0,0,0,False,False,False,121748533
PSABCXRT,745774,PRABMJDB,1,,Treatment,2021-04-29 13:25:18.780000+00:00,2021-04-29 13:27:48.493000+00:00,1,149.713,149.711,62.8,True,1.0,True,1,1,0,0,0,False,False,False,121751687
PSABCXRT,745774,PRABMJDJ,1,,Treatment,2021-04-29 13:27:49.770000+00:00,,2,1130324.887,1130315.808,"2,187.302",False,0.333333333333333,True,2,1,0,0,0,False,False,False,121752729
PSABCXRT,825793,PRACKHV,1,,Control,2021-05-04 19:42:02.128000+00:00,,2,537.817,537.817,0,False,0.666666666666667,True,1,1,0,0,0,False,False,False,122924003
PSABCXRT,827283,PRACKH2,1,,Control,2021-05-28 13:06:16.866000+00:00,2021-05-28 13:14:22.496000+00:00,1,485.63,404.532,32,False,0.0,True,3,1,1,0,0,False,False,True,127056702
PSABCXRT,827283,PRACKJF,1,,Control,2021-05-28 13:15:40.397000+00:00,,1,,,,,,,0,1,0,0,0,False,False,False,127058550
PSABCXRT,827292,PRABMJC9,1,,Treatment,2021-05-03 12:46:59.081000+00:00,,1,,,,,,,0,1,0,0,0,False,False,False,122367127
PSABCXRT,827787,PRACKJC,1,,Control,2021-04-29 13:23:38.278000+00:00,,2,70.687,62.763,,False,0.0,False,0,1,1,0,0,False,False,True,121750928
PSABCXRT,896154,PRABMJDM,1,,Treatment,2021-04-29 13:16:00.494000+00:00,,1,326.614,73.527,150.72,False,0.0,False,2,1,0,0,0,False,False,False,121747408
PSABCXRT,897993,PRACKJH,1,,Control,2021-04-29 13:43:36.058000+00:00,,1,446.558,211.162,0,False,0.333333333333333,False,1,1,0,0,0,False,False,False,121760303
PSABCXRT,898835,PRACKGW,1,,Control,2021-04-29 15:44:44.212000+00:00,2021-05-20 17:18:32.681000+00:00,4,1820028.469,6138.144,70.34,False,0.0,True,4,1,1,0,0,False,False,True,121830743
PSABCXRT,898835,PRACKG6,1,,Control,2021-05-20 17:18:39.060000+00:00,2021-06-15 17:24:23.980000+00:00,3,2246744.92,66.542,0,False,0.0,True,5,1,2,0,0,False,False,True,126132031
PSABCXRT,898835,PRACKJV,1,,Control,2021-06-15 17:24:30.474000+00:00,,1,,,,,,,0,1,0,0,0,False,False,False,127963232
PSABCXRT,922329,PRABMJDJ,1,,Treatment,2021-05-17 12:53:57.320000+00:00,,2,88502.682,88466.588,2186.19,False,0.0,True,3,1,0,0,0,False,False,False,125268261
PSABCXRT,953044,PRABMJDE,1,,Treatment,2021-06-01 16:19:30.864000+00:00,2021-06-01 16:20:41.907000+00:00,1,71.043,71.032,351.68,True,1.0,True,1,1,0,0,0,False,False,False,127222426
PSABCXRT,953044,PRABMJDM,1,,Treatment,2021-06-01 16:20:42.503000+00:00,2021-06-01 16:21:22.320000+00:00,1,39.817,39.813,207.24,True,1.0,True,1,1,0,0,0,False,False,False,127222767
PSABCXRT,953044,PRABMJDA,1,,Treatment,2021-06-01 16:21:24.654000+00:00,2021-06-01 16:22:08.585000+00:00,1,43.931,43.928,138.16,True,1.0,True,1,1,0,0,0,False,False,False,127222928
PSABCXRT,953044,PRABMK79,1,,Nonexperimental,2021-06-01 16:22:09.439000+00:00,2021-06-01 16:22:12.703000+00:00,1,3.264,3.261,Ok!,True,1.0,True,1,0,0,0,0,False,False,False,127223151
PSABCXRT,953044,PRABMK7S,1,,Posttest,2021-06-01 16:22:13.579000+00:00,2021-06-01 16:22:15.972000+00:00,1,2.393,2.391,Ok!,True,1.0,True,1,0,0,0,0,False,False,False,127223176
PSABCXRT,953044,PRABMK7T,1,,Posttest,2021-06-01 16:22:17.057000+00:00,2021-06-01 16:22:54.059000+00:00,1,37.002,36.999,Side,False,0.0,True,1,0,0,0,0,False,False,False,127223191
PSABCXRT,953044,PRABMK7U,1,,Posttest,2021-06-01 16:22:55.198000+00:00,2021-06-01 16:23:17.250000+00:00,1,22.052,22.05,25.12,True,1.0,True,1,0,0,0,0,False,False,False,127223378
PSABCXRT,953044,PRABMK7V,1,,Posttest,2021-06-01 16:23:18.289000+00:00,2021-06-01 16:23:51.076000+00:00,1,32.787,32.785,94.2,True,1.0,True,1,0,0,0,0,False,False,False,127223499
PSABCXRT,953044,PRABMK7W,1,,Posttest,2021-06-01 16:23:51.838000+00:00,2021-06-01 16:24:18.459000+00:00,1,26.621,26.619,113.04,True,1.0,True,1,0,0,0,0,False,False,False,127223651
PSABCXRT,953044,PRABMK7X,1,,Posttest,2021-06-01 16:24:19.098000+00:00,2021-06-01 16:24:39.304000+00:00,1,20.206,20.204,628,True,1.0,True,1,0,0,0,0,False,False,False,127223770
PSABCXRT,953044,PRABMK7Y,1,,Posttest,2021-06-01 16:24:39.861000+00:00,2021-06-01 16:25:18.932000+00:00,1,39.071,39.07,527.52,False,0.0,True,1,0,0,0,0,False,False,False,127223857
PSABCXRT,953047,PRACKJV,1,,Control,2021-06-01 16:21:37.786000+00:00,2021-06-01 16:23:20.975000+00:00,1,103.189,80.702,136.16,False,0.0,True,2,1,1,0,0,False,False,True,127222995
PSABCXRT,953047,PRACKHW,1,,Control,2021-06-01 16:23:21.411000+00:00,2021-06-01 16:24:18.011000+00:00,1,56.6,56.597,527.52,True,1.0,True,1,1,0,0,0,False,False,False,127223511
PSABCXRT,953047,PRACKHV,1,,Control,2021-06-01 16:24:18.547000+00:00,2021-06-01 16:25:04.967000+00:00,1,46.42,46.416,471,True,1.0,True,1,1,0,0,0,False,False,False,127223768
PSABCXRT,953047,PRACKHD,1,,Control,2021-06-01 16:25:05.342000+00:00,2021-06-01 16:25:22.735000+00:00,1,17.393,6.966,150.72,False,0.0,False,1,1,2,0,0,False,False,True,127223986
PSABCXRT,953047,PRACKGW,1,,Control,2021-06-01 16:25:23.086000+00:00,2021-06-01 16:25:55.502000+00:00,1,32.416,32.412,62.8,True,1.0,True,1,1,0,0,0,False,False,False,127224070
PSABCXRT,953047,PRACKGF,1,,Control,2021-06-01 16:25:56.099000+00:00,,1,,,,,,,0,1,0,0,0,False,False,False,127224224
PSABCXRT,953048,PRACKGW,1,,Control,2021-06-01 16:19:09.098000+00:00,2021-06-01 16:20:57.754000+00:00,1,108.656,15.513,62.8,False,0.0,False,1,1,1,0,0,False,False,True,127222341
PSABCXRT,953048,PRACKH3,1,,Control,2021-06-01 16:20:58.546000+00:00,2021-06-01 16:26:09.795000+00:00,2,311.249,6.357,408.2,False,0.0,False,1,1,1,0,0,False,False,True,127222824
PSABCXRT,953048,PRACKJZ,1,,Control,2021-06-01 16:26:10.657000+00:00,2021-06-01 16:26:55.928000+00:00,1,45.271,8.072,196.59,False,0.0,False,3,1,1,0,0,False,False,True,127224309
PSABCXRT,953048,PRACKJP,1,,Control,2021-06-01 16:26:56.879000+00:00,2021-06-01 16:29:03.866000+00:00,1,126.987,120.375,138.16,False,0.0,False,1,1,1,0,0,False,False,True,127224512
PSABCXRT,953048,PRACKHW,1,,Control,2021-06-01 16:29:35.199000+00:00,2021-06-01 16:34:19.189000+00:00,1,283.99,250.376,280.36,False,0.0,True,2,1,1,0,0,False,False,True,127225385
PSABCXRT,953048,PRACKHJ,1,,Control,2021-06-01 16:34:19.797000+00:00,,1,,,,,,,0,1,0,0,0,False,False,False,127226646
PSABCXRT,953049,PRACKGW,1,,Control,2021-06-01 16:19:34.442000+00:00,2021-06-01 16:20:38.046000+00:00,1,63.604,43.988,9,False,0.0,True,2,1,1,0,0,False,False,True,127222448
PSABCXRT,953049,PRACKHW,1,,Control,2021-06-01 16:20:38.749000+00:00,2021-06-01 16:23:11.105000+00:00,1,152.356,140.962,527.52,False,0.0,False,1,1,1,0,0,False,False,True,127222789
PSABCXRT,953049,PRACKJW,1,,Control,2021-06-01 16:23:12.814000+00:00,2021-06-01 16:23:37.203000+00:00,1,24.389,6.581,6579,False,0.0,True,2,1,1,0,0,False,False,True,127223462
PSABCXRT,953049,PRACKJH,1,,Control,2021-06-01 16:23:37.913000+00:00,,1,,,,,,,0,1,0,0,0,False,False,False,127223592
PSABCXRT,953050,PRACKHX,1,,Control,2021-06-01 16:28:44.596000+00:00,2021-06-01 16:29:19.157000+00:00,1,34.561,7.111,0,False,0.0,True,2,1,1,0,0,False,False,True,127225095
PSABCXRT,953050,PRACKJW,1,,Control,2021-06-01 16:29:20.056000+00:00,,1,,,,,,,0,1,0,0,0,False,False,False,127225306
PSABCXRT,953051,PRACKJH,1,,Control,2021-06-01 16:21:33.465000+00:00,,1,266.921,112.638,18.34,False,0.333333333333333,True,2,1,0,0,0,False,False,False,127222975
PSABCXRT,953053,PRACKHJ,1,,Control,2021-06-01 16:19:32.045000+00:00,2021-06-01 16:23:46.330000+00:00,1,254.285,139.057,7.64,False,0.0,True,3,1,2,0,0,False,False,True,127222435
PSABCXRT,953053,PRACKHW,1,,Control,2021-06-01 16:23:47.421000+00:00,2021-06-01 16:27:54.132000+00:00,1,246.711,112.412,1507.2,False,0.0,True,3,1,1,0,0,False,False,True,127223632
PSABCXRT,953053,PRACKHD,1,,Control,2021-06-01 16:27:55.454000+00:00,2021-06-01 16:30:06.711000+00:00,1,131.257,78.001,452.16,False,0.0,True,2,1,2,0,0,False,False,True,127224807
PSABCXRT,953053,PRACKGK,1,,Control,2021-06-01 16:30:07.613000+00:00,2021-06-01 16:31:24.727000+00:00,1,77.114,53.457,452.16,False,0.666666666666667,True,2,1,0,0,0,False,False,False,127225548
PSABCXRT,953053,PRACKJZ,1,,Control,2021-06-01 16:31:25.675000+00:00,2021-06-01 16:35:01.233000+00:00,1,215.558,215.553,169.56,True,1.0,True,1,1,0,0,0,False,False,False,127225862
PSABCXRT,953053,PRACKHX,1,,Control,2021-06-01 16:35:02.012000+00:00,2021-06-01 17:11:57.489000+00:00,2,2215.477,61.047,43.96,False,0.0,True,2,1,1,0,0,False,False,True,127226826
PSABCXRT,953053,PRACKH3,1,,Control,2021-06-01 17:11:58.165000+00:00,2021-06-01 17:14:31.181000+00:00,1,153.016,141.2,408.2,False,0.0,False,1,1,1,0,0,False,False,True,127235417
PSABCXRT,953053,PRACKJH,1,,Control,2021-06-01 17:14:32.431000+00:00,,1,,,,,,,0,1,0,0,0,False,False,False,127235983
PSABCXRT,953056,PRACKGK,1,,Control,2021-06-01 16:21:32.392000+00:00,2021-06-01 16:22:24.469000+00:00,1,52.077,26.06,0,False,0.0,True,2,1,1,0,0,False,False,True,127222971
PSABCXRT,953056,PRACKH2,1,,Control,2021-06-01 16:22:24.803000+00:00,2021-06-01 16:25:13.055000+00:00,2,168.252,66.525,0,False,0.0,True,2,1,1,0,0,False,False,True,127223231
PSABCXRT,953056,PRACKHW,1,,Control,2021-06-01 16:25:15.110000+00:00,2021-06-01 16:28:48.385000+00:00,1,213.275,13.321,0,False,0.0,True,2,1,1,0,0,False,False,True,127224030
PSABCXRT,953056,PRACKGW,1,,Control,2021-06-01 16:28:48.898000+00:00,2021-06-04 17:59:57.957000+00:00,2,264669.059,264669.052,62.8,True,1.0,True,1,1,0,0,0,False,False,False,127225115
PSABCXRT,953056,PRACKJH,1,,Control,2021-06-04 17:59:58.418000+00:00,2021-06-04 18:00:30.625000+00:00,1,32.207,32.203,75.36,True,1.0,True,1,1,0,0,0,False,False,False,127549635
PSABCXRT,953056,PRACKJV,1,,Control,2021-06-04 18:00:31.357000+00:00,2021-06-04 18:00:47.744000+00:00,1,16.387,16.384,207.24,True,1.0,True,1,1,0,0,0,False,False,False,127549720
PSABCXRT,953056,PRABMK8A,1,,Nonexperimental,2021-06-04 18:00:48.547000+00:00,2021-06-04 18:00:50.566000+00:00,1,2.019,2.016,Ok!,True,1.0,True,1,0,0,0,0,False,False,False,127549761
PSABCXRT,953056,PRABMK7S,1,,Posttest,2021-06-04 18:00:51.341000+00:00,2021-06-04 18:00:53.241000+00:00,1,1.9,1.896,Ok!,True,1.0,True,1,0,0,0,0,False,False,False,127549772
PSABCXRT,953056,PRABMK7T,1,,Posttest,2021-06-04 18:00:53.606000+00:00,2021-06-04 18:00:56.008000+00:00,1,2.402,2.399,Bottom,False,0.0,True,1,0,0,0,0,False,False,False,127549779
PSABCXRT,953056,PRABMK7U,1,,Posttest,2021-06-04 18:00:57.012000+00:00,2021-06-04 18:00:58.926000+00:00,1,1.914,1.911,2,False,0.0,True,1,0,0,0,0,False,False,False,127549787
PSABCXRT,953056,PRABMK7V,1,,Posttest,2021-06-04 18:00:59.220000+00:00,2021-06-04 18:00:59.482000+00:00,1,0.262,0.258,2,False,0.0,True,1,0,0,0,0,False,False,False,127549793
PSABCXRT,953056,PRABMK7W,1,,Posttest,2021-06-04 18:00:59.878000+00:00,2021-06-04 18:01:00.122000+00:00,1,0.244,0.241,2,False,0.0,True,1,0,0,0,0,False,False,False,127549794
PSABCXRT,953056,PRABMK7X,1,,Posttest,2021-06-04 18:01:00.488000+00:00,2021-06-04 18:01:00.598000+00:00,1,0.11,0.108,2,False,0.0,True,1,0,0,0,0,False,False,False,127549796
PSABCXRT,953056,PRABMK7Y,1,,Posttest,2021-06-04 18:01:00.854000+00:00,2021-06-04 18:01:01.007000+00:00,1,0.153,0.151,2,False,0.0,True,1,0,0,0,0,False,False,False,127549798
PSABCXRT,953059,PRACKHV,1,,Control,2021-06-01 16:19:59.568000+00:00,2021-06-01 16:26:45.377000+00:00,1,405.809,245.752,314,False,0.0,True,2,1,1,0,0,False,False,True,127222570
PSABCXRT,953059,PRACKGG,1,,Control,2021-06-01 16:26:47.995000+00:00,,1,,,,,,,0,1,0,0,0,False,False,False,127224473
PSABCXRT,953061,PRABMJC6,1,,Treatment,2021-06-01 16:21:01.533000+00:00,2021-06-01 16:28:04.015000+00:00,1,422.482,373.678,627.4,False,0.0,True,2,1,1,0,0,False,False,True,127222834
PSABCXRT,953061,PRABMJDD,1,,Treatment,2021-06-01 16:28:05.686000+00:00,,1,,,,,,,0,1,0,0,0,False,False,False,127224880
PSABCXRT,953062,PRABMJDM,1,,Treatment,2021-06-01 16:21:31.722000+00:00,,1,,,,,,,0,1,0,0,0,False,False,False,127222965
PSABCXRT,953064,PRACKJC,1,,Control,2021-06-01 16:22:04.673000+00:00,2021-06-01 16:22:50.012000+00:00,1,45.339,29.384,82,False,0.0,True,2,1,1,0,0,False,False,True,127223132
PSABCXRT,953064,PRACKGG,1,,Control,2021-06-01 16:22:50.607000+00:00,,1,,,,,,,0,1,0,0,0,False,False,False,127223351
PSABCXRT,953070,PRABMJC9,1,,Treatment,2021-06-01 16:19:38.322000+00:00,2021-06-01 16:23:14.783000+00:00,1,216.461,209.966,138.16,False,0.0,False,1,1,1,0,0,False,False,True,127222469
PSABCXRT,953070,PRABMJDH,1,,Treatment,2021-06-01 16:23:15.066000+00:00,2021-06-01 16:25:06.202000+00:00,1,111.136,99.096,9,False,0.0,True,2,1,1,0,0,False,False,True,127223476
PSABCXRT,953070,PRABMJDJ,1,,Treatment,2021-06-01 16:25:13.051000+00:00,2021-06-01 16:27:58.714000+00:00,1,165.663,154.399,6,False,0.0,True,2,1,1,0,0,False,False,True,127224014
PSABCXRT,953070,PRABMJC8,1,,Treatment,2021-06-01 16:27:58.974000+00:00,2021-06-01 16:28:08.969000+00:00,1,9.995,2.21,150.72,False,0.0,False,1,1,2,0,0,False,False,True,127224835
PSABCXRT,953070,PRABMJDG,1,,Treatment,2021-06-01 16:28:09.583000+00:00,2021-06-01 16:28:29.060000+00:00,1,19.477,4.42,159,False,0.0,True,2,1,1,0,0,False,False,True,127224902
PSABCXRT,953070,PRABMJDS,1,,Treatment,2021-06-01 16:28:29.863000+00:00,2021-06-01 16:28:41.235000+00:00,1,11.372,4.896,37.68,False,0.0,False,1,1,1,0,0,False,False,True,127225010
PSABCXRT,953070,PRABMJDP,1,,Treatment,2021-06-01 16:28:41.521000+00:00,2021-06-01 16:28:56.164000+00:00,1,14.643,2.121,131.88,False,0.0,False,1,1,2,0,0,False,False,True,127225072
PSABCXRT,953070,PRABMJC7,1,,Treatment,2021-06-01 16:28:56.450000+00:00,2021-06-01 16:31:16.621000+00:00,1,140.171,130.529,150.72,False,0.0,False,1,1,0,0,0,False,False,True,127225159
PSABCXRT,953070,PRABMJDR,1,,Treatment,2021-06-01 16:31:16.845000+00:00,2021-06-01 16:31:26.687000+00:00,1,9.842,1.716,244.92,False,0.0,False,1,1,1,0,0,False,False,True,127225832
PSABCXRT,953070,PRABMJDD,1,,Treatment,2021-06-01 16:31:26.936000+00:00,2021-06-01 16:31:37.095000+00:00,1,10.159,2.494,75.36,False,0.0,False,1,1,1,0,0,False,False,True,127225864
PSABCXRT,953070,PRABMJDQ,1,,Treatment,2021-06-01 16:31:37.341000+00:00,2021-06-01 16:31:48.808000+00:00,1,11.467,3.104,527.52,False,0.0,False,1,1,1,0,0,False,False,True,127225903
PSABCXRT,953070,PRABMJDA,1,,Treatment,2021-06-01 16:31:49.081000+00:00,2021-06-01 16:31:58.508000+00:00,1,9.427,2.202,138.16,False,0.0,False,1,1,2,0,0,False,False,True,127225961
PSABCXRT,953070,PRABMJC6,1,,Treatment,2021-06-01 16:31:58.775000+00:00,2021-06-01 16:32:06.503000+00:00,1,7.728,1.595,408.2,False,0.0,False,1,1,1,0,0,False,False,True,127226011
PSABCXRT,953070,PRABMJDF,1,,Treatment,2021-06-01 16:32:06.762000+00:00,2021-06-01 16:32:14.764000+00:00,1,8.002,2.273,125.6,False,0.0,False,1,1,0,0,0,False,False,True,127226046
PSABCXRT,953070,PRABMJDN,1,,Treatment,2021-06-01 16:32:15.043000+00:00,2021-06-01 16:32:21.760000+00:00,1,6.717,1.882,471,False,0.0,False,1,1,1,0,0,False,False,True,127226080
PSABCXRT,953070,PRABMJDB,1,,Treatment,2021-06-01 16:32:22.028000+00:00,2021-06-01 16:32:33.575000+00:00,1,11.547,4.013,62.8,False,0.0,False,1,1,1,0,0,False,False,True,127226105
PSABCXRT,953070,PRABMJDM,1,,Treatment,2021-06-01 16:32:33.854000+00:00,2021-06-01 16:32:43.226000+00:00,1,9.372,2.376,207.24,False,0.0,False,1,1,1,0,0,False,False,True,127226155
PSABCXRT,953070,PRABMJDK,1,,Treatment,2021-06-01 16:32:43.465000+00:00,2021-06-01 16:32:52.818000+00:00,1,9.353,2.424,345.4,False,0.0,False,1,1,1,0,0,False,False,True,127226197
PSABCXRT,953070,PRABMJDC,1,,Treatment,2021-06-01 16:32:53.104000+00:00,2021-06-01 16:33:40.334000+00:00,1,47.23,39.5,200.96,False,0.0,False,1,1,1,0,0,False,False,True,127226239
PSABCXRT,953070,PRABMJDE,1,,Treatment,2021-06-01 16:33:40.591000+00:00,2021-06-01 16:33:54.310000+00:00,1,13.719,2.663,351.68,False,0.0,False,1,1,1,0,0,False,False,True,127226471
PSABCXRT,953070,PRABMK4J,1,,Treatment,2021-06-01 16:33:56.185000+00:00,2021-06-01 16:34:39.607000+00:00,1,43.422,35.71,62.8,False,0.0,False,1,1,1,0,0,False,False,True,127226542
PSABCXRT,953070,PRABMK5J,1,,Treatment,2021-06-01 16:34:39.849000+00:00,2021-06-01 16:34:54.794000+00:00,1,14.945,7.317,100.48,False,0.0,False,1,1,1,0,0,False,False,True,127226731
PSABCXRT,953070,PRABMK59,1,,Treatment,2021-06-01 16:34:55.035000+00:00,2021-06-01 16:35:06.694000+00:00,1,11.659,5.986,188.4,False,0.0,False,1,1,1,0,0,False,False,True,127226799
PSABCXRT,953070,PRABMK54,1,,Treatment,2021-06-01 16:35:07.080000+00:00,2021-06-01 16:35:44.616000+00:00,1,37.536,30.769,43.96,False,0.0,False,1,1,1,0,0,False,False,True,127226851
PSABCXRT,953070,PRABMK4G,1,,Treatment,2021-06-01 16:35:44.827000+00:00,2021-06-01 16:35:51.248000+00:00,1,6.421,1.441,50.24,False,0.0,False,1,1,1,0,0,False,False,True,127227024
PSABCXRT,953070,PRABMK6G,1,,Treatment,2021-06-01 16:35:51.478000+00:00,2021-06-01 16:35:59.528000+00:00,1,8.05,2.299,31.4,False,0.0,False,1,1,1,0,0,False,False,True,127227058
PSABCXRT,953070,PRABMK5Q,1,,Treatment,2021-06-01 16:35:59.739000+00:00,2021-06-01 16:36:10.308000+00:00,1,10.569,1.781,219.8,False,0.0,False,1,1,2,0,0,False,False,True,127227098
PSABCXRT,953070,PRABMK5M,1,,Treatment,2021-06-01 16:36:10.537000+00:00,,1,,,,,,,0,1,0,0,0,False,False,False,127227154
PSABCXRT,953071,PRABMJDS,1,,Treatment,2021-06-01 16:19:22.023000+00:00,2021-06-01 16:24:41.352000+00:00,1,319.329,224.495,37.68,False,0.0,False,1,1,1,0,0,False,False,True,127222386
PSABCXRT,953071,PRABMJDN,1,,Treatment,2021-06-01 16:24:41.770000+00:00,2021-06-01 16:26:01.797000+00:00,1,80.027,57.121,471.22,False,0.0,True,3,1,1,0,0,False,False,True,127223868
PSABCXRT,953071,PRABMJDK,1,,Treatment,2021-06-01 16:26:02.512000+00:00,2021-06-01 16:27:36.130000+00:00,1,93.618,40.576,2998,False,0.0,True,5,1,1,0,0,False,False,True,127224258
PSABCXRT,953071,PRABMJDC,1,,Treatment,2021-06-01 16:27:37.603000+00:00,2021-06-01 16:31:13.432000+00:00,1,215.829,215.827,200.96,True,1.0,True,1,1,0,0,0,False,False,False,127224716
PSABCXRT,953071,PRABMJC9,1,,Treatment,2021-06-01 16:31:16.446000+00:00,2021-06-08 16:24:57.282000+00:00,2,604420.836,24.562,138.16,False,0.0,False,1,1,1,0,0,False,False,True,127225829
PSABCXRT,953071,PRABMJDD,1,,Treatment,2021-06-08 16:24:57.674000+00:00,2021-06-08 16:25:15.941000+00:00,1,18.267,18.266,75.36,True,1.0,True,1,1,0,0,0,False,False,False,127704926
PSABCXRT,953071,PRABMJDM,1,,Treatment,2021-06-08 16:25:16.349000+00:00,2021-06-08 16:25:37.116000+00:00,1,20.767,20.765,207.24,True,1.0,True,1,1,0,0,0,False,False,False,127704973
PSABCXRT,953071,PRABMJDG,1,,Treatment,2021-06-08 16:25:37.506000+00:00,,1,,,,,,,0,1,0,0,0,False,False,False,127705042
PSABCXRT,953072,PRABMJDN,1,,Treatment,2021-06-01 16:19:37.349000+00:00,2021-06-01 16:20:55.624000+00:00,1,78.275,67.844,471,False,0.0,False,1,1,1,0,0,False,False,True,127222464
PSABCXRT,953072,PRABMJDJ,1,,Treatment,2021-06-01 16:20:56.158000+00:00,2021-06-01 16:28:46.391000+00:00,1,470.233,345.663,169.56,False,0.0,False,1,1,1,0,0,False,False,True,127222816
PSABCXRT,953072,PRABMJC8,1,,Treatment,2021-06-01 16:28:47.697000+00:00,,1,,,,,,,0,1,0,0,0,False,False,False,127225105
PSABCXRT,953073,PRABMJDG,1,,Treatment,2021-06-01 16:19:23.984000+00:00,2021-06-01 16:19:58.881000+00:00,1,34.897,16.928,0,False,0.0,True,2,1,1,0,0,False,False,True,127222398
PSABCXRT,953073,PRABMJDB,1,,Treatment,2021-06-01 16:19:59.324000+00:00,2021-06-01 16:20:32.405000+00:00,1,33.081,20.008,75.36,False,0.0,True,2,1,1,0,0,False,False,True,127222569
PSABCXRT,953073,PRABMJDE,1,,Treatment,2021-06-01 16:20:32.643000+00:00,,1,,,,,,,0,1,0,0,0,False,False,False,127222722
PSABCXRT,953078,PRABMJDE,1,,Treatment,2021-06-02 19:03:02.348000+00:00,2021-06-02 19:04:17.258000+00:00,1,74.91,74.907,351.68,True,1.0,True,1,1,0,0,0,False,False,False,127371197
PSABCXRT,953078,PRABMJDP,1,,Treatment,2021-06-02 19:04:18.207000+00:00,2021-06-02 19:05:42.099000+00:00,1,83.892,83.89,131.88,True,1.0,True,1,1,0,0,0,False,False,False,127371337
PSABCXRT,953078,PRABMJDQ,1,,Treatment,2021-06-02 19:05:42.668000+00:00,2021-06-02 19:06:33.192000+00:00,1,50.524,50.522,527.52,True,1.0,True,1,1,0,0,0,False,False,False,127371488
PSABCXRT,953078,PRABMK79,1,,Nonexperimental,2021-06-02 19:06:35.858000+00:00,2021-06-02 19:06:39.291000+00:00,1,3.433,3.432,Ok!,True,1.0,True,1,0,0,0,0,False,False,False,127371564
PSABCXRT,953078,PRABMK7S,1,,Posttest,2021-06-02 19:06:40.521000+00:00,2021-06-02 19:06:42.841000+00:00,1,2.32,2.316,Ok!,True,1.0,True,1,0,0,0,0,False,False,False,127371568
PSABCXRT,953078,PRABMK7T,1,,Posttest,2021-06-02 19:06:43.811000+00:00,2021-06-02 19:12:53.813000+00:00,1,370.002,370.0,"Top , Bottom",False,0.0,True,1,0,0,0,0,False,False,False,127371575
PSABCXRT,953078,PRABMK7U,1,,Posttest,2021-06-02 19:12:54.982000+00:00,2021-06-02 19:14:02.380000+00:00,1,67.398,67.397,5.12,False,0.0,True,1,0,0,0,0,False,False,False,127372207
PSABCXRT,953078,PRABMK7V,1,,Posttest,2021-06-02 19:14:02.773000+00:00,2021-06-02 19:15:20.427000+00:00,1,77.654,77.653,56.52,False,0.0,True,1,0,0,0,0,False,False,False,127372329
PSABCXRT,953078,PRABMK7W,1,,Posttest,2021-06-02 19:15:20.687000+00:00,2021-06-02 19:16:06.863000+00:00,1,46.176,46.175,113.04,True,1.0,True,1,0,0,0,0,False,False,False,127372447
PSABCXRT,953078,PRABMK7X,1,,Posttest,2021-06-02 19:16:07.114000+00:00,2021-06-02 19:17:04.052000+00:00,1,56.938,56.937,628,True,1.0,True,1,0,0,0,0,False,False,False,127372538
PSABCXRT,953078,PRABMK7Y,1,,Posttest,2021-06-02 19:17:04.338000+00:00,2021-06-02 19:18:57.243000+00:00,1,112.905,112.903,527.52,False,0.0,True,1,0,0,0,0,False,False,False,127372623
PSABCXRT,953086,PRABMJDB,1,,Treatment,2021-06-01 16:19:45.508000+00:00,2021-06-01 16:20:18.533000+00:00,1,33.025,6.026,0,False,0.0,True,2,1,1,0,0,False,False,True,127222506
PSABCXRT,953086,PRABMJDM,1,,Treatment,2021-06-01 16:20:19.842000+00:00,,1,14.918,14.918,50.24,False,0.666666666666667,True,1,1,0,0,0,False,False,False,127222661
PSABCXRT,953098,PRACKJW,1,,Control,2021-06-01 16:21:05.163000+00:00,,1,879.393,590.592,2,False,0.0,True,1,1,1,0,0,False,False,False,127222846
PSABCXRT,953110,PRABMJDF,1,,Treatment,2021-06-01 16:19:19.105000+00:00,2021-06-01 16:22:21.125000+00:00,2,182.02,182.015,125.6,True,1.0,True,1,1,0,0,0,False,False,False,127222377
PSABCXRT,953110,PRABMJDJ,1,,Treatment,2021-06-01 16:22:21.614000+00:00,2021-06-01 16:23:46.412000+00:00,1,84.798,43.43,189.56,False,0.0,True,3,1,1,0,0,False,False,True,127223220
PSABCXRT,953110,PRABMJDC,1,,Treatment,2021-06-01 16:23:46.704000+00:00,2021-06-01 16:24:29.200000+00:00,1,42.496,42.489,200.96,True,1.0,True,1,1,0,0,0,False,False,False,127223628
PSABCXRT,953110,PRABMJDE,1,,Treatment,2021-06-01 16:24:29.492000+00:00,2021-06-01 16:24:59.392000+00:00,1,29.9,29.896,351.68,True,1.0,True,1,1,0,0,0,False,False,False,127223820
PSABCXRT,953110,PRABMJDD,1,,Treatment,2021-06-01 16:24:59.714000+00:00,2021-06-01 16:26:59.611000+00:00,1,119.897,119.895,75.36,True,1.0,True,1,1,0,0,0,False,False,False,127223959
PSABCXRT,953110,PRABMK79,1,,Nonexperimental,2021-06-01 16:27:00.397000+00:00,2021-06-01 16:27:04.481000+00:00,1,4.084,4.082,Ok!,True,1.0,True,1,0,0,0,0,False,False,False,127224530
PSABCXRT,953110,PRABMK7S,1,,Posttest,2021-06-01 16:27:06.999000+00:00,2021-06-01 16:27:10.592000+00:00,1,3.593,3.591,Ok!,True,1.0,True,1,0,0,0,0,False,False,False,127224559
PSABCXRT,953110,PRABMK7T,1,,Posttest,2021-06-01 16:27:11.982000+00:00,2021-06-01 16:27:24.159000+00:00,1,12.177,12.174,"Top , Bottom , Side",True,1.0,True,1,0,0,0,0,False,False,False,127224586
PSABCXRT,953110,PRABMK7U,1,,Posttest,2021-06-01 16:27:25.464000+00:00,2021-06-01 16:27:51.945000+00:00,1,26.481,26.478,25.12,True,1.0,True,1,0,0,0,0,False,False,False,127224658
PSABCXRT,953110,PRABMK7V,1,,Posttest,2021-06-01 16:27:52.315000+00:00,2021-06-01 16:28:10.363000+00:00,1,18.048,18.046,7,False,0.0,True,1,0,0,0,0,False,False,False,127224796
PSABCXRT,953110,PRABMK7W,1,,Posttest,2021-06-01 16:28:10.896000+00:00,2021-06-01 16:28:12.848000+00:00,1,1.952,1.949,7,False,0.0,True,1,0,0,0,0,False,False,False,127224909
PSABCXRT,953110,PRABMK7X,1,,Posttest,2021-06-01 16:28:13.129000+00:00,2021-06-01 16:28:14.495000+00:00,1,1.366,1.363,7,False,0.0,True,1,0,0,0,0,False,False,False,127224917
PSABCXRT,953110,PRABMK7Y,1,,Posttest,2021-06-01 16:28:14.756000+00:00,2021-06-01 16:28:15.872000+00:00,1,1.116,1.114,7,False,0.0,True,1,0,0,0,0,False,False,False,127224927
PSABCXRT,953167,PRABMJDJ,1,,Treatment,2021-06-01 16:19:59.601000+00:00,2021-06-01 16:23:19.296000+00:00,1,199.695,114.179,0,False,0.0,True,2,1,1,0,0,False,False,True,127222571
PSABCXRT,953167,PRABMJC9,1,,Treatment,2021-06-01 16:23:20.680000+00:00,2021-06-01 16:23:59.802000+00:00,1,39.122,39.114,138.16,True,1.0,True,1,1,0,0,0,False,False,False,127223508
PSABCXRT,953167,PRABMJC6,1,,Treatment,2021-06-01 16:24:01.190000+00:00,2021-06-01 16:25:29.265000+00:00,1,88.075,51.134,408.2,False,0.0,False,1,1,1,0,0,False,False,True,127223690
PSABCXRT,953167,PRABMJDE,1,,Treatment,2021-06-01 16:26:45.693000+00:00,,1,72.527,66.915,150.72,False,0.0,True,1,1,1,0,0,False,False,True,127224466
PSABCXRT,953456,PRABMJDE,1,,Treatment,2021-06-01 16:21:37.491000+00:00,2021-06-01 16:22:11.279000+00:00,1,33.788,5.187,68.,False,0.0,True,2,1,1,0,0,False,False,True,127222994
PSABCXRT,953456,PRABMJDN,1,,Treatment,2021-06-01 16:22:12.384000+00:00,2021-06-01 16:24:42.648000+00:00,1,150.264,133.02,392,False,0.0,True,2,1,1,0,0,False,False,True,127223173
PSABCXRT,953456,PRABMJC8,1,,Treatment,2021-06-01 16:24:44.125000+00:00,2021-06-01 16:25:15.425000+00:00,1,31.3,5.061,88,False,0.0,True,2,1,2,0,0,False,False,True,127223872
PSABCXRT,953456,PRABMJDA,1,,Treatment,2021-06-01 16:25:16.353000+00:00,,1,,,,,,,0,1,0,0,0,False,False,False,127224038
PSABCXRT,954192,PRACKJP,1,,Control,2021-06-01 16:19:51.636000+00:00,2021-06-01 16:21:46.446000+00:00,1,114.81,82.08,55,False,0.0,True,2,1,1,0,0,False,False,True,127222532
PSABCXRT,954192,PRACKHX,1,,Control,2021-06-01 16:21:47.939000+00:00,,1,,,,,,,0,1,0,0,0,False,False,False,127223046
PSABCXRT,956361,PRACKG6,1,,Control,2021-06-01 16:19:13.560000+00:00,2021-06-01 16:20:51.825000+00:00,1,98.265,78.82,138.16,False,0.0,False,1,1,2,0,0,False,False,True,127222360
PSABCXRT,956361,PRACKHD,1,,Control,2021-06-01 16:20:52.341000+00:00,2021-06-01 16:21:24.585000+00:00,1,32.244,12.427,40,False,0.0,True,2,1,2,0,0,False,False,True,127222807
PSABCXRT,956361,PRACKHJ,1,,Control,2021-06-01 16:21:25.090000+00:00,2021-06-01 16:21:41.610000+00:00,1,16.52,2.761,131.88,False,0.0,False,1,1,2,0,0,False,False,True,127222934
PSABCXRT,956361,PRACKGG,1,,Control,2021-06-01 16:21:43.128000+00:00,,1,,,,,,,0,1,0,0,0,False,False,False,127223026
PSABCXRT,1015311,PRABMJDP,1,,Treatment,2021-04-29 17:17:01.732000+00:00,,2,1731770.531,1731381.805,7.64 ^3,False,0.0,False,1,1,2,0,0,False,False,False,121889614
PSABCXRT,1015319,PRABMJDD,1,,Treatment,2021-04-29 17:29:52.686000+00:00,2021-04-29 17:32:02.759000+00:00,1,130.073,82.859,75.36,False,0.0,False,1,1,1,0,0,False,False,True,121898952
PSABCXRT,1015319,PRABMJDB,1,,Treatment,2021-04-29 17:32:06.702000+00:00,,1,,,,,,,0,1,0,0,0,False,False,False,121900533
PSABCXRT,1021303,PRABMJDE,1,,Treatment,2021-06-11 00:30:17.626000+00:00,,1,142.06,142.06,40,False,0.666666666666667,True,1,1,0,0,0,False,False,False,127853786
