school_id,teacher_count,class_count,user_count,assignment_log_count,school_start_year,school_end_year,middle_school_pop,a/s
01510015,7,12,127,438,2007,2008,412.0,1.0631067961165048
01510015,3,8,155,1486,2008,2009,412.0,3.6067961165048543
01510015,11,24,279,3565,2009,2010,412.0,8.652912621359222
01510015,14,52,1286,36958,2010,2011,412.0,89.70388349514563
01510015,11,59,1240,43812,2011,2012,412.0,106.33980582524272
01510015,8,34,846,34345,2012,2013,412.0,83.3616504854369
01510015,6,34,629,29736,2013,2014,412.0,72.1747572815534
01510015,4,15,249,8538,2014,2015,412.0,20.723300970873787
01510015,4,7,195,1586,2015,2016,412.0,3.849514563106796
02710030,2,2,2,5,2007,2008,1009.0,0.004955401387512388
02710030,1,2,31,148,2008,2009,1009.0,0.1466798810703667
02710030,7,9,489,1997,2009,2010,1009.0,1.9791873141724479
02710030,48,105,2371,18092,2010,2011,1009.0,17.930624380574827
02710030,45,89,2515,14905,2011,2012,1009.0,14.77205153617443
02710030,25,41,746,5882,2012,2013,1009.0,5.829534192269574
02710030,12,31,703,8557,2013,2014,1009.0,8.480673934588701
02710030,10,22,552,5635,2014,2015,1009.0,5.584737363726462
02710030,9,18,313,11700,2015,2016,1009.0,11.595639246778989
02710030,13,27,521,11279,2016,2017,1009.0,11.178394449950446
02710030,8,16,368,8692,2017,2018,1009.0,8.614469772051535
03480405,5,10,174,2875,2007,2008,623.0,4.614767255216694
03480405,2,4,182,4863,2008,2009,623.0,7.80577849117175
03480405,5,17,156,12485,2009,2010,623.0,20.040128410914928
03480405,17,36,680,7040,2010,2011,623.0,11.30016051364366
03480405,25,55,1153,29116,2011,2012,623.0,46.73515248796148
03480405,11,19,441,15837,2012,2013,623.0,25.42054574638844
03480405,12,19,435,4206,2013,2014,623.0,6.751203852327448
03480405,10,18,400,3002,2014,2015,623.0,4.818619582664526
03480405,3,5,135,1588,2015,2016,623.0,2.548956661316212
03480405,6,11,228,1928,2016,2017,623.0,3.0947030497592296
03480415,8,19,265,1292,2007,2008,978.0,1.3210633946830266
03480415,4,9,302,5076,2008,2009,978.0,5.190184049079755
03480415,17,27,1273,8783,2009,2010,978.0,8.980572597137014
03480415,48,88,1709,36894,2010,2011,978.0,37.7239263803681
03480415,24,58,1322,42307,2011,2012,978.0,43.258691206543965
03480415,27,74,1354,34547,2012,2013,978.0,35.3241308793456
03480415,20,60,1341,26098,2013,2014,978.0,26.685071574642127
03480415,29,75,1471,31989,2014,2015,978.0,32.70858895705521
03480415,16,41,1201,31306,2015,2016,978.0,32.010224948875255
03480415,11,34,1064,21886,2016,2017,978.0,22.378323108384457
03480415,11,25,875,17879,2017,2018,978.0,18.28118609406953
03480420,1,2,5,6,2007,2008,821.0,0.007308160779537149
03480420,8,10,183,710,2009,2010,821.0,0.8647990255785627
03480420,5,8,157,692,2010,2011,821.0,0.8428745432399513
03480420,3,8,259,2678,2011,2012,821.0,3.2618757612667477
03480420,1,4,102,598,2012,2013,821.0,0.728380024360536
03480420,1,1,27,505,2013,2014,821.0,0.6151035322777101
03480420,13,22,482,1371,2014,2015,821.0,1.6699147381242387
03480420,6,6,111,2045,2015,2016,821.0,2.490864799025579
03480420,6,11,204,1263,2016,2017,821.0,1.53836784409257
03480423,11,22,145,2309,2007,2008,865.0,2.669364161849711
03480423,3,7,148,607,2008,2009,865.0,0.7017341040462428
03480423,9,10,104,446,2009,2010,865.0,0.5156069364161849
03480423,13,18,202,3386,2010,2011,865.0,3.914450867052023
03480423,22,51,749,13258,2011,2012,865.0,15.327167630057803
03480423,14,48,889,18036,2012,2013,865.0,20.850867052023123
03480423,7,29,316,2614,2013,2014,865.0,3.0219653179190753
03480423,3,7,180,1352,2014,2015,865.0,1.563005780346821
03480423,5,10,276,892,2015,2016,865.0,1.0312138728323699
03480423,1,1,72,140,2016,2017,865.0,0.16184971098265896
02260405,1,1,2,10,2009,2010,283.0,0.0353356890459364
02260405,4,6,156,714,2010,2011,283.0,2.522968197879859
02260405,8,26,495,7267,2011,2012,283.0,25.67844522968198
02260405,4,11,129,6711,2012,2013,283.0,23.713780918727917
02260405,4,9,162,5163,2013,2014,283.0,18.243816254416963
02260405,2,4,98,5858,2014,2015,283.0,20.699646643109542
02260405,6,7,181,3908,2015,2016,283.0,13.809187279151944
02260405,7,16,235,2417,2016,2017,283.0,8.540636042402827
02260405,4,7,180,2665,2017,2018,283.0,9.416961130742049
03480350,2,2,70,104,2009,2010,181.0,0.574585635359116
03480350,2,4,33,92,2010,2011,181.0,0.5082872928176796
03480350,6,13,236,2301,2011,2012,181.0,12.712707182320441
03480350,3,8,215,2988,2012,2013,181.0,16.50828729281768
03480350,1,1,1,1,2014,2015,181.0,0.0055248618784530384
03480350,1,2,126,855,2015,2016,181.0,4.723756906077348
03480350,1,5,56,193,2016,2017,181.0,1.0662983425414365
00140405,2,2,2,3,2010,2011,601.0,0.004991680532445923
00140405,2,2,35,80,2011,2012,601.0,0.13311148086522462
00140405,1,3,85,1159,2013,2014,601.0,1.9284525790349418
00140405,3,7,111,553,2014,2015,601.0,0.9201331114808652
00140405,4,8,182,860,2015,2016,601.0,1.4309484193011648
00140405,1,1,3,9,2016,2017,601.0,0.014975041597337771
00140405,1,1,1,1,2017,2018,601.0,0.0016638935108153079
00170305,1,1,1,3,2010,2011,632.0,0.004746835443037975
00170305,10,13,135,284,2011,2012,632.0,0.44936708860759494
00170305,6,15,359,1919,2012,2013,632.0,3.036392405063291
00170305,5,13,250,878,2013,2014,632.0,1.389240506329114
00170305,7,18,390,4870,2014,2015,632.0,7.705696202531645
00170305,4,15,382,7163,2015,2016,632.0,11.333860759493671
00170305,3,14,265,1765,2016,2017,632.0,2.7927215189873418
00170305,3,12,235,1909,2017,2018,632.0,3.0205696202531644
00250315,5,5,11,16,2010,2011,359.0,0.04456824512534819
00250315,26,32,537,16200,2011,2012,359.0,45.12534818941504
00250315,11,26,723,26528,2012,2013,359.0,73.8941504178273
00250315,13,32,805,46823,2013,2014,359.0,130.42618384401115
00250315,8,19,643,48200,2014,2015,359.0,134.26183844011143
00250315,13,26,585,19978,2015,2016,359.0,55.64902506963789
00250315,12,20,509,22666,2016,2017,359.0,63.136490250696376
00250315,6,13,334,19454,2017,2018,359.0,54.18941504178273
00970315,1,2,26,50,2010,2011,430.0,0.11627906976744186
00970315,4,5,29,134,2011,2012,430.0,0.3116279069767442
00970315,2,4,3,23,2012,2013,430.0,0.053488372093023255
00970315,1,3,64,104,2016,2017,430.0,0.24186046511627907
01000302,4,6,69,229,2010,2011,535.0,0.4280373831775701
01000302,2,2,40,464,2011,2012,535.0,0.8672897196261682
01000302,4,9,111,776,2012,2013,535.0,1.4504672897196262
01000302,1,2,91,2597,2014,2015,535.0,4.8542056074766355
01000302,1,5,81,373,2015,2016,535.0,0.697196261682243
01000302,1,2,40,49,2017,2018,535.0,0.09158878504672897
01100305,19,44,865,4121,2010,2011,524.0,7.864503816793893
01100305,22,53,1243,17396,2011,2012,524.0,33.19847328244275
01100305,14,23,439,10256,2012,2013,524.0,19.572519083969464
01100305,8,13,343,10482,2013,2014,524.0,20.00381679389313
01100305,6,16,311,15439,2014,2015,524.0,29.463740458015266
01100305,4,12,122,5309,2015,2016,524.0,10.131679389312977
01100305,3,8,112,3850,2016,2017,524.0,7.347328244274809
01100305,3,6,85,2393,2017,2018,524.0,4.566793893129771
01530045,3,5,32,175,2010,2011,491.0,0.3564154786150713
01530045,1,1,4,13,2011,2012,491.0,0.026476578411405296
01530045,5,8,81,191,2015,2016,491.0,0.3890020366598778
01530045,5,13,344,2009,2016,2017,491.0,4.091649694501018
01530045,2,5,126,618,2017,2018,491.0,1.2586558044806517
01530320,5,6,11,16,2010,2011,895.0,0.017877094972067038
01530320,30,50,479,5579,2011,2012,895.0,6.233519553072625
01530320,15,28,473,5842,2012,2013,895.0,6.5273743016759775
01530320,14,44,1435,37095,2013,2014,895.0,41.44692737430167
01530320,10,34,1167,46503,2014,2015,895.0,51.9586592178771
01530320,13,31,1305,40655,2015,2016,895.0,45.42458100558659
01530320,16,44,1264,29765,2016,2017,895.0,33.25698324022346
01530320,13,28,729,22548,2017,2018,895.0,25.193296089385473
01860025,5,7,57,242,2010,2011,144.0,1.6805555555555556
01860025,3,3,43,830,2011,2012,144.0,5.763888888888889
01860025,1,1,1,4,2013,2014,144.0,0.027777777777777776
01860025,2,5,70,385,2014,2015,144.0,2.673611111111111
01860025,6,9,70,157,2015,2016,144.0,1.0902777777777777
01860025,4,8,78,986,2016,2017,144.0,6.847222222222222
01860025,5,11,65,139,2017,2018,144.0,0.9652777777777778
01860505,9,10,170,1299,2010,2011,272.0,4.775735294117647
01860505,6,14,373,5598,2011,2012,272.0,20.580882352941178
01860505,9,9,213,1449,2012,2013,272.0,5.327205882352941
01860505,6,9,297,1254,2013,2014,272.0,4.610294117647059
01860505,3,3,129,394,2014,2015,272.0,1.4485294117647058
01860505,2,2,12,60,2015,2016,272.0,0.22058823529411764
01860505,3,5,155,1326,2017,2018,272.0,4.875
02080005,2,2,7,24,2010,2011,121.0,0.19834710743801653
02080005,3,3,9,176,2011,2012,121.0,1.4545454545454546
02080005,1,3,5,49,2012,2013,121.0,0.4049586776859504
02710305,12,26,392,3379,2010,2011,503.0,6.717693836978131
02710305,14,27,647,5654,2011,2012,503.0,11.240556660039761
02710305,17,31,966,12307,2012,2013,503.0,24.467196819085487
02710305,11,18,588,6740,2013,2014,503.0,13.399602385685885
02710305,14,21,401,5424,2014,2015,503.0,10.783300198807156
02710305,6,9,253,4760,2015,2016,503.0,9.463220675944333
02710305,7,19,391,4513,2016,2017,503.0,8.972166998011929
02710305,5,12,366,2443,2017,2018,503.0,4.856858846918489
03150305,3,4,7,10,2010,2011,637.0,0.015698587127158554
03150305,21,29,484,2845,2011,2012,637.0,4.466248037676609
03150305,15,25,615,13201,2012,2013,637.0,20.72370486656201
03150305,12,18,275,11955,2013,2014,637.0,18.767660910518053
03150305,11,30,628,12381,2014,2015,637.0,19.436420722135008
03150305,9,26,520,12188,2015,2016,637.0,19.13343799058085
03150305,15,44,645,13019,2016,2017,637.0,20.437990580847725
03150305,11,21,370,10956,2017,2018,637.0,17.199372056514914
03460305,3,5,90,178,2010,2011,482.0,0.36929460580912865
03460305,1,5,109,2725,2016,2017,482.0,5.653526970954357
03460305,1,4,24,75,2017,2018,482.0,0.15560165975103735
03480225,3,4,68,595,2010,2011,37.0,16.08108108108108
03480225,1,2,116,11183,2011,2012,37.0,302.2432432432432
03480225,1,4,92,10212,2012,2013,37.0,276.0
03480225,1,1,91,352,2013,2014,37.0,9.513513513513514
07250305,3,3,16,22,2010,2011,249.0,0.08835341365461848
07250305,3,3,9,21,2011,2012,249.0,0.08433734939759036
07250305,2,6,8,50,2012,2013,249.0,0.20080321285140562
07250305,1,3,4,14,2013,2014,249.0,0.05622489959839357
07250305,1,1,1,1,2014,2015,249.0,0.004016064257028112
07250305,1,1,42,1594,2015,2016,249.0,6.401606425702811
07250305,1,2,50,1813,2016,2017,249.0,7.281124497991968
07250310,1,1,1,1,2010,2011,301.0,0.0033222591362126247
07250310,5,9,346,4765,2011,2012,301.0,15.830564784053156
07250310,2,6,81,1020,2012,2013,301.0,3.388704318936877
07250310,2,4,87,454,2013,2014,301.0,1.5083056478405317
00050405,2,3,67,170,2011,2012,573.0,0.29668411867364747
00050405,13,31,594,2434,2012,2013,573.0,4.2478184991273995
00050405,6,14,310,7817,2013,2014,573.0,13.642233856893542
00050405,7,10,350,9095,2014,2015,573.0,15.87260034904014
00050405,6,7,220,1955,2015,2016,573.0,3.411867364746946
00050405,2,3,154,404,2016,2017,573.0,0.7050610820244329
00050405,2,3,150,887,2017,2018,573.0,1.5479930191972078
00350430,1,1,54,54,2011,2012,306.0,0.17647058823529413
00350560,1,2,92,2755,2011,2012,797.0,3.4567126725219572
00350560,1,1,1,1,2012,2013,797.0,0.0012547051442910915
00350560,2,5,77,1470,2013,2014,797.0,1.8444165621079047
00350560,1,2,43,1948,2014,2015,797.0,2.4441656210790463
00350560,3,6,66,457,2015,2016,797.0,0.5734002509410289
00350560,1,1,19,22,2017,2018,797.0,0.027603513174404015
00500305,2,5,111,707,2011,2012,736.0,0.9605978260869565
00500305,7,11,218,602,2012,2013,736.0,0.8179347826086957
00500305,10,14,250,626,2013,2014,736.0,0.8505434782608695
00500305,9,17,278,6201,2014,2015,736.0,8.425271739130435
00500305,3,7,185,4935,2015,2016,736.0,6.705163043478261
00500305,6,19,277,5104,2016,2017,736.0,6.934782608695652
00500305,5,13,247,4318,2017,2018,736.0,5.866847826086956
00640305,6,7,94,380,2011,2012,389.0,0.9768637532133676
00640305,3,4,33,121,2012,2013,389.0,0.3110539845758355
00640305,2,5,73,920,2013,2014,389.0,2.365038560411311
00640305,1,1,14,50,2014,2015,389.0,0.12853470437017994
00640305,2,2,36,146,2015,2016,389.0,0.37532133676092544
00640305,2,4,34,69,2016,2017,389.0,0.17737789203084833
00930018,2,2,82,2081,2011,2012,286.0,7.276223776223776
00930018,2,4,137,7040,2012,2013,286.0,24.615384615384617
00930018,2,4,158,10892,2013,2014,286.0,38.08391608391609
00930018,2,3,173,11516,2014,2015,286.0,40.26573426573427
00930018,1,2,131,17548,2015,2016,286.0,61.35664335664335
00930018,1,3,130,12842,2016,2017,286.0,44.9020979020979
00930018,1,2,108,18193,2017,2018,286.0,63.61188811188811
00930038,1,2,9,61,2011,2012,319.0,0.19122257053291536
00930038,1,1,6,21,2012,2013,319.0,0.06583072100313479
01010310,2,2,3,5,2011,2012,441.0,0.011337868480725623
01010310,1,5,124,689,2012,2013,441.0,1.562358276643991
01010310,1,1,116,809,2013,2014,441.0,1.8344671201814058
01010310,1,1,125,1240,2014,2015,441.0,2.811791383219955
01010310,1,1,117,711,2015,2016,441.0,1.6122448979591837
01370030,2,2,36,126,2011,2012,221.0,0.5701357466063348
01370030,3,5,106,511,2013,2014,221.0,2.3122171945701355
01370030,3,4,160,677,2014,2015,221.0,3.063348416289593
01370030,2,5,138,756,2015,2016,221.0,3.420814479638009
01370030,2,5,48,640,2016,2017,221.0,2.8959276018099547
01370030,2,6,85,691,2017,2018,221.0,3.1266968325791855
01370040,2,2,131,2060,2011,2012,151.0,13.642384105960264
01390305,13,14,333,1274,2011,2012,805.0,1.5826086956521739
01390305,6,7,230,1383,2012,2013,805.0,1.7180124223602484
01390305,5,5,156,1013,2013,2014,805.0,1.2583850931677019
01390305,6,6,269,1411,2014,2015,805.0,1.7527950310559006
01390305,2,2,103,839,2015,2016,805.0,1.0422360248447204
01390305,1,1,16,75,2016,2017,805.0,0.09316770186335403
01390305,1,1,18,88,2017,2018,805.0,0.1093167701863354
01590017,1,1,10,10,2011,2012,342.0,0.029239766081871343
01590305,2,2,24,64,2011,2012,330.0,0.19393939393939394
01590305,1,1,15,71,2012,2013,330.0,0.21515151515151515
01590305,2,4,75,374,2013,2014,330.0,1.1333333333333333
01590305,1,1,2,3,2014,2015,330.0,0.00909090909090909
01770305,5,5,93,380,2011,2012,529.0,0.718336483931947
01770305,7,17,246,12688,2012,2013,529.0,23.984877126654066
01770305,3,9,164,12166,2013,2014,529.0,22.998109640831757
01770305,3,8,152,13795,2014,2015,529.0,26.07750472589792
01770305,3,8,172,10242,2015,2016,529.0,19.361058601134214
01770305,1,4,56,496,2016,2017,529.0,0.9376181474480151
01770305,1,5,102,6786,2017,2018,529.0,12.827977315689981
01850305,5,6,229,231,2011,2012,980.0,0.2357142857142857
01850305,1,1,224,224,2012,2013,980.0,0.22857142857142856
01980305,16,22,473,2756,2011,2012,469.0,5.8763326226012795
01980305,12,21,444,3959,2012,2013,469.0,8.44136460554371
01980305,8,9,390,3187,2013,2014,469.0,6.795309168443497
01980305,9,9,327,2903,2014,2015,469.0,6.189765458422174
01980305,7,8,310,3512,2015,2016,469.0,7.488272921108742
01980305,5,8,244,1469,2016,2017,469.0,3.1321961620469083
01980310,19,28,545,5843,2011,2012,694.0,8.419308357348703
01980310,9,28,563,15073,2012,2013,694.0,21.719020172910664
01980310,7,23,333,18436,2013,2014,694.0,26.564841498559076
01980310,7,19,288,6931,2014,2015,694.0,9.987031700288185
01980310,8,17,229,2834,2015,2016,694.0,4.083573487031701
01980310,7,15,157,3746,2016,2017,694.0,5.3976945244956775
01980310,3,9,99,637,2017,2018,694.0,0.9178674351585014
02040305,1,1,88,400,2011,2012,559.0,0.7155635062611807
02140305,3,3,82,602,2011,2012,566.0,1.0636042402826855
02140305,5,5,50,200,2012,2013,566.0,0.35335689045936397
02140305,3,3,96,717,2013,2014,566.0,1.2667844522968197
02140305,6,7,75,365,2014,2015,566.0,0.6448763250883393
02140305,3,6,106,616,2015,2016,566.0,1.088339222614841
02140305,3,3,64,337,2016,2017,566.0,0.5954063604240283
02260505,2,3,40,82,2011,2012,137.0,0.5985401459854015
02260505,1,4,79,225,2016,2017,137.0,1.6423357664233578
02260505,1,1,59,164,2017,2018,137.0,1.197080291970803
02510305,9,11,107,993,2011,2012,488.0,2.0348360655737703
02510305,3,17,244,7908,2012,2013,488.0,16.204918032786885
02510305,3,10,285,12794,2013,2014,488.0,26.2172131147541
02510305,1,2,46,6017,2014,2015,488.0,12.329918032786885
02510305,1,2,68,10792,2015,2016,488.0,22.114754098360656
02510305,1,3,46,8583,2016,2017,488.0,17.58811475409836
02510305,1,5,21,674,2017,2018,488.0,1.3811475409836065
02880305,2,5,43,402,2011,2012,941.0,0.42720510095642933
02880305,1,5,2,34,2012,2013,941.0,0.036131774707757705
02880305,4,6,81,910,2013,2014,941.0,0.9670563230605739
02880305,14,29,348,2157,2014,2015,941.0,2.2922422954303934
02880305,10,14,196,2157,2015,2016,941.0,2.2922422954303934
02880305,7,19,309,5400,2016,2017,941.0,5.738575982996812
02880305,14,19,471,10129,2017,2018,941.0,10.764080765143465
02920305,5,7,25,28,2011,2012,521.0,0.053742802303262956
02920305,3,5,125,1030,2012,2013,521.0,1.9769673704414588
02920305,7,8,238,5093,2013,2014,521.0,9.775431861804222
02920305,5,5,120,1011,2014,2015,521.0,1.9404990403071016
02920305,2,2,58,702,2015,2016,521.0,1.3474088291746642
02920305,1,1,48,555,2016,2017,521.0,1.0652591170825336
02920305,1,1,52,659,2017,2018,521.0,1.2648752399232246
03070305,17,24,545,3607,2011,2012,491.0,7.346232179226069
03070305,5,6,205,2497,2012,2013,491.0,5.085539714867617
03070305,3,5,302,3078,2013,2014,491.0,6.268839103869654
03070305,3,3,264,2467,2014,2015,491.0,5.024439918533605
03070305,2,2,119,2259,2015,2016,491.0,4.6008146639511205
03070305,2,4,160,3924,2016,2017,491.0,7.991853360488799
03070305,2,4,147,2579,2017,2018,491.0,5.2525458248472505
03070310,12,18,255,2157,2011,2012,448.0,4.814732142857143
03070310,3,4,43,137,2012,2013,448.0,0.30580357142857145
03210305,3,5,124,428,2011,2012,600.0,0.7133333333333334
03210305,4,7,156,364,2012,2013,600.0,0.6066666666666667
03210305,2,3,97,542,2013,2014,600.0,0.9033333333333333
03210305,1,1,8,10,2016,2017,600.0,0.016666666666666666
03320305,6,6,91,272,2011,2012,899.0,0.3025583982202447
03320305,9,12,181,1119,2012,2013,899.0,1.2447163515016686
03320305,6,10,541,1681,2013,2014,899.0,1.8698553948832035
03320305,6,8,436,1072,2014,2015,899.0,1.1924360400444938
03320305,4,10,303,1175,2015,2016,899.0,1.3070077864293659
03320305,4,4,85,182,2016,2017,899.0,0.20244716351501668
03320305,2,3,12,144,2017,2018,899.0,0.16017797552836485
03360020,1,1,5,41,2011,2012,880.0,0.04659090909090909
03360020,1,1,4,4,2012,2013,880.0,0.004545454545454545
03480215,1,2,2,2,2011,2012,42.0,0.047619047619047616
04360305,1,1,4,4,2011,2012,164.0,0.024390243902439025
04450105,1,5,20,279,2011,2012,358.0,0.7793296089385475
04450105,1,1,2,2,2013,2014,358.0,0.00558659217877095
04460550,2,6,97,2120,2011,2012,389.0,5.4498714652956295
04460550,1,5,111,694,2012,2013,389.0,1.7840616966580978
04460550,1,2,42,429,2013,2014,389.0,1.1028277634961439
04460550,1,3,62,435,2016,2017,389.0,1.1182519280205656
06100305,1,1,1,4,2011,2012,573.0,0.006980802792321117
06100305,5,10,226,424,2012,2013,573.0,0.7399650959860384
06100305,2,2,98,280,2013,2014,573.0,0.4886561954624782
06100305,2,2,54,127,2014,2015,573.0,0.22164048865619546
06100305,1,1,50,157,2015,2016,573.0,0.27399650959860383
06100305,1,1,1,1,2016,2017,573.0,0.0017452006980802793
06220405,5,5,21,152,2011,2012,426.0,0.3568075117370892
06220405,6,14,162,627,2012,2013,426.0,1.471830985915493
06220405,4,7,190,2901,2013,2014,426.0,6.809859154929577
06220405,7,13,257,15904,2014,2015,426.0,37.333333333333336
06220405,2,13,187,10290,2015,2016,426.0,24.154929577464788
06220405,1,1,40,923,2016,2017,426.0,2.1666666666666665
07700405,6,10,147,1391,2011,2012,590.0,2.357627118644068
07700405,4,8,150,866,2012,2013,590.0,1.4677966101694915
07700405,1,2,22,28,2013,2014,590.0,0.04745762711864407
07700405,2,2,13,21,2014,2015,590.0,0.03559322033898305
07700405,2,3,102,3173,2015,2016,590.0,5.377966101694915
07700405,2,3,48,3415,2016,2017,590.0,5.788135593220339
07750040,5,11,202,411,2011,2012,191.0,2.1518324607329844
07750040,4,10,189,1095,2012,2013,191.0,5.732984293193717
07750040,2,4,42,1619,2013,2014,191.0,8.476439790575917
07750040,2,6,170,20260,2014,2015,191.0,106.07329842931937
07750040,2,7,177,13288,2015,2016,191.0,69.57068062827226
07750040,3,8,181,4770,2016,2017,191.0,24.973821989528794
07750040,2,3,41,2487,2017,2018,191.0,13.020942408376964
07750305,5,5,48,195,2011,2012,802.0,0.243142144638404
07750305,3,3,24,222,2012,2013,802.0,0.27680798004987534
07750305,4,6,163,1248,2013,2014,802.0,1.5561097256857854
07750305,2,3,197,12081,2014,2015,802.0,15.063591022443891
07750305,1,1,109,5317,2015,2016,802.0,6.629675810473816
07750305,4,6,226,9976,2016,2017,802.0,12.438902743142144
07750305,4,7,157,8333,2017,2018,802.0,10.390274314214464
07750310,18,29,416,3639,2011,2012,372.0,9.78225806451613
07750310,4,9,177,3681,2012,2013,372.0,9.89516129032258
07750310,2,8,90,1607,2013,2014,372.0,4.31989247311828
07750310,4,5,277,3170,2014,2015,372.0,8.521505376344086
07750310,3,7,135,3585,2015,2016,372.0,9.637096774193548
07750310,2,5,120,368,2016,2017,372.0,0.989247311827957
07780010,1,1,2,6,2011,2012,41.0,0.14634146341463414
00860305,4,9,105,525,2012,2013,328.0,1.600609756097561
01360305,1,1,1,1,2012,2013,677.0,0.0014771048744460858
01550305,1,3,52,255,2012,2013,926.0,0.275377969762419
01550305,3,4,112,444,2013,2014,926.0,0.4794816414686825
01550305,3,3,148,526,2014,2015,926.0,0.5680345572354212
01550305,2,4,23,71,2015,2016,926.0,0.07667386609071274
01550305,1,1,90,143,2016,2017,926.0,0.15442764578833693
01550310,5,7,57,263,2012,2013,887.0,0.2965050732807215
01550310,6,8,214,1032,2013,2014,887.0,1.1634723788049606
01550310,4,6,60,185,2014,2015,887.0,0.20856820744081173
01550310,3,3,54,126,2015,2016,887.0,0.14205186020293123
01550310,1,1,20,44,2016,2017,887.0,0.0496054114994363
01550310,1,1,15,22,2017,2018,887.0,0.02480270574971815
01750305,3,3,2,5,2012,2013,622.0,0.008038585209003215
01750305,2,2,2,6,2014,2015,622.0,0.00964630225080386
01870020,4,4,182,700,2012,2013,314.0,2.229299363057325
01870020,3,4,21,58,2013,2014,314.0,0.18471337579617833
01870020,2,2,74,1038,2015,2016,314.0,3.305732484076433
01870020,3,5,228,2690,2016,2017,314.0,8.566878980891719
01870020,6,9,185,4243,2017,2018,314.0,13.512738853503185
02010415,4,7,225,4799,2012,2013,805.0,5.961490683229814
02010415,1,1,1,1,2014,2015,805.0,0.0012422360248447205
02010415,1,2,38,415,2015,2016,805.0,0.515527950310559
02010415,1,1,26,95,2016,2017,805.0,0.11801242236024845
02010415,1,1,18,86,2017,2018,805.0,0.10683229813664596
02760305,2,3,57,293,2012,2013,460.0,0.6369565217391304
02760305,4,4,6,10,2014,2015,460.0,0.021739130434782608
02760305,3,3,24,350,2015,2016,460.0,0.7608695652173914
02760305,3,3,37,246,2016,2017,460.0,0.5347826086956522
03080404,2,2,24,300,2012,2013,512.0,0.5859375
03080404,3,6,166,2239,2013,2014,512.0,4.373046875
03080404,3,3,45,357,2014,2015,512.0,0.697265625
03080404,2,3,41,255,2015,2016,512.0,0.498046875
03080404,1,1,1,1,2016,2017,512.0,0.001953125
03080404,1,1,20,169,2017,2018,512.0,0.330078125
03080415,1,1,26,84,2012,2013,631.0,0.13312202852614896
03080415,4,7,99,1241,2015,2016,631.0,1.9667194928684628
03090305,1,1,8,32,2012,2013,115.0,0.2782608695652174
03170305,1,1,1,1,2012,2013,1128.0,0.0008865248226950354
03250305,1,1,29,29,2012,2013,676.0,0.042899408284023666
03250310,2,2,125,648,2012,2013,588.0,1.1020408163265305
03250310,1,1,21,80,2013,2014,588.0,0.1360544217687075
03260330,1,1,43,116,2012,2013,647.0,0.17928902627511592
03260330,3,4,70,347,2013,2014,647.0,0.5363214837712519
03260330,8,17,650,1203,2014,2015,647.0,1.8593508500772797
03260330,2,4,30,44,2015,2016,647.0,0.06800618238021638
03350305,4,9,132,140,2012,2013,793.0,0.17654476670870115
03420330,9,19,656,4961,2012,2013,836.0,5.934210526315789
03420330,4,6,116,1137,2013,2014,836.0,1.3600478468899522
03420330,7,10,212,1556,2014,2015,836.0,1.861244019138756
03420330,8,11,318,3965,2015,2016,836.0,4.742822966507177
03420330,4,5,104,138,2016,2017,836.0,0.16507177033492823
03420330,5,8,264,610,2017,2018,836.0,0.7296650717703349
06000405,4,4,100,554,2012,2013,964.0,0.5746887966804979
06000405,3,3,4,6,2013,2014,964.0,0.006224066390041493
06050405,3,8,98,754,2012,2013,410.0,1.8390243902439025
06050405,1,1,65,730,2013,2014,410.0,1.7804878048780488
06050405,1,4,163,628,2014,2015,410.0,1.5317073170731708
06050405,2,6,181,4310,2015,2016,410.0,10.512195121951219
06050405,1,4,152,525,2016,2017,410.0,1.2804878048780488
06050405,1,3,78,80,2017,2018,410.0,0.1951219512195122
06550405,3,3,86,618,2012,2013,527.0,1.1726755218216318
06550405,4,6,73,344,2013,2014,527.0,0.6527514231499051
06550405,2,3,181,1379,2014,2015,527.0,2.616698292220114
06550405,1,2,36,64,2015,2016,527.0,0.12144212523719165
06580310,1,7,171,3663,2012,2013,521.0,7.030710172744722
06580310,1,2,39,3223,2013,2014,521.0,6.186180422264875
06580310,1,2,47,5874,2014,2015,521.0,11.27447216890595
06580310,1,1,61,7033,2015,2016,521.0,13.499040307101728
06580310,3,8,145,6945,2016,2017,521.0,13.330134357005758
06580310,1,2,22,3527,2017,2018,521.0,6.769673704414587
06700505,1,6,37,1062,2012,2013,221.0,4.8054298642533935
06730305,1,1,3,3,2012,2013,588.0,0.00510204081632653
06730305,1,1,23,42,2013,2014,588.0,0.07142857142857142
06730305,1,1,13,23,2014,2015,588.0,0.0391156462585034
06730305,3,8,98,166,2017,2018,588.0,0.282312925170068
06830505,1,2,22,67,2012,2013,281.0,0.23843416370106763
06830505,1,1,1,1,2015,2016,281.0,0.0035587188612099642
07100015,6,12,379,2356,2012,2013,585.0,4.027350427350427
07100015,12,28,517,5012,2013,2014,585.0,8.567521367521367
07100015,3,9,137,1725,2014,2015,585.0,2.948717948717949
07100015,1,1,52,497,2015,2016,585.0,0.8495726495726496
07100015,2,2,17,249,2016,2017,585.0,0.4256410256410256
07750315,1,1,1,1,2012,2013,285.0,0.0035087719298245615
07750315,1,2,37,69,2013,2014,285.0,0.24210526315789474
00350575,2,3,23,167,2013,2014,339.0,0.49262536873156343
00350575,1,2,1,3,2014,2015,339.0,0.008849557522123894
01370025,2,2,13,37,2013,2014,115.0,0.3217391304347826
01370025,1,1,90,249,2014,2015,115.0,2.1652173913043478
01370025,1,2,193,532,2015,2016,115.0,4.626086956521739
01370025,2,3,21,43,2016,2017,115.0,0.3739130434782609
01370025,1,1,3,12,2017,2018,115.0,0.10434782608695652
01370045,3,3,23,86,2013,2014,137.0,0.6277372262773723
01370055,1,2,46,230,2013,2014,178.0,1.2921348314606742
01370055,1,1,72,864,2015,2016,178.0,4.853932584269663
01370055,1,1,69,765,2016,2017,178.0,4.297752808988764
01380505,1,1,60,147,2013,2014,186.0,0.7903225806451613
01600018,1,1,1,1,2013,2014,167.0,0.005988023952095809
01600018,4,11,189,524,2014,2015,167.0,3.1377245508982035
01600018,2,4,309,9934,2015,2016,167.0,59.48502994011976
01600018,1,1,98,151,2016,2017,167.0,0.9041916167664671
01910310,4,4,178,431,2013,2014,213.0,2.023474178403756
02520305,2,6,92,359,2013,2014,225.0,1.5955555555555556
04490305,1,2,62,1115,2013,2014,291.0,3.8316151202749142
06150305,2,6,89,346,2013,2014,292.0,1.1849315068493151
06150305,2,2,2,3,2014,2015,292.0,0.010273972602739725
06150305,1,5,45,116,2015,2016,292.0,0.3972602739726027
06150305,1,3,51,349,2016,2017,292.0,1.1952054794520548
06580305,1,1,6,15,2013,2014,457.0,0.03282275711159737
06580305,1,1,1,1,2015,2016,457.0,0.002188183807439825
06580305,1,2,36,36,2016,2017,457.0,0.0787746170678337
06580305,1,2,43,152,2017,2018,457.0,0.33260393873085337
00460005,2,2,42,66,2014,2015,243.0,0.2716049382716049
00460005,4,6,107,275,2015,2016,243.0,1.131687242798354
00460005,2,2,72,154,2016,2017,243.0,0.6337448559670782
00460005,1,1,23,253,2017,2018,243.0,1.0411522633744856
00730305,2,2,18,21,2014,2015,603.0,0.03482587064676617
00960305,2,2,25,45,2014,2015,278.0,0.1618705035971223
00960305,1,2,41,423,2015,2016,278.0,1.5215827338129497
00960305,2,3,43,169,2017,2018,278.0,0.6079136690647482
00990405,7,9,75,310,2014,2015,635.0,0.4881889763779528
00990405,4,6,14,17,2015,2016,635.0,0.026771653543307086
00990405,2,9,78,1918,2016,2017,635.0,3.0204724409448818
00990405,1,2,23,23,2017,2018,635.0,0.03622047244094488
01490525,1,1,1,2,2014,2015,372.0,0.005376344086021506
01600090,1,1,2,3,2014,2015,176.0,0.017045454545454544
01600360,1,2,2,2,2014,2015,524.0,0.003816793893129771
01990405,4,6,29,66,2014,2015,854.0,0.07728337236533958
03480285,2,3,44,271,2014,2015,88.0,3.0795454545454546
03480285,4,10,216,3567,2015,2016,88.0,40.53409090909091
03480285,2,5,107,233,2017,2018,88.0,2.647727272727273
04300305,2,3,11,11,2014,2015,461.0,0.02386117136659436
06200505,5,13,321,13551,2014,2015,276.0,49.09782608695652
06200505,3,7,195,9653,2015,2016,276.0,34.97463768115942
06200505,2,4,86,1230,2016,2017,276.0,4.456521739130435
06800310,5,14,480,1615,2014,2015,608.0,2.65625
06800310,3,9,144,1054,2015,2016,608.0,1.7335526315789473
06800310,1,2,22,53,2016,2017,608.0,0.08717105263157894
07170505,3,4,57,362,2014,2015,133.0,2.7218045112781954
07170505,7,10,77,315,2015,2016,133.0,2.3684210526315788
07170505,2,6,8,59,2016,2017,133.0,0.44360902255639095
07200305,3,3,39,171,2014,2015,341.0,0.501466275659824
07200305,1,1,1,1,2015,2016,341.0,0.002932551319648094
07800315,4,4,63,458,2014,2015,393.0,1.1653944020356235
07800315,3,3,38,212,2015,2016,393.0,0.539440203562341
07800315,6,14,225,4775,2016,2017,393.0,12.150127226463104
07800315,5,10,205,869,2017,2018,393.0,2.2111959287531806
00460045,5,25,243,3704,2015,2016,203.0,18.246305418719214
00460045,3,5,100,211,2016,2017,203.0,1.0394088669950738
00460045,2,7,72,102,2017,2018,203.0,0.5024630541871922
01490025,1,1,2,4,2015,2016,377.0,0.010610079575596816
02650405,3,3,5,9,2015,2016,501.0,0.017964071856287425
02650405,1,1,105,1320,2016,2017,501.0,2.6347305389221556
04960305,3,7,149,308,2015,2016,268.0,1.1492537313432836
04960305,3,6,128,279,2017,2018,268.0,1.041044776119403
06450305,6,14,234,1220,2015,2016,446.0,2.7354260089686098
06450305,9,12,134,550,2016,2017,446.0,1.2331838565022422
06450305,2,3,29,57,2017,2018,446.0,0.12780269058295965
07800310,4,4,39,204,2015,2016,575.0,0.35478260869565215
07800310,1,2,125,405,2016,2017,575.0,0.7043478260869566
07800310,1,1,21,66,2017,2018,575.0,0.11478260869565217
01810055,2,5,102,344,2016,2017,474.0,0.7257383966244726
02170305,1,5,115,532,2016,2017,548.0,0.9708029197080292
02620305,1,1,98,110,2016,2017,650.0,0.16923076923076924
02620305,1,6,137,2096,2017,2018,650.0,3.2246153846153844
06450505,1,5,21,117,2016,2017,230.0,0.508695652173913
06650305,4,7,117,1456,2016,2017,752.0,1.9361702127659575
06650305,1,1,55,136,2017,2018,752.0,0.18085106382978725
00460035,1,1,22,220,2017,2018,175.0,1.2571428571428571
02070305,5,10,175,783,2017,2018,521.0,1.5028790786948176
02070315,5,6,70,669,2017,2018,978.0,0.6840490797546013
02810205,1,1,25,96,2017,2018,312.0,0.3076923076923077
03500010,1,2,32,32,2017,2018,156.0,0.20512820512820512
04410505,1,1,2,2,2017,2018,386.0,0.0051813471502590676
06350305,4,8,147,384,2017,2018,381.0,1.0078740157480315
06750310,1,1,10,12,2017,2018,383.0,0.031331592689295036
07530405,1,1,1,1,2017,2018,396.0,0.0025252525252525255
