school_id,teacher_count,class_count,user_count,assignment_log_count,school_start_year,school_end_year
01510015,7,12,127,438,2007,2008
02710030,2,2,2,5,2007,2008
03480405,5,10,174,2875,2007,2008
03480415,8,19,265,1292,2007,2008
03480420,1,2,5,6,2007,2008
03480423,11,22,145,2309,2007,2008
03480515,7,15,143,1032,2007,2008
01510015,3,8,155,1486,2008,2009
02710030,1,2,31,148,2008,2009
03480405,2,4,182,4863,2008,2009
03480415,4,9,302,5076,2008,2009
03480423,3,7,148,607,2008,2009
03480515,4,7,196,1133,2008,2009
01510015,11,24,279,3565,2009,2010
02260405,1,1,2,10,2009,2010
02710030,7,9,489,1997,2009,2010
03480350,2,2,70,104,2009,2010
03480405,5,17,156,12485,2009,2010
03480415,17,27,1273,8783,2009,2010
03480420,8,10,183,710,2009,2010
03480423,9,10,104,446,2009,2010
03480512,1,2,89,354,2009,2010
03480515,15,18,172,1947,2009,2010
00140405,2,2,2,3,2010,2011
00170305,1,1,1,3,2010,2011
00170505,1,1,1,2,2010,2011
00250315,5,5,11,16,2010,2011
00610510,1,4,86,605,2010,2011
00770100,1,1,20,107,2010,2011
00970315,1,2,26,50,2010,2011
01000302,4,6,69,229,2010,2011
01100305,19,44,865,4121,2010,2011
01510015,14,52,1286,36958,2010,2011
01530045,3,5,32,175,2010,2011
01530320,5,6,11,16,2010,2011
01860025,5,7,57,242,2010,2011
01860505,9,10,170,1299,2010,2011
01890505,1,1,2,2,2010,2011
02080005,2,2,7,24,2010,2011
02260405,4,6,156,714,2010,2011
02710030,48,105,2371,18092,2010,2011
02710305,12,26,392,3379,2010,2011
03150305,3,4,7,10,2010,2011
03150505,1,2,5,15,2010,2011
03160505,7,10,207,448,2010,2011
03460305,3,5,90,178,2010,2011
03480225,3,4,68,595,2010,2011
03480350,2,4,33,92,2010,2011
03480405,17,36,680,7040,2010,2011
03480415,48,88,1709,36894,2010,2011
03480420,5,8,157,692,2010,2011
03480423,13,18,202,3386,2010,2011
03480515,31,67,1155,16078,2010,2011
03480520,11,13,321,3157,2010,2011
07250305,3,3,16,22,2010,2011
07250310,1,1,1,1,2010,2011
07750505,10,15,195,1580,2010,2011
08320605,3,5,65,299,2010,2011
00050405,2,3,67,170,2011,2012
00090505,1,1,1,1,2011,2012
00100505,1,3,16,234,2011,2012
00140405,2,2,35,80,2011,2012
00170305,10,13,135,284,2011,2012
00170505,1,1,2,6,2011,2012
00250315,26,32,537,16200,2011,2012
00250510,2,8,232,233,2011,2012
00350430,1,1,54,54,2011,2012
00350560,1,2,92,2755,2011,2012
00500305,2,5,111,707,2011,2012
00610510,1,4,41,362,2011,2012
00640305,6,7,94,380,2011,2012
00770100,1,2,95,449,2011,2012
00770505,2,3,42,86,2011,2012
00930018,2,2,82,2081,2011,2012
00930038,1,2,9,61,2011,2012
00970315,4,5,29,134,2011,2012
01000302,2,2,40,464,2011,2012
01010310,2,2,3,5,2011,2012
01100305,22,53,1243,17396,2011,2012
01360505,1,1,4,5,2011,2012
01370030,2,2,36,126,2011,2012
01370040,2,2,131,2060,2011,2012
01370505,1,1,15,79,2011,2012
01390305,13,14,333,1274,2011,2012
01510015,11,59,1240,43812,2011,2012
01530045,1,1,4,13,2011,2012
01530320,30,50,479,5579,2011,2012
01590017,1,1,10,10,2011,2012
01590305,2,2,24,64,2011,2012
01620020,4,8,147,1380,2011,2012
01770305,5,5,93,380,2011,2012
01850090,1,1,53,2190,2011,2012
01850305,5,6,229,231,2011,2012
01850310,8,41,640,11322,2011,2012
01860025,3,3,43,830,2011,2012
01860505,6,14,373,5598,2011,2012
01890020,2,4,100,813,2011,2012
01980305,16,22,473,2756,2011,2012
01980310,19,28,545,5843,2011,2012
02040305,1,1,88,400,2011,2012
02080005,3,3,9,176,2011,2012
02140305,3,3,82,602,2011,2012
02140505,1,1,30,290,2011,2012
02260405,8,26,495,7267,2011,2012
02260505,2,3,40,82,2011,2012
02460005,1,1,27,319,2011,2012
02510305,9,11,107,993,2011,2012
02660505,2,2,2,6,2011,2012
02710025,2,5,126,2354,2011,2012
02710030,45,89,2515,14905,2011,2012
02710035,2,3,51,431,2011,2012
02710305,14,27,647,5654,2011,2012
02710505,1,1,1,1,2011,2012
02880305,2,5,43,402,2011,2012
02900510,1,1,13,37,2011,2012
02920305,5,7,25,28,2011,2012
03070305,17,24,545,3607,2011,2012
03070310,12,18,255,2157,2011,2012
03150305,21,29,484,2845,2011,2012
03150505,2,3,3,3,2011,2012
03160305,4,9,260,3276,2011,2012
03160505,8,14,261,1890,2011,2012
03210305,3,5,124,428,2011,2012
03320305,6,6,91,272,2011,2012
03320505,7,11,117,542,2011,2012
03360020,1,1,5,41,2011,2012
03480215,1,2,2,2,2011,2012
03480225,1,2,116,11183,2011,2012
03480350,6,13,236,2301,2011,2012
03480405,25,55,1153,29116,2011,2012
03480415,24,58,1322,42307,2011,2012
03480420,3,8,259,2678,2011,2012
03480423,22,51,749,13258,2011,2012
03480512,1,1,23,86,2011,2012
03480515,20,41,664,18353,2011,2012
03480520,4,9,402,8335,2011,2012
03480605,2,4,169,1889,2011,2012
04360305,1,1,4,4,2011,2012
04450105,1,5,20,279,2011,2012
04460550,2,6,97,2120,2011,2012
06100305,1,1,1,4,2011,2012
06220015,5,8,91,479,2011,2012
06220405,5,5,21,152,2011,2012
07100510,1,2,106,147,2011,2012
07250305,3,3,9,21,2011,2012
07250310,5,9,346,4765,2011,2012
07530505,9,10,120,404,2011,2012
07700405,6,10,147,1391,2011,2012
07750020,1,5,58,258,2011,2012
07750040,5,11,202,411,2011,2012
07750305,5,5,48,195,2011,2012
07750310,18,29,416,3639,2011,2012
07750505,4,6,75,1216,2011,2012
07780010,1,1,2,6,2011,2012
08320605,12,25,567,10395,2011,2012
09150705,1,2,44,72,2011,2012
00020030,1,1,4,11,2012,2013
00050405,13,31,594,2434,2012,2013
00090505,1,1,36,3121,2012,2013
00170305,6,15,359,1919,2012,2013
00170505,2,6,204,1390,2012,2013
00230505,10,21,542,13491,2012,2013
00250315,11,26,723,26528,2012,2013
00350560,1,1,1,1,2012,2013
00480505,2,6,63,859,2012,2013
00500305,7,11,218,602,2012,2013
00640305,3,4,33,121,2012,2013
00640505,1,1,1,2,2012,2013
00710505,1,1,6,37,2012,2013
00770100,5,6,75,604,2012,2013
00770505,1,2,79,1391,2012,2013
00860305,4,9,105,525,2012,2013
00930018,2,4,137,7040,2012,2013
00930038,1,1,6,21,2012,2013
00930505,5,5,54,138,2012,2013
00970315,2,4,3,23,2012,2013
01000302,4,9,111,776,2012,2013
01010310,1,5,124,689,2012,2013
01100025,5,7,121,281,2012,2013
01100305,14,23,439,10256,2012,2013
01360305,1,1,1,1,2012,2013
01360505,2,2,8,14,2012,2013
01370505,6,14,108,502,2012,2013
01390305,6,7,230,1383,2012,2013
01510015,8,34,846,34345,2012,2013
01530320,15,28,473,5842,2012,2013
01550305,1,3,52,255,2012,2013
01550310,5,7,57,263,2012,2013
01590305,1,1,15,71,2012,2013
01620020,1,1,5,6,2012,2013
01750305,3,3,2,5,2012,2013
01770305,7,17,246,12688,2012,2013
01850090,1,1,93,15099,2012,2013
01850305,1,1,224,224,2012,2013
01850310,5,12,295,7583,2012,2013
01860505,9,9,213,1449,2012,2013
01870020,4,4,182,700,2012,2013
01870505,2,6,35,62,2012,2013
01890020,2,4,120,5634,2012,2013
01980305,12,21,444,3959,2012,2013
01980310,9,28,563,15073,2012,2013
01980505,1,1,22,67,2012,2013
02010415,4,7,225,4799,2012,2013
02080005,1,3,5,49,2012,2013
02140305,5,5,50,200,2012,2013
02230003,2,2,3,18,2012,2013
02260405,4,11,129,6711,2012,2013
02270008,2,3,74,137,2012,2013
02460005,1,1,30,991,2012,2013
02460505,1,4,73,7148,2012,2013
02510305,3,17,244,7908,2012,2013
02510505,1,1,1,1,2012,2013
02710025,2,4,132,1779,2012,2013
02710030,25,41,746,5882,2012,2013
02710305,17,31,966,12307,2012,2013
02710505,3,4,75,328,2012,2013
02730015,1,3,103,14231,2012,2013
02760305,2,3,57,293,2012,2013
02880305,1,5,2,34,2012,2013
02920305,3,5,125,1030,2012,2013
03070305,5,6,205,2497,2012,2013
03070310,3,4,43,137,2012,2013
03080404,2,2,24,300,2012,2013
03080415,1,1,26,84,2012,2013
03090305,1,1,8,32,2012,2013
03150305,15,25,615,13201,2012,2013
03160305,2,4,73,1016,2012,2013
03160505,7,15,274,4201,2012,2013
03170305,1,1,1,1,2012,2013
03210305,4,7,156,364,2012,2013
03250305,1,1,29,29,2012,2013
03250310,2,2,125,648,2012,2013
03250605,3,4,93,1007,2012,2013
03260330,1,1,43,116,2012,2013
03320305,9,12,181,1119,2012,2013
03320505,8,18,149,566,2012,2013
03350305,4,9,132,140,2012,2013
03360020,1,1,4,4,2012,2013
03420330,9,19,656,4961,2012,2013
03420505,1,1,8,781,2012,2013
03440505,1,7,196,368,2012,2013
03480225,1,4,92,10212,2012,2013
03480350,3,8,215,2988,2012,2013
03480405,11,19,441,15837,2012,2013
03480415,27,74,1354,34547,2012,2013
03480420,1,4,102,598,2012,2013
03480423,14,48,889,18036,2012,2013
03480512,5,7,133,2216,2012,2013
03480515,20,37,922,16457,2012,2013
03480520,4,9,191,11056,2012,2013
04460550,1,5,111,694,2012,2013
06000405,4,4,100,554,2012,2013
06000505,1,2,56,78,2012,2013
06050405,3,8,98,754,2012,2013
06100305,5,10,226,424,2012,2013
06100505,1,1,25,67,2012,2013
06220015,2,2,2,2,2012,2013
06220405,6,14,162,627,2012,2013
06550405,3,3,86,618,2012,2013
06580310,1,7,171,3663,2012,2013
06700505,1,6,37,1062,2012,2013
06730305,1,1,3,3,2012,2013
06830505,1,2,22,67,2012,2013
07100015,6,12,379,2356,2012,2013
07100510,8,12,451,14313,2012,2013
07250305,2,6,8,50,2012,2013
07250310,2,6,81,1020,2012,2013
07700405,4,8,150,866,2012,2013
07750020,2,2,11,20,2012,2013
07750040,4,10,189,1095,2012,2013
07750305,3,3,24,222,2012,2013
07750310,4,9,177,3681,2012,2013
07750315,1,1,1,1,2012,2013
07750505,1,1,63,63,2012,2013
08180605,2,6,30,79,2012,2013
08320605,11,20,333,10776,2012,2013
08850605,2,5,15,20,2012,2013
00050405,6,14,310,7817,2013,2014
00090505,2,3,14,33,2013,2014
00140405,1,3,85,1159,2013,2014
00170305,5,13,250,878,2013,2014
00170505,2,2,126,1052,2013,2014
00230505,6,11,94,326,2013,2014
00250315,13,32,805,46823,2013,2014
00250510,1,1,1,1,2013,2014
00260505,2,3,38,118,2013,2014
00350560,2,5,77,1470,2013,2014
00350575,2,3,23,167,2013,2014
00460505,1,2,76,2185,2013,2014
00500305,10,14,250,626,2013,2014
00640305,2,5,73,920,2013,2014
00770100,2,2,68,767,2013,2014
00860010,1,2,19,66,2013,2014
00930018,2,4,158,10892,2013,2014
00930505,3,4,32,74,2013,2014
00960505,2,2,7,7,2013,2014
01010310,1,1,116,809,2013,2014
01100025,2,2,2,3,2013,2014
01100305,8,13,343,10482,2013,2014
01370025,2,2,13,37,2013,2014
01370030,3,5,106,511,2013,2014
01370045,3,3,23,86,2013,2014
01370055,1,2,46,230,2013,2014
01370505,1,2,91,352,2013,2014
01380505,1,1,60,147,2013,2014
01390305,5,5,156,1013,2013,2014
01390505,1,1,39,45,2013,2014
01510015,6,34,629,29736,2013,2014
01530320,14,44,1435,37095,2013,2014
01550305,3,4,112,444,2013,2014
01550310,6,8,214,1032,2013,2014
01590305,2,4,75,374,2013,2014
01600018,1,1,1,1,2013,2014
01770305,3,9,164,12166,2013,2014
01850090,1,2,89,9826,2013,2014
01850310,3,6,88,3341,2013,2014
01860025,1,1,1,4,2013,2014
01860505,6,9,297,1254,2013,2014
01870020,3,4,21,58,2013,2014
01890020,1,3,100,3145,2013,2014
01910310,4,4,178,431,2013,2014
01910505,1,1,25,29,2013,2014
01980305,8,9,390,3187,2013,2014
01980310,7,23,333,18436,2013,2014
01990505,1,1,7,17,2013,2014
02040505,1,1,30,148,2013,2014
02140305,3,3,96,717,2013,2014
02140505,1,2,61,4592,2013,2014
02260405,4,9,162,5163,2013,2014
02270008,1,7,88,1874,2013,2014
02290510,1,1,71,190,2013,2014
02460005,1,1,1,1,2013,2014
02460505,1,4,81,7274,2013,2014
02510305,3,10,285,12794,2013,2014
02510505,2,3,134,160,2013,2014
02520305,2,6,92,359,2013,2014
02710025,1,1,40,265,2013,2014
02710030,12,31,703,8557,2013,2014
02710305,11,18,588,6740,2013,2014
02710505,8,12,228,9683,2013,2014
02730015,1,4,113,28932,2013,2014
02770505,5,5,49,1809,2013,2014
02840505,1,5,28,60,2013,2014
02880305,4,6,81,910,2013,2014
02920305,7,8,238,5093,2013,2014
03070305,3,5,302,3078,2013,2014
03080404,3,6,166,2239,2013,2014
03150305,12,18,275,11955,2013,2014
03160305,1,1,59,1335,2013,2014
03160505,3,7,165,3894,2013,2014
03210305,2,3,97,542,2013,2014
03250310,1,1,21,80,2013,2014
03250605,2,2,129,1444,2013,2014
03260330,3,4,70,347,2013,2014
03320010,1,4,90,549,2013,2014
03320305,6,10,541,1681,2013,2014
03320505,6,20,214,8419,2013,2014
03420330,4,6,116,1137,2013,2014
03420505,1,2,12,661,2013,2014
03440505,1,5,193,4574,2013,2014
03480225,1,1,91,352,2013,2014
03480405,12,19,435,4206,2013,2014
03480415,20,60,1341,26098,2013,2014
03480420,1,1,27,505,2013,2014
03480423,7,29,316,2614,2013,2014
03480512,3,4,92,1784,2013,2014
03480515,10,18,593,15275,2013,2014
03480520,2,6,152,2019,2013,2014
03480605,9,14,83,414,2013,2014
04450105,1,1,2,2,2013,2014
04460550,1,2,42,429,2013,2014
04490305,1,2,62,1115,2013,2014
06000405,3,3,4,6,2013,2014
06000505,1,2,43,87,2013,2014
06050405,1,1,65,730,2013,2014
06100305,2,2,98,280,2013,2014
06150305,2,6,89,346,2013,2014
06220015,1,1,30,334,2013,2014
06220405,4,7,190,2901,2013,2014
06550405,4,6,73,344,2013,2014
06580305,1,1,6,15,2013,2014
06580310,1,2,39,3223,2013,2014
06730305,1,1,23,42,2013,2014
07100015,12,28,517,5012,2013,2014
07100510,6,14,462,11773,2013,2014
07250305,1,3,4,14,2013,2014
07250310,2,4,87,454,2013,2014
07530505,1,1,112,10136,2013,2014
07700405,1,2,22,28,2013,2014
07750020,1,2,8,12,2013,2014
07750040,2,4,42,1619,2013,2014
07750305,4,6,163,1248,2013,2014
07750310,2,8,90,1607,2013,2014
07750315,1,2,37,69,2013,2014
07750505,1,1,88,6354,2013,2014
07800505,1,1,34,117,2013,2014
08320605,6,13,310,10777,2013,2014
08850605,1,1,1,14,2013,2014
00050405,7,10,350,9095,2014,2015
00140405,3,7,111,553,2014,2015
00170015,2,4,55,704,2014,2015
00170305,7,18,390,4870,2014,2015
00170505,1,4,60,1013,2014,2015
00230505,2,3,5,14,2014,2015
00250315,8,19,643,48200,2014,2015
00350560,1,2,43,1948,2014,2015
00350575,1,2,1,3,2014,2015
00460005,2,2,42,66,2014,2015
00460505,2,2,179,6396,2014,2015
00500305,9,17,278,6201,2014,2015
00640305,1,1,14,50,2014,2015
00730305,2,2,18,21,2014,2015
00770100,3,5,101,644,2014,2015
00770505,1,1,49,49,2014,2015
00930018,2,3,173,11516,2014,2015
00960305,2,2,25,45,2014,2015
00960505,1,3,20,37,2014,2015
00990015,1,1,1,1,2014,2015
00990405,7,9,75,310,2014,2015
00990505,2,2,13,13,2014,2015
01000302,1,2,91,2597,2014,2015
01010310,1,1,125,1240,2014,2015
01100025,1,1,60,400,2014,2015
01100305,6,16,311,15439,2014,2015
01360007,1,1,1,1,2014,2015
01360505,1,1,31,95,2014,2015
01370025,1,1,90,249,2014,2015
01370030,3,4,160,677,2014,2015
01370505,1,1,83,431,2014,2015
01390305,6,6,269,1411,2014,2015
01490525,1,1,1,2,2014,2015
01490531,8,13,274,10668,2014,2015
01490532,3,6,201,1101,2014,2015
01510015,4,15,249,8538,2014,2015
01530320,10,34,1167,46503,2014,2015
01550305,3,3,148,526,2014,2015
01550310,4,6,60,185,2014,2015
01590305,1,1,2,3,2014,2015
01600018,4,11,189,524,2014,2015
01600090,1,1,2,3,2014,2015
01600360,1,2,2,2,2014,2015
01600505,2,2,18,19,2014,2015
01620020,2,4,41,185,2014,2015
01750305,2,2,2,6,2014,2015
01770305,3,8,152,13795,2014,2015
01850090,1,1,98,12674,2014,2015
01850310,2,4,104,5226,2014,2015
01860025,2,5,70,385,2014,2015
01860505,3,3,129,394,2014,2015
01890020,1,3,107,5693,2014,2015
01980305,9,9,327,2903,2014,2015
01980310,7,19,288,6931,2014,2015
01990405,4,6,29,66,2014,2015
01990505,2,2,33,75,2014,2015
02010415,1,1,1,1,2014,2015
02040505,2,2,4,4,2014,2015
02140305,6,7,75,365,2014,2015
02140505,1,1,1,1,2014,2015
02260405,2,4,98,5858,2014,2015
02270008,2,10,198,7470,2014,2015
02290510,1,1,67,188,2014,2015
02460505,1,3,84,11565,2014,2015
02510305,1,2,46,6017,2014,2015
02510505,1,4,123,126,2014,2015
02710025,1,1,48,2221,2014,2015
02710030,10,22,552,5635,2014,2015
02710305,14,21,401,5424,2014,2015
02710505,15,22,377,10433,2014,2015
02730015,1,3,79,25992,2014,2015
02760305,4,4,6,10,2014,2015
02770505,1,1,1,1,2014,2015
02880305,14,29,348,2157,2014,2015
02900510,1,1,31,434,2014,2015
02920305,5,5,120,1011,2014,2015
03070305,3,3,264,2467,2014,2015
03080404,3,3,45,357,2014,2015
03100505,4,5,28,228,2014,2015
03150305,11,30,628,12381,2014,2015
03160505,4,7,152,543,2014,2015
03250605,3,3,99,1039,2014,2015
03260330,8,17,650,1203,2014,2015
03320010,1,1,21,22,2014,2015
03320025,1,1,1,1,2014,2015
03320305,6,8,436,1072,2014,2015
03320505,4,11,86,6036,2014,2015
03420330,7,10,212,1556,2014,2015
03440505,1,6,109,3129,2014,2015
03480285,2,3,44,271,2014,2015
03480350,1,1,1,1,2014,2015
03480405,10,18,400,3002,2014,2015
03480415,29,75,1471,31989,2014,2015
03480420,13,22,482,1371,2014,2015
03480423,3,7,180,1352,2014,2015
03480512,3,6,170,1886,2014,2015
03480515,13,21,544,12084,2014,2015
03480605,10,15,489,5258,2014,2015
04300305,2,3,11,11,2014,2015
06050405,1,4,163,628,2014,2015
06100305,2,2,54,127,2014,2015
06150305,2,2,2,3,2014,2015
06200505,5,13,321,13551,2014,2015
06220405,7,13,257,15904,2014,2015
06250505,1,1,57,57,2014,2015
06550405,2,3,181,1379,2014,2015
06580310,1,2,47,5874,2014,2015
06730305,1,1,13,23,2014,2015
06800310,5,14,480,1615,2014,2015
07100015,3,9,137,1725,2014,2015
07100510,2,6,133,8665,2014,2015
07170505,3,4,57,362,2014,2015
07200305,3,3,39,171,2014,2015
07250305,1,1,1,1,2014,2015
07530505,1,1,78,9246,2014,2015
07700405,2,2,13,21,2014,2015
07750020,1,1,1,1,2014,2015
07750040,2,6,170,20260,2014,2015
07750305,2,3,197,12081,2014,2015
07750310,4,5,277,3170,2014,2015
07750505,1,1,88,1879,2014,2015
07800315,4,4,63,458,2014,2015
07800505,1,2,67,635,2014,2015
08010605,1,1,1,4,2014,2015
08230605,3,3,126,528,2014,2015
08320605,9,12,486,10885,2014,2015
08730605,2,3,41,351,2014,2015
09150705,4,5,137,417,2014,2015
00050405,6,7,220,1955,2015,2016
00140405,4,8,182,860,2015,2016
00170015,2,4,116,711,2015,2016
00170305,4,15,382,7163,2015,2016
00250020,1,1,7,7,2015,2016
00250025,1,1,72,464,2015,2016
00250315,13,26,585,19978,2015,2016
00260505,2,3,38,152,2015,2016
00350062,1,3,85,848,2015,2016
00350405,1,1,1,1,2015,2016
00350560,3,6,66,457,2015,2016
00350653,1,1,1,1,2015,2016
00400033,2,2,18,52,2015,2016
00460005,4,6,107,275,2015,2016
00460045,5,25,243,3704,2015,2016
00460505,1,1,100,485,2015,2016
00480505,2,5,215,8943,2015,2016
00500305,3,7,185,4935,2015,2016
00640305,2,2,36,146,2015,2016
00930018,1,2,131,17548,2015,2016
00960305,1,2,41,423,2015,2016
00960505,2,2,41,362,2015,2016
00990405,4,6,14,17,2015,2016
01000302,1,5,81,373,2015,2016
01010310,1,1,117,711,2015,2016
01100305,4,12,122,5309,2015,2016
01360007,3,4,7,11,2015,2016
01360505,1,1,48,107,2015,2016
01370025,1,2,193,532,2015,2016
01370030,2,5,138,756,2015,2016
01370055,1,1,72,864,2015,2016
01370505,1,1,58,449,2015,2016
01390305,2,2,103,839,2015,2016
01390505,1,3,44,341,2015,2016
01440505,1,6,161,773,2015,2016
01490025,1,1,2,4,2015,2016
01490531,6,11,117,4122,2015,2016
01490532,1,4,11,27,2015,2016
01510015,4,7,195,1586,2015,2016
01530045,5,8,81,191,2015,2016
01530320,13,31,1305,40655,2015,2016
01530505,7,7,31,63,2015,2016
01550305,2,4,23,71,2015,2016
01550310,3,3,54,126,2015,2016
01600018,2,4,309,9934,2015,2016
01770305,3,8,172,10242,2015,2016
01850090,1,1,93,13203,2015,2016
01850310,1,1,19,1272,2015,2016
01860025,6,9,70,157,2015,2016
01860505,2,2,12,60,2015,2016
01870020,2,2,74,1038,2015,2016
01980305,7,8,310,3512,2015,2016
01980310,8,17,229,2834,2015,2016
02010415,1,2,38,415,2015,2016
02040505,3,4,190,11009,2015,2016
02140305,3,6,106,616,2015,2016
02260405,6,7,181,3908,2015,2016
02270008,2,3,94,1331,2015,2016
02290510,1,1,72,208,2015,2016
02460505,1,3,92,9055,2015,2016
02510305,1,2,68,10792,2015,2016
02510505,1,2,115,115,2015,2016
02650405,3,3,5,9,2015,2016
02710025,1,2,47,1821,2015,2016
02710030,9,18,313,11700,2015,2016
02710305,6,9,253,4760,2015,2016
02710505,13,18,360,8900,2015,2016
02730015,1,4,94,26334,2015,2016
02760305,3,3,24,350,2015,2016
02880305,10,14,196,2157,2015,2016
02900510,2,3,174,2234,2015,2016
02920305,2,2,58,702,2015,2016
03040505,1,1,2,2,2015,2016
03070305,2,2,119,2259,2015,2016
03080404,2,3,41,255,2015,2016
03080415,4,7,99,1241,2015,2016
03100505,5,6,144,1531,2015,2016
03150305,9,26,520,12188,2015,2016
03250605,1,1,43,549,2015,2016
03260330,2,4,30,44,2015,2016
03320305,4,10,303,1175,2015,2016
03320505,9,18,544,7290,2015,2016
03420330,8,11,318,3965,2015,2016
03440505,1,4,73,1950,2015,2016
03480285,4,10,216,3567,2015,2016
03480350,1,2,126,855,2015,2016
03480405,3,5,135,1588,2015,2016
03480415,16,41,1201,31306,2015,2016
03480420,6,6,111,2045,2015,2016
03480423,5,10,276,892,2015,2016
03480512,2,3,72,11772,2015,2016
03480515,5,7,294,8030,2015,2016
03480605,20,44,1274,15297,2015,2016
04960305,3,7,149,308,2015,2016
06050405,2,6,181,4310,2015,2016
06100305,1,1,50,157,2015,2016
06150305,1,5,45,116,2015,2016
06200505,3,7,195,9653,2015,2016
06220405,2,13,187,10290,2015,2016
06250505,1,1,1,32,2015,2016
06450305,6,14,234,1220,2015,2016
06550405,1,2,36,64,2015,2016
06550505,2,2,33,217,2015,2016
06580305,1,1,1,1,2015,2016
06580310,1,1,61,7033,2015,2016
06800310,3,9,144,1054,2015,2016
06830505,1,1,1,1,2015,2016
07100015,1,1,52,497,2015,2016
07100510,1,3,91,8443,2015,2016
07170505,7,10,77,315,2015,2016
07200305,1,1,1,1,2015,2016
07250305,1,1,42,1594,2015,2016
07530505,6,11,316,6192,2015,2016
07700405,2,3,102,3173,2015,2016
07750040,2,7,177,13288,2015,2016
07750305,1,1,109,5317,2015,2016
07750310,3,7,135,3585,2015,2016
07750505,2,5,146,6381,2015,2016
07800310,4,4,39,204,2015,2016
07800315,3,3,38,212,2015,2016
07800505,1,1,64,565,2015,2016
08010605,8,12,243,3695,2015,2016
08180605,2,6,34,1008,2015,2016
08230605,2,2,128,336,2015,2016
08320605,15,19,597,20251,2015,2016
08550605,4,6,99,330,2015,2016
08730605,1,1,8,33,2015,2016
08850605,1,1,1,1,2015,2016
09150705,1,6,55,2252,2015,2016
00050405,2,3,154,404,2016,2017
00140405,1,1,3,9,2016,2017
00170015,1,2,37,134,2016,2017
00170305,3,14,265,1765,2016,2017
00170505,1,1,65,366,2016,2017
00250025,1,1,56,324,2016,2017
00250315,12,20,509,22666,2016,2017
00400020,1,3,3,43,2016,2017
00460005,2,2,72,154,2016,2017
00460045,3,5,100,211,2016,2017
00480505,2,10,208,6757,2016,2017
00500305,6,19,277,5104,2016,2017
00640305,2,4,34,69,2016,2017
00770505,3,5,68,208,2016,2017
00930018,1,3,130,12842,2016,2017
00960505,1,1,1,2,2016,2017
00970315,1,3,64,104,2016,2017
00990405,2,9,78,1918,2016,2017
01100025,1,2,35,308,2016,2017
01100305,3,8,112,3850,2016,2017
01360007,1,1,14,126,2016,2017
01370025,2,3,21,43,2016,2017
01370030,2,5,48,640,2016,2017
01370055,1,1,69,765,2016,2017
01370505,1,1,53,396,2016,2017
01390305,1,1,16,75,2016,2017
01390505,1,3,53,1344,2016,2017
01440505,1,2,77,233,2016,2017
01490532,2,9,117,310,2016,2017
01530045,5,13,344,2009,2016,2017
01530320,16,44,1264,29765,2016,2017
01530505,1,1,1,3,2016,2017
01550305,1,1,90,143,2016,2017
01550310,1,1,20,44,2016,2017
01600018,1,1,98,151,2016,2017
01770305,1,4,56,496,2016,2017
01810055,2,5,102,344,2016,2017
01850090,1,2,92,10588,2016,2017
01860025,4,8,78,986,2016,2017
01870020,3,5,228,2690,2016,2017
01890505,1,3,79,227,2016,2017
01980305,5,8,244,1469,2016,2017
01980310,7,15,157,3746,2016,2017
02010415,1,1,26,95,2016,2017
02040505,1,1,110,7350,2016,2017
02140305,3,3,64,337,2016,2017
02170305,1,5,115,532,2016,2017
02260405,7,16,235,2417,2016,2017
02260505,1,4,79,225,2016,2017
02270008,1,1,65,2055,2016,2017
02290510,1,1,65,65,2016,2017
02460505,1,4,87,12294,2016,2017
02510305,1,3,46,8583,2016,2017
02510505,1,3,148,148,2016,2017
02620305,1,1,98,110,2016,2017
02650405,1,1,105,1320,2016,2017
02710025,1,1,22,317,2016,2017
02710030,13,27,521,11279,2016,2017
02710305,7,19,391,4513,2016,2017
02710505,2,3,73,1380,2016,2017
02730015,1,3,69,18659,2016,2017
02760305,3,3,37,246,2016,2017
02880305,7,19,309,5400,2016,2017
02900510,1,1,133,1185,2016,2017
02920305,1,1,48,555,2016,2017
03070305,2,4,160,3924,2016,2017
03080404,1,1,1,1,2016,2017
03150305,15,44,645,13019,2016,2017
03160505,1,2,47,949,2016,2017
03210305,1,1,8,10,2016,2017
03250505,1,1,2,3,2016,2017
03320305,4,4,85,182,2016,2017
03320505,4,11,244,3768,2016,2017
03420330,4,5,104,138,2016,2017
03440505,1,5,114,1941,2016,2017
03460305,1,5,109,2725,2016,2017
03480350,1,5,56,193,2016,2017
03480405,6,11,228,1928,2016,2017
03480415,11,34,1064,21886,2016,2017
03480420,6,11,204,1263,2016,2017
03480423,1,1,72,140,2016,2017
03480512,4,6,127,14091,2016,2017
03480515,3,4,226,2153,2016,2017
03480605,18,33,1311,15114,2016,2017
04460550,1,3,62,435,2016,2017
06000505,1,2,22,43,2016,2017
06050405,1,4,152,525,2016,2017
06100305,1,1,1,1,2016,2017
06150305,1,3,51,349,2016,2017
06200505,2,4,86,1230,2016,2017
06220405,1,1,40,923,2016,2017
06450015,2,7,116,300,2016,2017
06450305,9,12,134,550,2016,2017
06450505,1,5,21,117,2016,2017
06550505,1,1,4,11,2016,2017
06580305,1,2,36,36,2016,2017
06580310,3,8,145,6945,2016,2017
06650305,4,7,117,1456,2016,2017
06800310,1,2,22,53,2016,2017
07100015,2,2,17,249,2016,2017
07100510,1,2,26,1201,2016,2017
07170505,2,6,8,59,2016,2017
07250305,1,2,50,1813,2016,2017
07530505,3,5,151,7199,2016,2017
07700405,2,3,48,3415,2016,2017
07750040,3,8,181,4770,2016,2017
07750305,4,6,226,9976,2016,2017
07750310,2,5,120,368,2016,2017
07750505,1,1,1,1,2016,2017
07800310,1,2,125,405,2016,2017
07800315,6,14,225,4775,2016,2017
07800505,1,1,77,591,2016,2017
08010605,7,12,374,6654,2016,2017
08180605,1,2,28,181,2016,2017
08230605,1,1,106,283,2016,2017
08320605,15,26,560,12297,2016,2017
08550605,3,12,237,1001,2016,2017
08730605,1,2,16,88,2016,2017
08850605,2,8,38,140,2016,2017
00050405,2,3,150,887,2017,2018
00140405,1,1,1,1,2017,2018
00170015,1,1,10,27,2017,2018
00170305,3,12,235,1909,2017,2018
00170505,1,1,61,494,2017,2018
00250025,1,1,65,560,2017,2018
00250315,6,13,334,19454,2017,2018
00350560,1,1,19,22,2017,2018
00460005,1,1,23,253,2017,2018
00460035,1,1,22,220,2017,2018
00460045,2,7,72,102,2017,2018
00480505,2,5,228,2808,2017,2018
00500305,5,13,247,4318,2017,2018
00770505,2,3,38,298,2017,2018
00930018,1,2,108,18193,2017,2018
00960305,2,3,43,169,2017,2018
00990405,1,2,23,23,2017,2018
01000302,1,2,40,49,2017,2018
01100025,1,1,3,3,2017,2018
01100305,3,6,85,2393,2017,2018
01360007,1,1,1,3,2017,2018
01370025,1,1,3,12,2017,2018
01370030,2,6,85,691,2017,2018
01370505,1,1,46,333,2017,2018
01390305,1,1,18,88,2017,2018
01390505,1,2,46,1307,2017,2018
01490532,1,1,1,1,2017,2018
01530045,2,5,126,618,2017,2018
01530320,13,28,729,22548,2017,2018
01530605,1,1,2,2,2017,2018
01550310,1,1,15,22,2017,2018
01770305,1,5,102,6786,2017,2018
01850090,2,5,102,15890,2017,2018
01860025,5,11,65,139,2017,2018
01860505,3,5,155,1326,2017,2018
01870020,6,9,185,4243,2017,2018
01980310,3,9,99,637,2017,2018
02010415,1,1,18,86,2017,2018
02040505,1,1,63,5104,2017,2018
02070305,5,10,175,783,2017,2018
02070315,5,6,70,669,2017,2018
02260405,4,7,180,2665,2017,2018
02260505,1,1,59,164,2017,2018
02290510,1,1,57,167,2017,2018
02460505,1,5,88,11673,2017,2018
02510305,1,5,21,674,2017,2018
02510505,1,3,172,172,2017,2018
02620305,1,6,137,2096,2017,2018
02710025,1,1,20,112,2017,2018
02710030,8,16,368,8692,2017,2018
02710305,5,12,366,2443,2017,2018
02710505,2,2,43,425,2017,2018
02730015,1,2,97,28443,2017,2018
02810205,1,1,25,96,2017,2018
02880305,14,19,471,10129,2017,2018
02900510,1,1,36,36,2017,2018
02920305,1,1,52,659,2017,2018
03070305,2,4,147,2579,2017,2018
03080404,1,1,20,169,2017,2018
03150305,11,21,370,10956,2017,2018
03160505,1,1,50,239,2017,2018
03320305,2,3,12,144,2017,2018
03320505,4,11,243,3336,2017,2018
03420330,5,8,264,610,2017,2018
03440505,1,4,24,27,2017,2018
03460305,1,4,24,75,2017,2018
03480285,2,5,107,233,2017,2018
03480415,11,25,875,17879,2017,2018
03480512,1,2,81,15125,2017,2018
03480515,4,13,342,2912,2017,2018
03480605,17,41,882,13290,2017,2018
03500010,1,2,32,32,2017,2018
04410505,1,1,2,2,2017,2018
04960305,3,6,128,279,2017,2018
06050405,1,3,78,80,2017,2018
06350305,4,8,147,384,2017,2018
06450305,2,3,29,57,2017,2018
06550505,1,3,72,409,2017,2018
06580305,1,2,43,152,2017,2018
06580310,1,2,22,3527,2017,2018
06650305,1,1,55,136,2017,2018
06730305,3,8,98,166,2017,2018
06750310,1,1,10,12,2017,2018
07530405,1,1,1,1,2017,2018
07530505,2,2,105,6936,2017,2018
07750040,2,3,41,2487,2017,2018
07750305,4,7,157,8333,2017,2018
07800310,1,1,21,66,2017,2018
07800315,5,10,205,869,2017,2018
07800505,1,1,66,438,2017,2018
08010605,6,8,130,504,2017,2018
08230605,2,5,189,482,2017,2018
08250605,3,3,42,43,2017,2018
08320605,5,9,183,7541,2017,2018
08550605,4,6,96,229,2017,2018
08730605,1,1,11,71,2017,2018
00050405,1,1,88,333,2018,2019
00140405,1,1,50,723,2018,2019
00170305,4,9,164,551,2018,2019
00170505,1,2,62,322,2018,2019
00250315,8,15,438,17167,2018,2019
00350530,2,2,5,5,2018,2019
00460005,1,1,29,121,2018,2019
00460045,1,3,62,108,2018,2019
00500305,3,9,162,1709,2018,2019
00820305,3,3,20,45,2018,2019
00930018,2,3,107,17837,2018,2019
00960305,3,4,36,50,2018,2019
00960505,1,2,32,32,2018,2019
00990405,1,3,84,236,2018,2019
01100305,2,5,125,359,2018,2019
01370030,1,2,14,19,2018,2019
01370505,1,1,25,113,2018,2019
01390305,2,2,68,346,2018,2019
01390505,1,4,70,1845,2018,2019
01490532,1,1,1,1,2018,2019
01510015,3,8,248,3267,2018,2019
01530045,1,1,63,794,2018,2019
01530320,12,27,1157,16238,2018,2019
01550310,1,1,18,45,2018,2019
01770305,1,2,87,5224,2018,2019
01810055,1,1,1,1,2018,2019
01840005,1,7,133,872,2018,2019
01850090,1,2,84,12875,2018,2019
01860025,3,7,95,596,2018,2019
01860505,1,2,161,171,2018,2019
01870020,4,4,120,1854,2018,2019
01980305,1,2,108,334,2018,2019
01980310,2,7,121,828,2018,2019
02040505,1,1,49,2626,2018,2019
02070315,5,9,247,1911,2018,2019
02070320,1,1,1,1,2018,2019
02260405,8,11,192,4562,2018,2019
02380005,3,9,176,2268,2018,2019
02460505,1,4,83,10373,2018,2019
02510305,1,1,1,3,2018,2019
02510505,1,2,106,106,2018,2019
02710030,12,23,473,12758,2018,2019
02710305,4,8,253,2968,2018,2019
02710505,4,8,87,93,2018,2019
02730015,1,4,93,21819,2018,2019
02760305,1,4,73,186,2018,2019
02810205,1,1,28,28,2018,2019
02810330,4,5,76,337,2018,2019
02880305,11,15,200,1182,2018,2019
03070305,2,5,181,1981,2018,2019
03150305,11,24,461,9178,2018,2019
03210305,1,1,1,1,2018,2019
03320505,2,8,112,3981,2018,2019
03360505,1,2,97,1617,2018,2019
03420330,2,2,101,1665,2018,2019
03480285,1,1,74,566,2018,2019
03480350,1,1,29,29,2018,2019
03480405,1,1,50,612,2018,2019
03480415,8,13,669,16615,2018,2019
03480423,1,1,66,127,2018,2019
03480512,1,3,72,13114,2018,2019
03480515,3,4,231,2237,2018,2019
03480605,16,38,753,8496,2018,2019
04960305,1,1,31,60,2018,2019
06150305,1,5,24,24,2018,2019
06350305,3,6,119,179,2018,2019
06550505,1,4,58,401,2018,2019
06580305,3,10,176,1551,2018,2019
06580310,1,1,18,103,2018,2019
06730305,4,11,162,323,2018,2019
07100015,1,1,1,603,2018,2019
07530505,2,2,91,6311,2018,2019
07750305,9,19,481,17833,2018,2019
07750310,1,2,100,3674,2018,2019
07750505,2,4,56,97,2018,2019
07800315,4,5,129,177,2018,2019
07800505,1,1,1,3,2018,2019
08010605,9,20,437,4578,2018,2019
08250605,4,7,117,262,2018,2019
08320605,8,16,272,7825,2018,2019
08550605,2,4,86,119,2018,2019
08850605,1,2,12,12,2018,2019
