experiment_id,student_id,release_date,due_date,start_time,end_time,assignment_session_count,pretest_problem_count,pretest_correct,pretest_time_on_task,pretest_average_first_response_time,pretest_session_count,assigned_condition,condition_time_on_task,condition_average_first_response_or_request_time,condition_problem_count,condition_total_correct,condition_total_correct_after_wrong_response,condition_total_correct_after_tutoring,condition_total_answers_before_tutoring,condition_total_attempt_count,condition_total_hints_available,condition_total_hints_given,condition_total_scaffold_problems_available,condition_total_scaffold_problems_given,condition_total_explanations_available,condition_total_explanations_given,condition_total_answers_given,condition_session_count,posttest_problem_count,posttest_correct,posttest_time_on_task,posttest_average_first_response_time,posttest_session_count,assistments_reference_assignment_log_id
PSAJ43P,6310,2019-04-04 09:10:54.527000-04:00,2019-05-01 09:12:00-04:00,2019-04-07 18:57:01.198000-04:00,2019-04-07 19:24:17.835000-04:00,1,,,,,,Treatment,733.257,146.6132,5,3.0,1.0,1.0,3,5,0.0,0,5.0,2.0,0,0,0,1,,,,,,46532
PSAJ43P,7689,2019-04-04 09:10:54.527000-04:00,2019-05-01 09:12:00-04:00,2019-04-24 07:14:19.945000-04:00,2019-04-24 07:33:24.572000-04:00,1,,,,,,Control,1163.774,214.4898,4,4.0,1.0,1.0,5,5,0.0,0,4.0,1.0,0,0,0,1,,,,,,58595
PSAJ43P,281944,2020-04-15 21:49:43.425000-04:00,2020-04-27 08:30:00-04:00,2020-04-16 10:34:17.686000-04:00,2020-04-16 10:35:59.239000-04:00,1,,,,,,Control,68.25,34.118,2,2.0,,,2,2,0.0,0,2.0,0.0,0,0,0,1,,,,,,1966170
PSAJ43P,282143,2020-04-15 21:49:43.425000-04:00,2020-04-27 08:30:00-04:00,2020-04-17 07:54:11.659000-04:00,2020-04-17 07:58:05.931000-04:00,1,,,,,,Control,202.852,67.607,3,3.0,,,3,3,0.0,0,3.0,0.0,0,0,0,1,,,,,,2014169
PSAJ43P,359722,2021-02-08 10:01:00-05:00,2021-02-10 10:03:00-05:00,2021-02-08 10:39:35.932000-05:00,2021-02-08 10:57:05.300000-05:00,1,,,,,,Treatment,998.358,122.897142857143,7,5.0,2.0,2.0,7,7,1.0,0,6.0,2.0,0,0,0,1,,,,,,13196487
PSAJ43P,359805,2021-02-08 10:01:00-05:00,2021-02-10 10:03:00-05:00,2021-02-09 10:08:47.771000-05:00,2021-02-09 10:14:05.289000-05:00,1,,,,,,Treatment,279.781,139.885,2,2.0,,,2,2,0.0,0,2.0,0.0,0,0,0,1,,,,,,13262560
PSAJ43P,398118,2020-07-23 14:44:08.413000-04:00,2020-07-24 14:45:00-04:00,2020-07-23 14:45:46.097000-04:00,,1,,,,,,Treatment,164.572,,1,,,,0,0,0.0,0,1.0,1.0,0,0,0,1,,,,,,3969182
