"target_sequence","student_id","assignment_completed","problems_completed"
PSA2H6G,544,1,4
PSA2H6G,545,1,3
PSA2H6G,552,1,7
PSA2H6G,555,0,1
PSA2H6G,556,1,3
PSA2H6G,558,1,3
PSA2H6G,562,1,3
PSA2H6G,564,1,7
PSA2H6G,565,1,6
PSA2H6G,569,0,8
PSA2H6G,570,1,7
PSA2H6G,571,1,5
PSA2H6G,648,1,7
PSA2H6G,649,1,3
PSA2H6G,656,0,10
PSA2H6G,732,1,4
PSA2H6G,736,1,5
PSA2H6G,737,1,5
PSA2H6G,739,1,6
PSA2H6G,740,0,1
PSA2H6G,742,1,5
PSA2H6G,743,1,5
PSA2H6G,746,0,2
PSA2H6G,747,1,5
PSA2H6G,748,1,3
PSA2H6G,750,1,4
PSA2H6G,802,1,12
PSA2H6G,807,0,4
PSA2H6G,815,1,3
PSA2H6G,816,1,5
PSA2H6G,821,0,1
PSA2H6G,822,1,3
PSA2H6G,823,1,3
PSA2H6G,1182,0,1
PSA2H6G,1183,1,3
PSA2H6G,1186,1,4
PSA2H6G,1399,1,10
PSA2H6G,1653,1,3
PSA2H6G,1655,1,3
PSA2H6G,1656,1,3
PSA2H6G,1658,1,3
PSA2H6G,1659,0,2
PSA2H6G,1660,1,5
PSA2H6G,1661,1,7
PSA2H6G,1662,0,7
PSA2H6G,1664,1,3
PSA2H6G,1665,1,3
PSA2H6G,1666,1,6
PSA2H6G,1667,1,10
PSA2H6G,1669,1,3
PSA2H6G,1670,0,1
PSA2H6G,1671,1,3
PSA2H6G,1672,1,4
PSA2H6G,1675,1,3
PSA2H6G,1676,1,5
PSA2H6G,1807,1,5
PSA2H6G,1986,1,3
PSA2H6G,2092,0,2
PSA2H6G,3803,1,3
PSA2H6G,3804,1,3
PSA2H6G,3805,1,3
PSA2H6G,3806,1,5
PSA2H6G,3807,1,3
PSA2H6G,3808,0,8
PSA2H6G,3809,1,5
PSA2H6G,3810,1,3
PSA2H6G,3811,1,6
PSA2H6G,3812,0,7
PSA2H6G,3813,1,4
PSA2H6G,3814,0,4
PSA2H6G,3816,0,4
PSA2H6G,3817,1,4
PSA2H6G,3819,1,3
PSA2H6G,3820,1,9
PSA2H6G,3821,0,8
PSA2H6G,3822,1,3
PSA2H6G,3823,0,2
PSA2H6G,3824,0,5
PSA2H6G,3825,0,3
PSA2H6G,3826,1,4
PSA2H6G,3827,1,3
PSA2H6G,3828,1,8
PSA2H6G,3829,0,3
PSA2H6G,3830,1,3
PSA2H6G,3831,0,4
PSA2H6G,3833,0,3
PSA2H6G,3834,1,9
PSA2H6G,3837,0,1
PSA2H6G,3838,0,3
PSA2H6G,3856,1,5
PSA2H6G,3857,1,6
PSA2H6G,3858,1,4
PSA2H6G,3859,0,4
PSA2H6G,3860,0,4
PSA2H6G,3861,1,3
PSA2H6G,3862,0,8
PSA2H6G,3863,0,6
PSA2H6G,3864,0,2
PSA2H6G,3865,1,3
PSA2H6G,3866,0,2
PSA2H6G,3867,1,7
PSA2H6G,3869,0,2
PSA2H6G,3870,0,3
PSA2H6G,3871,1,3
PSA2H6G,3872,1,3
PSA2H6G,3873,0,2
PSA2H6G,3874,0,1
PSA2H6G,3876,1,3
PSA2H6G,3878,0,5
PSA2H6G,3879,1,3
PSA2H6G,3880,1,5
PSA2H6G,3881,1,5
PSA2H6G,3882,1,3
PSA2H6G,3883,1,4
PSA2H6G,3884,1,9
PSA2H6G,3885,0,3
PSA2H6G,3886,1,4
PSA2H6G,3887,1,3
PSA2H6G,3888,1,7
PSA2H6G,3889,1,3
PSA2H6G,3890,1,3
PSA2H6G,3891,1,3
PSA2H6G,3893,1,3
PSA2H6G,3894,1,3
PSA2H6G,3895,0,2
PSA2H6G,3896,1,3
PSA2H6G,3897,1,4
PSA2H6G,3938,1,3
PSA2H6G,3939,0,2
PSA2H6G,3956,0,1
PSA2H6G,3964,1,3
PSA2H6G,3979,1,6
PSA2H6G,4112,1,4
PSA2H6G,4295,0,1
PSA2H6G,4433,0,1
PSA2H6G,4434,1,6
PSA2H6G,4435,1,3
PSA2H6G,4436,1,15
PSA2H6G,4438,1,4
PSA2H6G,4440,0,2
PSA2H6G,4441,1,6
PSA2H6G,4442,1,14
PSA2H6G,4443,0,1
PSA2H6G,4444,0,2
PSA2H6G,4445,0,2
PSA2H6G,4446,1,5
PSA2H6G,4447,0,1
PSA2H6G,4448,1,3
PSA2H6G,4449,0,8
PSA2H6G,4452,1,4
PSA2H6G,4454,0,2
PSA2H6G,4455,1,7
PSA2H6G,4456,1,3
PSA2H6G,4457,0,3
PSA2H6G,4458,1,6
PSA2H6G,4459,1,3
PSA2H6G,4460,1,3
PSA2H6G,4461,1,6
PSA2H6G,4462,1,4
PSA2H6G,4463,1,4
PSA2H6G,4464,1,6
PSA2H6G,4466,0,7
PSA2H6G,4467,0,1
PSA2H6G,4468,1,6
PSA2H6G,4469,0,3
PSA2H6G,4470,0,4
PSA2H6G,4471,0,4
PSA2H6G,4472,1,3
PSA2H6G,4473,1,5
PSA2H6G,4474,0,4
PSA2H6G,4558,1,7
PSA2H6G,4559,0,8
PSA2H6G,4560,0,2
PSA2H6G,4562,0,12
PSA2H6G,4563,0,10
PSA2H6G,4564,0,5
PSA2H6G,4565,1,3
PSA2H6G,4568,1,5
PSA2H6G,4569,1,4
PSA2H6G,4570,0,2
PSA2H6G,4572,0,2
PSA2H6G,4573,0,6
PSA2H6G,4574,1,8
PSA2H6G,4575,0,1
PSA2H6G,4576,0,3
PSA2H6G,4577,1,5
PSA2H6G,4578,1,3
PSA2H6G,4587,1,3
PSA2H6G,4588,1,3
PSA2H6G,4589,1,3
PSA2H6G,4590,1,3
PSA2H6G,4591,1,3
PSA2H6G,4592,1,6
PSA2H6G,4593,1,3
PSA2H6G,4594,1,4
PSA2H6G,4595,1,3
PSA2H6G,4596,1,5
PSA2H6G,4597,1,3
PSA2H6G,4598,1,3
PSA2H6G,4599,1,5
PSA2H6G,4600,1,3
PSA2H6G,4601,1,3
PSA2H6G,4602,0,2
PSA2H6G,4603,1,3
PSA2H6G,4604,1,3
PSA2H6G,4605,1,3
PSA2H6G,4606,1,4
PSA2H6G,4608,1,3
PSA2H6G,4609,1,3
PSA2H6G,4610,1,3
PSA2H6G,4615,1,3
PSA2H6G,4618,1,3
PSA2H6G,4765,1,3
PSA2H6G,4773,1,4
PSA2H6G,4774,1,3
PSA2H6G,4805,0,3
PSA2H6G,4806,0,5
PSA2H6G,4813,1,3
PSA2H6G,4815,1,9
PSA2H6G,4818,1,3
PSA2H6G,4821,1,7
PSA2H6G,4822,1,6
PSA2H6G,4823,1,3
PSA2H6G,4827,1,3
PSA2H6G,4833,1,7
PSA2H6G,4834,1,3
PSA2H6G,4835,1,3
PSA2H6G,4836,1,6
PSA2H6G,4837,1,3
PSA2H6G,4838,1,3
PSA2H6G,4839,1,4
PSA2H6G,4840,1,3
PSA2H6G,4841,1,3
PSA2H6G,4842,1,3
PSA2H6G,4843,1,3
PSA2H6G,4844,1,4
PSA2H6G,4845,1,3
PSA2H6G,4847,1,3
PSA2H6G,4848,1,3
PSA2H6G,4849,1,9
PSA2H6G,4850,1,5
PSA2H6G,4851,1,3
PSA2H6G,4852,1,5
PSA2H6G,4853,1,3
PSA2H6G,4854,1,3
PSA2H6G,4855,1,4
PSA2H6G,4859,1,3
PSA2H6G,4863,1,3
PSA2H6G,4864,1,3
PSA2H6G,4870,1,5
PSA2H6G,4871,1,3
PSA2H6G,4873,1,6
PSA2H6G,4874,1,7
PSA2H6G,4875,1,3
PSA2H6G,4876,1,3
PSA2H6G,4877,1,6
PSA2H6G,4882,0,5
PSA2H6G,4883,0,2
PSA2H6G,4884,1,4
PSA2H6G,4885,1,4
PSA2H6G,4887,1,3
PSA2H6G,4892,0,7
PSA2H6G,4918,1,3
PSA2H6G,4921,0,2
PSA2H6G,4922,1,7
PSA2H6G,4923,1,11
PSA2H6G,4924,1,3
PSA2H6G,4925,1,4
PSA2H6G,4928,1,3
PSA2H6G,4929,1,7
PSA2H6G,4930,1,3
PSA2H6G,4931,1,6
PSA2H6G,4934,1,5
PSA2H6G,4935,0,4
PSA2H6G,4937,1,3
PSA2H6G,4938,1,7
PSA2H6G,4940,1,3
PSA2H6G,5091,0,1
PSA2H6G,5185,1,3
PSA2H6G,5187,1,6
PSA2H6G,5188,0,1
PSA2H6G,5279,1,3
PSA2H6G,5446,1,8
PSA2H6G,5448,0,2
PSA2H6G,5451,1,10
PSA2H6G,5887,1,3
PSA2H6G,6598,1,3
PSA2H6G,6600,0,6
PSA2H6G,6602,0,3
PSA2H6G,7890,0,4
PSA2H6G,7891,1,4
PSA2H6G,7892,1,7
PSA2H6G,8093,1,12
PSA2H6G,8094,0,2
PSA2H6G,8223,1,3
PSA2H6G,9822,1,3
PSA2H6G,9935,1,10
PSA2H6G,9936,1,3
PSA2H6G,9937,1,4
PSA2H6G,9938,1,3
PSA2H6G,9939,1,3
PSA2H6G,9946,1,6
PSA2H6G,9947,1,7
PSA2H6G,9948,1,3
PSA2H6G,9949,1,8
PSA2H6G,9950,1,7
PSA2H6G,9951,1,5
PSA2H6G,9952,1,5
PSA2H6G,9953,1,3
PSA2H6G,9954,1,3
PSA2H6G,9956,1,3
PSA2H6G,10014,1,4
PSA2H6G,10015,1,8
PSA2H6G,10016,1,7
PSA2H6G,10017,1,3
PSA2H6G,10018,1,3
PSA2H6G,10157,1,4
PSA2H6G,10984,1,3
PSA2H6G,10985,1,3
PSA2H6G,10987,1,3
PSA2H6G,10989,1,3
PSA2H6G,10991,0,1
PSA2H6G,10993,1,6
PSA2H6G,10994,1,11
PSA2H6G,10995,1,3
PSA2H6G,10997,1,4
PSA2H6G,10998,1,3
PSA2H6G,11000,1,3
PSA2H6G,11002,1,7
PSA2H6G,11003,1,3
PSA2H6G,11004,1,3
PSA2H6G,11005,1,12
PSA2H6G,11052,0,2
PSA2H6G,11055,1,4
PSA2H6G,11057,1,3
PSA2H6G,11060,1,3
PSA2H6G,11064,0,1
PSA2H6G,11068,1,3
PSA2H6G,11069,1,8
PSA2H6G,11079,1,3
PSA2H6G,11081,1,3
PSA2H6G,11082,1,7
PSA2H6G,11086,1,7
PSA2H6G,11089,1,3
PSA2H6G,11090,1,3
PSA2H6G,11093,1,3
PSA2H6G,11094,1,3
PSA2H6G,11096,1,3
PSA2H6G,11102,0,5
PSA2H6G,11107,1,4
PSA2H6G,11109,1,6
PSA2H6G,11110,1,4
PSA2H6G,11118,1,7
PSA2H6G,11120,1,5
PSA2H6G,11125,0,10
PSA2H6G,11130,1,3
PSA2H6G,11133,1,4
PSA2H6G,11134,1,3
PSA2H6G,11136,1,5
PSA2H6G,11139,1,5
PSA2H6G,11141,1,6
PSA2H6G,11143,1,3
PSA2H6G,11147,1,3
PSA2H6G,11148,1,3
PSA2H6G,11149,1,3
PSA2H6G,11150,0,11
PSA2H6G,11151,1,3
PSA2H6G,11152,1,3
PSA2H6G,11154,1,3
PSA2H6G,11155,1,3
PSA2H6G,11156,1,4
PSA2H6G,11158,1,3
PSA2H6G,11159,0,10
PSA2H6G,11160,1,4
PSA2H6G,11162,1,3
PSA2H6G,11166,0,11
PSA2H6G,11168,1,7
PSA2H6G,11169,0,1
PSA2H6G,11171,1,11
PSA2H6G,11173,1,7
PSA2H6G,11174,1,3
PSA2H6G,11176,1,9
PSA2H6G,11177,0,10
PSA2H6G,11181,1,9
PSA2H6G,11193,1,5
PSA2H6G,11221,0,1
PSA2H6G,11230,1,4
PSA2H6G,11231,1,3
PSA2H6G,11232,1,3
PSA2H6G,11237,1,3
PSA2H6G,11238,1,3
PSA2H6G,11239,1,5
PSA2H6G,11240,1,3
PSA2H6G,11241,1,3
PSA2H6G,11242,0,3
PSA2H6G,11244,1,6
PSA2H6G,11246,1,4
PSA2H6G,11262,1,3
PSA2H6G,11273,1,5
PSA2H6G,11275,1,3
PSA2H6G,11298,1,3
PSA2H6G,11301,0,10
PSA2H6G,11304,1,3
PSA2H6G,11305,0,1
PSA2H6G,11309,1,5
PSA2H6G,11313,1,9
PSA2H6G,11317,1,3
PSA2H6G,11322,0,7
PSA2H6G,11323,1,3
PSA2H6G,11334,1,3
PSA2H6G,11337,1,3
PSA2H6G,11338,1,3
PSA2H6G,11340,1,3
PSA2H6G,11341,1,11
PSA2H6G,11343,1,7
PSA2H6G,11344,1,13
PSA2H6G,11346,0,2
PSA2H6G,11347,1,6
PSA2H6G,11349,1,3
PSA2H6G,11352,0,2
PSA2H6G,11353,0,2
PSA2H6G,11375,1,3
PSA2H6G,11383,0,1
PSA2H6G,11385,1,3
PSA2H6G,11389,1,3
PSA2H6G,11390,1,10
PSA2H6G,11570,1,3
PSA2H6G,11931,1,3
PSA2H6G,12560,0,11
PSA2H6G,12591,0,1
PSA2H6G,12592,0,9
PSA2H6G,12593,1,3
PSA2H6G,12616,1,3
PSA2H6G,12617,1,4
PSA2H6G,12619,1,6
PSA2H6G,12621,1,3
PSA2H6G,12622,1,6
PSA2H6G,12623,1,3
PSA2H6G,12625,1,3
PSA2H6G,12626,1,9
PSA2H6G,12627,1,7
PSA2H6G,12628,1,3
PSA2H6G,12629,1,3
PSA2H6G,12630,1,4
PSA2H6G,12632,1,7
PSA2H6G,12634,0,10
PSA2H6G,12635,1,5
PSA2H6G,12636,1,3
PSA2H6G,12637,1,5
PSA2H6G,12639,1,3
PSA2H6G,12770,1,3
PSA2H6G,12771,1,3
PSA2H6G,12772,1,5
PSA2H6G,13062,1,3
PSA2H6G,13581,1,3
PSA2H6G,13843,1,11
PSA2H6G,14571,1,3
PSA2H6G,14574,1,3
PSA2H6G,14579,1,6
PSA2H6G,14581,1,3
PSA2H6G,14584,1,3
PSA2H6G,14585,1,3
PSA2H6G,14588,1,4
PSA2H6G,14592,1,3
PSA2H6G,14597,1,3
PSA2H6G,14606,1,9
PSA2H6G,14621,1,3
PSA2H6G,14623,1,3
PSA2H6G,14627,0,3
PSA2H6G,14630,1,3
PSA2H6G,14721,1,6
PSA2H6G,14722,1,3
PSA2H6G,14732,1,3
PSA2H6G,14747,1,3
PSA2H6G,14757,1,5
PSA2H6G,14903,1,4
PSA2H6G,14905,1,3
PSA2H6G,14960,1,4
PSA2H6G,15161,1,3
PSA2H6G,15162,1,9
PSA2H6G,15322,1,4
PSA2H6G,15359,1,4
PSA2H6G,15540,0,2
PSA2H6G,15548,1,5
PSA2H6G,15566,1,3
PSA2H6G,15719,1,9
PSA2H6G,15821,1,3
PSA2H6G,15836,1,3
PSA2H6G,15921,1,6
PSA2H6G,16342,1,3
PSA2H6G,16995,1,4
PSA2H6G,18484,1,6
PSA2H6G,20580,1,5
PSA2H6G,20954,1,3
PSA2H6G,20955,1,10
PSA2H6G,20956,1,5
PSA2H6G,22041,1,11
PSA2H6G,22988,0,11
PSA2H6G,23778,1,6
PSA2H6G,24184,1,3
PSA2H6G,24189,1,3
PSA2H6G,24190,1,6
PSA2H6G,24192,1,3
PSA2H6G,24195,1,3
PSA2H6G,24197,1,3
PSA2H6G,24198,1,7
PSA2H6G,24200,1,3
PSA2H6G,24202,1,5
PSA2H6G,24204,0,12
PSA2H6G,24209,1,3
PSA2H6G,24210,1,5
PSA2H6G,24212,1,3
PSA2H6G,24213,1,4
PSA2H6G,24218,0,1
PSA2H6G,24221,1,11
PSA2H6G,24888,1,3
PSA2H6G,24889,1,3
PSA2H6G,24890,1,3
PSA2H6G,24891,1,3
PSA2H6G,24892,1,4
PSA2H6G,24893,1,6
PSA2H6G,24894,1,3
PSA2H6G,24895,1,3
PSA2H6G,24896,1,5
PSA2H6G,24897,1,6
PSA2H6G,24928,1,3
PSA2H6G,24957,1,3
PSA2H6G,24960,1,4
PSA2H6G,24963,1,3
PSA2H6G,25410,1,3
PSA2H6G,26149,0,10
PSA2H6G,26189,1,3
PSA2H6G,26487,1,3
PSA2H6G,26488,0,6
PSA2H6G,26491,1,3
PSA2H6G,26492,0,9
PSA2H6G,26506,1,3
PSA2H6G,26513,0,5
PSA2H6G,26515,1,3
PSA2H6G,26735,0,3
PSA2H6G,26895,1,4
PSA2H6G,26901,1,6
PSA2H6G,26920,1,7
PSA2H6G,27226,1,3
PSA2H6G,27236,0,3
PSA2H6G,27239,0,1
PSA2H6G,27240,1,4
PSA2H6G,27241,1,5
PSA2H6G,27242,1,3
PSA2H6G,27243,1,3
PSA2H6G,27288,1,3
PSA2H6G,27692,1,6
PSA2H6G,28683,1,5
PSA2H6G,28684,1,3
PSA2H6G,28685,1,9
PSA2H6G,28686,1,3
PSA2H6G,28687,1,4
PSA2H6G,28688,1,3
PSA2H6G,28689,1,3
PSA2H6G,28691,1,7
PSA2H6G,28692,1,4
PSA2H6G,28693,1,3
PSA2H6G,28695,1,3
PSA2H6G,28696,1,3
PSA2H6G,28697,0,2
PSA2H6G,28698,1,3
PSA2H6G,28699,1,3
PSA2H6G,28701,1,3
PSA2H6G,28702,1,3
PSA2H6G,28703,1,4
PSA2H6G,28704,1,3
PSA2H6G,28705,1,3
PSA2H6G,28706,1,3
PSA2H6G,28707,1,3
PSA2H6G,28708,1,3
PSA2H6G,28709,1,6
PSA2H6G,28711,1,7
PSA2H6G,28760,1,3
PSA2H6G,28762,1,3
PSA2H6G,28763,1,3
PSA2H6G,28764,1,3
PSA2H6G,28766,1,3
PSA2H6G,28768,1,3
PSA2H6G,28770,0,2
PSA2H6G,28772,1,9
PSA2H6G,28774,1,3
PSA2H6G,28775,1,4
PSA2H6G,28778,1,3
PSA2H6G,28781,1,3
PSA2H6G,28782,1,8
PSA2H6G,28783,1,3
PSA2H6G,28785,0,4
PSA2H6G,28786,1,3
PSA2H6G,28790,1,3
PSA2H6G,28838,0,1
PSA2H6G,28955,1,5
PSA2H6G,28956,1,4
PSA2H6G,28957,1,4
PSA2H6G,28958,1,10
PSA2H6G,28959,1,6
PSA2H6G,28960,1,11
PSA2H6G,28961,1,3
PSA2H6G,28962,1,3
PSA2H6G,28963,1,5
PSA2H6G,28964,1,3
PSA2H6G,28966,1,3
PSA2H6G,28967,1,4
PSA2H6G,28968,0,3
PSA2H6G,28969,1,4
PSA2H6G,28970,1,3
PSA2H6G,28971,1,3
PSA2H6G,28972,1,10
PSA2H6G,28973,1,3
PSA2H6G,28974,1,5
PSA2H6G,28975,1,4
PSA2H6G,28976,1,3
PSA2H6G,28977,1,5
PSA2H6G,28978,1,3
PSA2H6G,28979,1,3
PSA2H6G,28980,1,3
PSA2H6G,29023,1,3
PSA2H6G,29026,1,3
PSA2H6G,29027,1,5
PSA2H6G,29029,1,3
PSA2H6G,29030,1,12
PSA2H6G,29031,0,1
PSA2H6G,29032,1,3
PSA2H6G,29033,1,3
PSA2H6G,29034,1,3
PSA2H6G,29035,1,3
PSA2H6G,29036,0,2
PSA2H6G,29037,1,6
PSA2H6G,29040,1,5
PSA2H6G,29041,1,3
PSA2H6G,29042,1,3
PSA2H6G,29046,0,1
PSA2H6G,29048,1,3
PSA2H6G,29054,1,3
PSA2H6G,29800,1,3
PSA2H6G,29806,1,6
PSA2H6G,29807,1,3
PSA2H6G,29810,1,3
PSA2H6G,29811,0,1
PSA2H6G,29812,0,1
PSA2H6G,29813,0,1
PSA2H6G,29814,1,3
PSA2H6G,29815,1,5
PSA2H6G,29816,1,3
PSA2H6G,29818,1,3
PSA2H6G,29819,1,3
PSA2H6G,29820,1,5
PSA2H6G,29823,1,3
PSA2H6G,29827,0,2
PSA2H6G,29830,0,2
PSA2H6G,29831,1,6
PSA2H6G,30112,1,3
PSA2H6G,30475,1,3
PSA2H6G,30490,0,1
PSA2H6G,30496,1,3
PSA2H6G,30541,0,2
PSA2H6G,30701,1,7
PSA2H6G,31029,0,3
PSA2H6G,31030,1,4
PSA2H6G,31031,1,4
PSA2H6G,31033,1,4
PSA2H6G,31034,0,7
PSA2H6G,31036,1,3
PSA2H6G,31037,0,8
PSA2H6G,31039,0,5
PSA2H6G,31041,0,5
PSA2H6G,31042,1,4
PSA2H6G,31043,1,3
PSA2H6G,31044,1,3
PSA2H6G,31045,1,4
PSA2H6G,31046,1,6
PSA2H6G,31047,1,4
PSA2H6G,31048,1,3
PSA2H6G,31049,0,10
PSA2H6G,31050,1,4
PSA2H6G,31051,1,3
PSA2H6G,31053,1,3
PSA2H6G,31054,1,6
PSA2H6G,31056,0,4
PSA2H6G,31174,1,5
PSA2H6G,32783,1,15
PSA2H6G,32798,1,3
PSA2H6G,32801,1,3
PSA2H6G,32804,1,3
PSA2H6G,32805,1,3
PSA2H6G,32806,1,4
PSA2H6G,32807,1,4
PSA2H6G,32808,1,3
PSA2H6G,32810,1,4
PSA2H6G,32812,1,11
PSA2H6G,32813,0,9
PSA2H6G,32814,1,10
PSA2H6G,32817,1,5
PSA2H6G,32819,1,4
PSA2H6G,32823,1,7
PSA2H6G,32824,1,10
PSA2H6G,32827,1,3
PSA2H6G,32830,1,3
PSA2H6G,32831,1,3
PSA2H6G,32835,1,3
PSA2H6G,32836,1,3
PSA2H6G,32837,1,3
PSA2H6G,32839,1,4
PSA2H6G,32840,1,7
PSA2H6G,32842,1,9
PSA2H6G,32844,1,5
PSA2H6G,32845,1,3
PSA2H6G,32848,1,3
PSA2H6G,32849,1,3
PSA2H6G,32850,1,4
PSA2H6G,33021,1,3
PSA2H6G,33029,1,4
PSA2H6G,33030,1,3
PSA2H6G,33032,1,3
PSA2H6G,33035,1,3
PSA2H6G,33037,1,4
PSA2H6G,33039,1,3
PSA2H6G,33042,1,3
PSA2H6G,33044,1,3
PSA2H6G,33049,0,10
PSA2H6G,33052,1,6
PSA2H6G,33053,1,4
PSA2H6G,33054,1,5
PSA2H6G,33058,1,4
PSA2H6G,33061,1,5
PSA2H6G,33065,0,1
PSA2H6G,33067,1,5
PSA2H6G,33068,1,10
PSA2H6G,33071,1,3
PSA2H6G,33078,1,8
PSA2H6G,33081,1,3
PSA2H6G,33083,1,3
PSA2H6G,33088,0,4
PSA2H6G,33089,1,3
PSA2H6G,33090,1,6
PSA2H6G,33092,1,4
PSA2H6G,33093,1,4
PSA2H6G,33100,1,3
PSA2H6G,33109,1,3
PSA2H6G,33501,1,3
PSA2H6G,33502,1,3
PSA2H6G,33504,1,3
PSA2H6G,33506,1,4
PSA2H6G,33507,1,3
PSA2H6G,33508,1,3
PSA2H6G,33509,1,3
PSA2H6G,33511,1,5
PSA2H6G,33512,1,3
PSA2H6G,33513,1,3
PSA2H6G,33514,1,3
PSA2H6G,33516,1,3
PSA2H6G,33517,1,3
PSA2H6G,33518,1,3
PSA2H6G,33520,1,6
PSA2H6G,33521,1,3
PSA2H6G,33524,1,5
PSA2H6G,33526,1,3
PSA2H6G,33530,1,3
PSA2H6G,33552,1,6
PSA2H6G,33554,1,3
PSA2H6G,33565,1,3
PSA2H6G,33715,1,3
PSA2H6G,33716,1,3
PSA2H6G,33718,1,3
PSA2H6G,33720,1,3
PSA2H6G,33721,1,3
PSA2H6G,33722,1,5
PSA2H6G,33723,1,3
PSA2H6G,33724,1,3
PSA2H6G,33725,1,3
PSA2H6G,33726,1,3
PSA2H6G,33727,1,4
PSA2H6G,33728,1,3
PSA2H6G,33729,1,3
PSA2H6G,33731,1,3
PSA2H6G,33732,1,3
PSA2H6G,33733,1,3
PSA2H6G,33734,1,3
PSA2H6G,33735,1,3
PSA2H6G,33736,1,3
PSA2H6G,33737,1,3
PSA2H6G,33738,1,3
PSA2H6G,33739,1,8
PSA2H6G,33740,1,3
PSA2H6G,33741,1,4
PSA2H6G,33742,1,4
PSA2H6G,34136,1,3
PSA2H6G,34256,1,5
PSA2H6G,34289,1,8
PSA2H6G,34408,1,6
PSA2H6G,34409,1,3
PSA2H6G,34410,1,3
PSA2H6G,34411,1,3
PSA2H6G,34413,1,3
PSA2H6G,34414,1,4
PSA2H6G,34415,1,3
PSA2H6G,34417,1,10
PSA2H6G,34418,1,11
PSA2H6G,34419,1,7
PSA2H6G,34421,1,3
PSA2H6G,34423,1,7
PSA2H6G,34424,1,3
PSA2H6G,34425,1,7
PSA2H6G,34426,1,3
PSA2H6G,34427,1,5
PSA2H6G,34428,1,3
PSA2H6G,34430,1,4
PSA2H6G,34431,1,3
PSA2H6G,34433,0,4
PSA2H6G,34536,0,10
PSA2H6G,34540,1,3
PSA2H6G,34568,1,3
PSA2H6G,34570,1,4
PSA2H6G,34571,1,7
PSA2H6G,34572,0,2
PSA2H6G,34574,1,3
PSA2H6G,34575,1,3
PSA2H6G,34577,1,19
PSA2H6G,34578,0,3
PSA2H6G,34579,1,4
PSA2H6G,34580,1,6
PSA2H6G,34581,1,7
PSA2H6G,34583,1,3
PSA2H6G,34585,1,3
PSA2H6G,34592,0,3
PSA2H6G,35096,1,3
PSA2H6G,35106,1,3
PSA2H6G,35140,1,6
PSA2H6G,35214,1,7
PSA2H6G,35216,1,3
PSA2H6G,35217,1,8
PSA2H6G,35218,1,3
PSA2H6G,35219,1,3
PSA2H6G,35223,1,3
PSA2H6G,35224,1,3
PSA2H6G,35225,1,6
PSA2H6G,35226,1,3
PSA2H6G,35228,1,3
PSA2H6G,35229,0,6
PSA2H6G,35230,1,8
PSA2H6G,35232,1,3
PSA2H6G,35233,1,19
PSA2H6G,35234,1,5
PSA2H6G,35238,1,6
PSA2H6G,35241,1,12
PSA2H6G,35243,1,3
PSA2H6G,35440,1,3
PSA2H6G,35518,1,3
PSA2H6G,35519,1,8
PSA2H6G,35521,1,13
PSA2H6G,35523,1,6
PSA2H6G,35524,1,3
PSA2H6G,35525,1,3
PSA2H6G,35526,0,2
PSA2H6G,35527,1,6
PSA2H6G,35529,1,6
PSA2H6G,35530,1,3
PSA2H6G,35531,1,3
PSA2H6G,35532,1,5
PSA2H6G,35533,1,3
PSA2H6G,35534,1,3
PSA2H6G,35537,1,6
PSA2H6G,35539,1,3
PSA2H6G,35542,0,10
PSA2H6G,35543,1,3
PSA2H6G,35545,1,7
PSA2H6G,35549,1,5
PSA2H6G,35552,1,3
PSA2H6G,35557,1,7
PSA2H6G,35559,1,7
PSA2H6G,35561,1,5
PSA2H6G,35565,1,3
PSA2H6G,35575,1,3
PSA2H6G,35724,1,4
PSA2H6G,35961,0,3
PSA2H6G,36245,1,4
PSA2H6G,36307,1,5
PSA2H6G,36366,1,4
PSA2H6G,36377,1,5
PSA2H6G,36410,1,3
PSA2H6G,36418,1,5
PSA2H6G,36455,1,3
PSA2H6G,36476,1,4
PSA2H6G,36485,1,7
PSA2H6G,36653,1,6
PSA2H6G,36654,1,4
PSA2H6G,36655,1,7
PSA2H6G,36656,1,14
PSA2H6G,37170,1,4
PSA2H6G,37659,1,3
PSA2H6G,38225,1,3
PSA2H6G,38227,1,3
PSA2H6G,38249,1,3
PSA2H6G,38269,1,3
PSA2H6G,38316,1,4
PSA2H6G,38330,1,7
PSA2H6G,38338,1,3
PSA2H6G,38342,1,3
PSA2H6G,38576,1,5
PSA2H6G,38577,1,3
PSA2H6G,38578,1,3
PSA2H6G,38580,1,3
PSA2H6G,38581,1,3
PSA2H6G,38585,1,3
PSA2H6G,38591,1,6
PSA2H6G,39281,0,3
PSA2H6G,39304,0,3
PSA2H6G,39306,0,3
PSA2H6G,39309,1,4
PSA2H6G,39313,1,3
PSA2H6G,39314,0,1
PSA2H6G,39317,1,9
PSA2H6G,39318,1,3
PSA2H6G,39320,1,3
PSA2H6G,39323,0,4
PSA2H6G,39324,1,5
PSA2H6G,39328,1,6
PSA2H6G,39331,1,3
PSA2H6G,39332,1,3
PSA2H6G,39333,1,3
PSA2H6G,39335,0,2
PSA2H6G,39764,1,7
PSA2H6G,39774,1,3
PSA2H6G,39878,1,3
PSA2H6G,39884,1,4
PSA2H6G,39885,0,3
PSA2H6G,39890,1,4
PSA2H6G,39891,1,3
PSA2H6G,39893,1,4
PSA2H6G,39894,1,4
PSA2H6G,39903,1,3
PSA2H6G,39907,1,5
PSA2H6G,39978,1,7
PSA2H6G,39981,1,6
PSA2H6G,39991,1,4
PSA2H6G,39996,1,6
PSA2H6G,39997,0,1
PSA2H6G,39999,1,4
PSA2H6G,40000,1,5
PSA2H6G,40003,0,10
PSA2H6G,40005,1,8
PSA2H6G,40007,1,6
PSA2H6G,40018,1,3
PSA2H6G,40022,1,3
PSA2H6G,41036,1,3
PSA2H6G,41166,1,3
PSA2H6G,41267,1,4
PSA2H6G,41317,1,3
PSA2H6G,41323,1,4
PSA2H6G,41333,1,3
PSA2H6G,41337,1,3
PSA2H6G,41339,1,3
PSA2H6G,41361,1,11
PSA2H6G,41365,1,3
PSA2H6G,41369,1,3
PSA2H6G,41394,1,6
PSA2H6G,41427,1,3
PSA2H6G,41483,1,6
PSA2H6G,41486,1,3
PSA2H6G,41737,0,8
PSA2H6G,41839,1,3
PSA2H6G,41963,1,3
PSA2H6G,41972,1,3
PSA2H6G,41974,1,4
PSA2H6G,41984,1,4
PSA2H6G,41990,1,3
PSA2H6G,41994,1,5
PSA2H6G,41996,1,4
PSA2H6G,42382,1,3
PSA2H6G,42578,1,5
PSA2H6G,42599,1,6
PSA2H6G,42646,1,6
PSA2H6G,42649,0,1
PSA2H6G,43388,1,3
PSA2H6G,43389,1,3
PSA2H6G,43392,1,3
PSA2H6G,43393,1,5
PSA2H6G,43394,1,9
PSA2H6G,43397,1,4
PSA2H6G,43398,0,4
PSA2H6G,43399,1,7
PSA2H6G,43401,1,5
PSA2H6G,43402,1,3
PSA2H6G,43403,1,3
PSA2H6G,43404,1,3
PSA2H6G,43405,1,10
PSA2H6G,43410,1,5
PSA2H6G,43411,1,3
PSA2H6G,43412,1,3
PSA2H6G,43413,1,8
PSA2H6G,43415,1,3
PSA2H6G,43421,1,9
PSA2H6G,43424,1,4
PSA2H6G,43427,1,4
PSA2H6G,43609,0,1
PSA2H6G,43611,1,15
PSA2H6G,43616,1,3
PSA2H6G,43618,1,3
PSA2H6G,43622,1,3
PSA2H6G,43623,1,5
PSA2H6G,43624,1,4
PSA2H6G,43626,0,3
PSA2H6G,43636,1,4
PSA2H6G,43738,0,2
PSA2H6G,43746,1,7
PSA2H6G,44061,1,3
PSA2H6G,44062,1,6
PSA2H6G,44063,1,3
PSA2H6G,44064,1,4
PSA2H6G,44065,1,13
PSA2H6G,44066,1,3
PSA2H6G,44067,1,3
PSA2H6G,44068,1,6
PSA2H6G,44070,1,7
PSA2H6G,44071,1,7
PSA2H6G,44072,1,7
PSA2H6G,44073,1,3
PSA2H6G,44074,1,3
PSA2H6G,44075,1,3
PSA2H6G,44076,1,6
PSA2H6G,44077,1,3
PSA2H6G,44078,1,3
PSA2H6G,44083,1,3
PSA2H6G,44169,1,3
PSA2H6G,44170,1,6
PSA2H6G,44172,1,5
PSA2H6G,44173,1,3
PSA2H6G,44174,1,3
PSA2H6G,44175,1,4
PSA2H6G,44177,1,3
PSA2H6G,44178,1,5
PSA2H6G,44179,1,3
PSA2H6G,44180,1,3
PSA2H6G,44181,1,3
PSA2H6G,44182,1,3
PSA2H6G,44183,1,3
PSA2H6G,44184,0,3
PSA2H6G,44185,0,3
PSA2H6G,44186,1,3
PSA2H6G,44188,1,4
PSA2H6G,44191,1,3
PSA2H6G,44336,1,6
PSA2H6G,44863,1,3
PSA2H6G,44867,1,3
PSA2H6G,44905,1,3
PSA2H6G,44906,1,4
PSA2H6G,44907,1,6
PSA2H6G,44931,1,3
PSA2H6G,44932,1,3
PSA2H6G,44953,1,3
PSA2H6G,44972,1,3
PSA2H6G,45092,0,3
PSA2H6G,45268,1,6
PSA2H6G,45274,1,7
PSA2H6G,45275,1,7
PSA2H6G,45276,1,3
PSA2H6G,45279,1,5
PSA2H6G,45282,1,5
PSA2H6G,45283,1,4
PSA2H6G,45288,1,5
PSA2H6G,45289,1,8
PSA2H6G,45291,1,3
PSA2H6G,45292,1,7
PSA2H6G,45295,1,3
PSA2H6G,45296,1,3
PSA2H6G,45297,1,3
PSA2H6G,45299,1,3
PSA2H6G,45300,1,11
PSA2H6G,45307,0,10
PSA2H6G,45331,0,3
PSA2H6G,45335,1,3
PSA2H6G,45344,1,7
PSA2H6G,45360,0,10
PSA2H6G,45361,0,3
PSA2H6G,45368,1,7
PSA2H6G,45370,1,6
PSA2H6G,45426,1,3
PSA2H6G,45464,1,3
PSA2H6G,45615,1,3
PSA2H6G,45617,1,27
PSA2H6G,45628,1,4
PSA2H6G,45656,1,9
PSA2H6G,45658,1,6
PSA2H6G,45659,1,4
PSA2H6G,45660,1,4
PSA2H6G,45662,1,15
PSA2H6G,45664,1,3
PSA2H6G,45665,1,5
PSA2H6G,45666,1,6
PSA2H6G,45668,1,3
PSA2H6G,45673,1,4
PSA2H6G,45674,1,6
PSA2H6G,45676,1,3
PSA2H6G,45677,1,5
PSA2H6G,45680,1,11
PSA2H6G,45681,1,5
PSA2H6G,45683,1,3
PSA2H6G,45684,1,3
PSA2H6G,45685,0,11
PSA2H6G,45686,1,11
PSA2H6G,45687,1,3
PSA2H6G,45701,1,3
PSA2H6G,45711,1,3
PSA2H6G,45723,1,5
PSA2H6G,46607,1,3
PSA2H6G,46611,1,4
PSA2H6G,46613,1,3
PSA2H6G,46671,1,3
PSA2H6G,46762,1,3
PSA2H6G,46771,1,4
PSA2H6G,46778,1,3
PSA2H6G,46784,1,3
PSA2H6G,46785,1,3
PSA2H6G,46790,1,7
PSA2H6G,46791,0,10
PSA2H6G,46968,1,6
PSA2H6G,46980,1,3
PSA2H6G,47106,1,7
PSA2H6G,47114,1,3
PSA2H6G,47134,1,7
PSA2H6G,47200,1,3
PSA2H6G,47627,1,3
PSA2H6G,47640,1,3
PSA2H6G,47641,1,3
PSA2H6G,47642,1,3
PSA2H6G,47644,1,3
PSA2H6G,47645,1,5
PSA2H6G,47647,1,3
PSA2H6G,47648,1,4
PSA2H6G,47650,1,3
PSA2H6G,47652,1,3
PSA2H6G,47653,1,3
PSA2H6G,47654,1,3
PSA2H6G,47655,1,5
PSA2H6G,47656,0,8
PSA2H6G,47657,1,4
PSA2H6G,47872,1,3
PSA2H6G,47991,1,5
PSA2H6G,48038,1,3
PSA2H6G,48054,1,3
PSA2H6G,48062,1,4
PSA2H6G,48762,1,4
PSA2H6G,49232,1,15
PSA2H6G,49382,1,3
PSA2H6G,49417,0,3
PSA2H6G,49418,1,3
PSA2H6G,49422,1,3
PSA2H6G,49525,1,4
PSA2H6G,49538,0,1
PSA2H6G,49556,1,3
PSA2H6G,49680,1,4
PSA2H6G,49935,1,8
PSA2H6G,50353,1,3
PSA2H6G,50496,1,3
PSA2H6G,50498,1,4
PSA2H6G,50499,1,6
PSA2H6G,50760,1,6
PSA2H6G,51039,1,3
PSA2H6G,51046,0,11
PSA2H6G,51064,1,4
PSA2H6G,51943,0,1
PSA2H6G,52087,1,3
PSA2H6G,52144,1,3
PSA2H6G,52218,1,4
PSA2H6G,52229,0,3
PSA2H6G,52286,1,3
PSA2H6G,52290,1,5
PSA2H6G,52648,1,3
PSA2H6G,53273,1,13
PSA2H6G,53834,1,3
PSA2H6G,53921,1,3
PSA2H6G,53935,1,3
PSA2H6G,54008,1,3
PSA2H6G,54085,1,4
PSA2H6G,54163,1,7
PSA2H6G,54590,1,5
PSA2H6G,54685,1,7
PSA2H6G,54734,1,3
PSA2H6G,54809,1,3
PSA2H6G,54810,0,4
PSA2H6G,54811,1,4
PSA2H6G,54812,1,3
PSA2H6G,54813,1,3
PSA2H6G,54817,1,6
PSA2H6G,55387,1,3
PSA2H6G,55418,1,5
PSA2H6G,56255,1,3
PSA2H6G,57057,1,6
PSA2H6G,57259,1,7
PSA2H6G,57261,1,5
PSA2H6G,57262,1,5
PSA2H6G,60411,1,5
PSA2H6G,60507,0,10
PSA2H6G,60508,1,3
PSA2H6G,60509,1,3
PSA2H6G,60510,1,6
PSA2H6G,60511,1,4
PSA2H6G,60512,1,4
PSA2H6G,60513,0,7
PSA2H6G,60514,1,4
PSA2H6G,60516,1,4
PSA2H6G,60518,1,9
PSA2H6G,60520,1,3
PSA2H6G,60880,1,3
PSA2H6G,60883,1,4
PSA2H6G,60884,1,5
PSA2H6G,60886,1,3
PSA2H6G,60887,1,3
PSA2H6G,60888,1,5
PSA2H6G,60889,1,4
PSA2H6G,60890,0,1
PSA2H6G,60891,1,5
PSA2H6G,60892,1,3
PSA2H6G,60897,1,3
PSA2H6G,60927,1,4
PSA2H6G,61006,1,6
PSA2H6G,61727,1,10
PSA2H6G,61746,0,7
PSA2H6G,61750,1,7
PSA2H6G,62910,1,4
PSA2H6G,62949,1,7
PSA2H6G,62950,1,3
PSA2H6G,62951,1,4
PSA2H6G,62952,0,3
PSA2H6G,62953,0,11
PSA2H6G,62954,1,5
PSA2H6G,62955,1,4
PSA2H6G,62956,1,3
PSA2H6G,62957,0,5
PSA2H6G,62958,0,12
PSA2H6G,62960,1,3
PSA2H6G,62965,0,11
PSA2H6G,63092,0,1
PSA2H6G,64392,1,3
PSA2H6G,64404,0,10
PSA2H6G,64407,1,10
PSA2H6G,64666,0,6
PSA2H6G,67653,1,9
PSA2H6G,68488,1,3
PSA2H6G,68499,1,6
PSA2H6G,68590,1,8
PSA2H6G,68629,0,7
PSA2H6G,68632,1,6
PSA2H6G,70196,1,3
PSA2H6G,72561,1,3
PSA2H6G,72562,1,3
PSA2H6G,72563,1,4
PSA2H6G,72565,1,3
PSA2H6G,72566,1,4
PSA2H6G,72567,1,3
PSA2H6G,72568,1,4
PSA2H6G,72569,1,4
PSA2H6G,72571,1,3
PSA2H6G,72650,1,5
PSA2H6G,72651,1,3
PSA2H6G,72652,1,5
PSA2H6G,72653,1,3
PSA2H6G,72657,1,6
PSA2H6G,72658,1,3
PSA2H6G,72659,1,3
PSA2H6G,72660,1,7
PSA2H6G,72661,1,6
PSA2H6G,72668,1,8
PSA2H6G,73864,1,9
PSA2H6G,76255,1,3
PSA2H6G,78579,1,5
PSA2H6G,78586,1,5
PSA2H6G,78616,1,5
PSA2H6G,78618,1,3
PSA2H6G,78619,0,8
PSA2H6G,78633,0,2
PSA2H6G,78642,1,7
PSA2H6G,78645,0,10
PSA2H6G,78646,1,9
PSA2H6G,78649,1,3
PSA2H6G,78651,1,3
PSA2H6G,78661,1,12
PSA2H6G,78690,1,3
PSA2H6G,78701,1,3
PSA2H6G,78704,0,3
PSA2H6G,78727,0,2
PSA2H6G,78819,1,7
PSA2H6G,79004,1,4
PSA2H6G,79006,1,4
PSA2H6G,79007,0,8
PSA2H6G,79010,1,3
PSA2H6G,79012,1,3
PSA2H6G,79015,1,3
PSA2H6G,79023,1,5
PSA2H6G,79024,1,5
PSA2H6G,79025,1,3
PSA2H6G,79026,1,4
PSA2H6G,79027,1,3
PSA2H6G,79028,0,4
PSA2H6G,79067,1,5
PSA2H6G,79100,1,4
PSA2H6G,79106,1,9
PSA2H6G,79588,1,4
PSA2H6G,79660,1,3
PSA2H6G,79664,0,10
PSA2H6G,79678,1,8
PSA2H6G,79885,1,4
PSA2H6G,80477,1,5
PSA2H6G,80561,1,3
PSA2H6G,80562,1,3
PSA2H6G,80563,1,3
PSA2H6G,80564,1,3
PSA2H6G,80565,1,3
PSA2H6G,80566,1,3
PSA2H6G,80567,1,4
PSA2H6G,80568,1,3
PSA2H6G,80569,1,3
PSA2H6G,80570,1,3
PSA2H6G,80571,0,1
PSA2H6G,80572,0,1
PSA2H6G,80573,1,4
PSA2H6G,80575,1,4
PSA2H6G,80576,1,3
PSA2H6G,80577,1,4
PSA2H6G,80578,1,3
PSA2H6G,80579,1,3
PSA2H6G,80580,1,4
PSA2H6G,80581,1,8
PSA2H6G,80582,1,3
PSA2H6G,80584,1,4
PSA2H6G,80585,1,8
PSA2H6G,80592,0,1
PSA2H6G,80762,0,1
PSA2H6G,82012,1,3
PSA2H6G,82322,1,5
PSA2H6G,82802,1,3
PSA2H6G,82803,1,3
PSA2H6G,82808,1,3
PSA2H6G,82809,1,3
PSA2H6G,82810,1,3
PSA2H6G,82864,1,3
PSA2H6G,82865,1,3
PSA2H6G,82866,1,5
PSA2H6G,82867,1,4
PSA2H6G,82870,1,3
PSA2H6G,82917,1,3
PSA2H6G,82918,1,8
PSA2H6G,82921,1,4
PSA2H6G,82922,1,3
PSA2H6G,82924,1,3
PSA2H6G,82925,1,3
PSA2H6G,83049,1,3
PSA2H6G,83050,1,3
PSA2H6G,83051,1,3
PSA2H6G,83052,1,3
PSA2H6G,83053,1,3
PSA2H6G,83054,1,7
PSA2H6G,83219,0,3
PSA2H6G,83220,1,3
PSA2H6G,83221,1,3
PSA2H6G,83224,1,3
PSA2H6G,83225,1,6
PSA2H6G,83236,1,3
PSA2H6G,83271,1,6
PSA2H6G,83460,1,3
PSA2H6G,83579,1,3
PSA2H6G,84413,1,10
PSA2H6G,84460,0,4
PSA2H6G,84709,1,4
PSA2H6G,85243,1,3
PSA2H6G,85501,1,4
PSA2H6G,85541,0,1
PSA2H6G,86157,1,3
PSA2H6G,86158,1,6
PSA2H6G,86162,1,9
PSA2H6G,86163,1,6
PSA2H6G,86167,0,3
PSA2H6G,86170,1,4
PSA2H6G,86171,1,3
PSA2H6G,86172,1,3
PSA2H6G,86174,1,3
PSA2H6G,86176,1,6
PSA2H6G,86179,1,3
PSA2H6G,86180,0,6
PSA2H6G,86408,1,4
PSA2H6G,86595,0,1
PSA2H6G,86601,1,3
PSA2H6G,87036,1,4
PSA2H6G,87336,1,3
PSA2H6G,87337,1,3
PSA2H6G,87341,1,3
PSA2H6G,87351,1,8
PSA2H6G,87462,1,3
PSA2H6G,87549,1,8
PSA2H6G,87922,1,3
PSA2H6G,87924,1,3
PSA2H6G,90440,0,3
PSA2H6G,91347,1,5
PSA2H6G,91397,1,9
PSA2H6G,91398,0,10
PSA2H6G,91401,1,3
PSA2H6G,91402,1,5
PSA2H6G,91403,1,6
PSA2H6G,91405,1,3
PSA2H6G,91406,1,4
PSA2H6G,91407,1,3
PSA2H6G,91408,1,3
PSA2H6G,91409,1,4
PSA2H6G,91410,1,6
PSA2H6G,91411,1,4
PSA2H6G,91412,1,4
PSA2H6G,91413,1,3
PSA2H6G,91414,1,3
PSA2H6G,91415,1,6
PSA2H6G,91416,1,4
PSA2H6G,91417,1,3
PSA2H6G,91418,1,3
PSA2H6G,91419,1,3
PSA2H6G,91420,1,4
PSA2H6G,91421,1,4
PSA2H6G,91422,1,6
PSA2H6G,91423,1,6
PSA2H6G,91424,1,3
PSA2H6G,91425,1,3
PSA2H6G,91426,1,3
PSA2H6G,91427,1,3
PSA2H6G,91428,1,3
PSA2H6G,91429,1,3
PSA2H6G,91430,1,3
PSA2H6G,91433,1,3
PSA2H6G,91438,1,3
PSA2H6G,91480,1,10
PSA2H6G,91482,1,3
PSA2H6G,91483,1,4
PSA2H6G,91484,1,5
PSA2H6G,91485,0,10
PSA2H6G,91486,1,3
PSA2H6G,91487,1,3
PSA2H6G,91488,1,3
PSA2H6G,91489,1,5
PSA2H6G,91490,1,3
PSA2H6G,91493,0,4
PSA2H6G,91494,1,3
PSA2H6G,91495,1,5
PSA2H6G,91496,1,3
PSA2H6G,91497,1,5
PSA2H6G,91499,1,4
PSA2H6G,91500,0,10
PSA2H6G,91501,0,10
PSA2H6G,91502,1,3
PSA2H6G,91503,1,5
PSA2H6G,91504,1,3
PSA2H6G,91505,1,3
PSA2H6G,91506,0,2
PSA2H6G,91507,1,3
PSA2H6G,91508,1,9
PSA2H6G,91509,0,10
PSA2H6G,91510,1,4
PSA2H6G,91511,1,5
PSA2H6G,91513,1,6
PSA2H6G,91514,1,5
PSA2H6G,91515,1,3
PSA2H6G,91517,1,3
PSA2H6G,91602,1,6
PSA2H6G,91903,1,3
PSA2H6G,91904,1,3
PSA2H6G,91905,1,3
PSA2H6G,91907,1,5
PSA2H6G,91908,1,6
PSA2H6G,91909,1,4
PSA2H6G,91910,1,4
PSA2H6G,91911,1,3
PSA2H6G,91912,1,9
PSA2H6G,91913,1,5
PSA2H6G,91914,1,6
PSA2H6G,91915,1,3
PSA2H6G,91916,1,3
PSA2H6G,91917,1,3
PSA2H6G,91918,1,3
PSA2H6G,91919,1,7
PSA2H6G,91920,1,3
PSA2H6G,91921,1,9
PSA2H6G,91922,1,5
PSA2H6G,91923,1,3
PSA2H6G,91924,1,3
PSA2H6G,91925,1,3
PSA2H6G,91926,1,4
PSA2H6G,91927,1,6
PSA2H6G,91928,1,3
PSA2H6G,91967,1,3
PSA2H6G,91968,1,5
PSA2H6G,91969,1,3
PSA2H6G,91970,1,4
PSA2H6G,91971,1,13
PSA2H6G,91972,1,3
PSA2H6G,91973,1,3
PSA2H6G,91974,1,3
PSA2H6G,91975,1,4
PSA2H6G,91976,1,3
PSA2H6G,91977,1,3
PSA2H6G,91978,1,3
PSA2H6G,91980,0,10
PSA2H6G,91982,1,3
PSA2H6G,91983,1,8
PSA2H6G,91984,1,3
PSA2H6G,91985,1,3
PSA2H6G,91986,1,5
PSA2H6G,91987,1,6
PSA2H6G,91989,1,12
PSA2H6G,91990,1,6
PSA2H6G,91991,0,11
PSA2H6G,91992,1,9
PSA2H6G,91993,1,9
PSA2H6G,91994,1,3
PSA2H6G,91995,1,4
PSA2H6G,91996,0,14
PSA2H6G,91997,0,1
PSA2H6G,92000,1,4
PSA2H6G,92028,1,10
PSA2H6G,92100,1,6
PSA2H6G,92113,1,5
PSA2H6G,92135,1,4
PSA2H6G,92714,1,5
PSA2H6G,92891,1,5
PSA2H6G,93436,1,3
PSA2H6G,94103,1,3
PSA2H6G,94165,1,3
PSA2H6G,94785,1,3
PSA2H6G,96974,1,14
PSA2H6G,97789,1,3
PSA2H6G,98053,1,17
PSA2H6G,98126,1,3
PSA2H6G,98302,0,4
PSA2H6G,99327,1,11
PSA2H6G,99329,1,4
PSA2H6G,99330,1,5
PSA2H6G,99332,0,5
PSA2H6G,101854,1,6
PSA2H6G,103748,1,6
PSA2H6G,107205,1,5
PSA2H6G,107403,1,3
PSA2H6G,108547,1,10
PSA2H6G,108555,1,4
PSA2H6G,108556,1,3
PSA2H6G,108558,0,1
PSA2H6G,108559,0,2
PSA2H6G,108560,0,1
PSA2H6G,108568,0,1
PSA2H6G,108574,0,2
PSA2H6G,108590,0,10
PSA2H6G,108597,0,1
PSA2H6G,108710,1,3
PSA2H6G,108712,1,3
PSA2H6G,108714,1,6
PSA2H6G,108715,1,3
PSA2H6G,108716,0,1
PSA2H6G,108719,0,10
PSA2H6G,108720,1,3
PSA2H6G,108721,0,9
PSA2H6G,108729,1,3
PSA2H6G,108734,1,3
PSA2H6G,108811,1,3
PSA2H6G,108813,1,3
PSA2H6G,108814,1,4
PSA2H6G,108816,1,3
PSA2H6G,108817,0,8
PSA2H6G,108819,1,3
PSA2H6G,108820,1,5
PSA2H6G,108822,1,11
PSA2H6G,108834,1,4
PSA2H6G,108953,1,3
PSA2H6G,108958,1,3
PSA2H6G,109413,0,8
PSA2H6G,109768,0,10
PSA2H6G,110756,0,4
PSA2H6G,111595,1,9
PSA2H6G,111596,0,13
PSA2H6G,112898,1,3
PSA2H6G,113231,1,3
PSA2H6G,113245,1,3
PSA2H6G,114613,1,4
PSA2H6G,114715,0,5
PSA2H6G,114716,0,6
PSA2H6G,114717,1,4
PSA2H6G,114719,1,6
PSA2H6G,114720,1,5
PSA2H6G,114722,1,4
PSA2H6G,114730,0,10
PSA2H6G,114732,1,3
PSA2H6G,114858,1,3
PSA2H6G,114859,1,3
PSA2H6G,114860,1,11
PSA2H6G,114862,1,6
PSA2H6G,114863,0,2
PSA2H6G,114864,1,3
PSA2H6G,114866,0,1
PSA2H6G,114867,1,6
PSA2H6G,114869,1,6
PSA2H6G,114870,1,6
PSA2H6G,114871,1,8
PSA2H6G,114872,1,4
PSA2H6G,114873,1,7
PSA2H6G,114874,1,3
PSA2H6G,114875,1,3
PSA2H6G,114876,0,1
PSA2H6G,114877,1,4
PSA2H6G,114878,1,10
PSA2H6G,114879,1,6
PSA2H6G,114880,1,5
PSA2H6G,114881,1,3
PSA2H6G,114882,0,2
PSA2H6G,114883,1,3
PSA2H6G,114884,0,2
PSA2H6G,114887,0,1
PSA2H6G,115114,1,5
PSA2H6G,115124,1,3
PSA2H6G,115252,0,12
PSA2H6G,116280,1,3
PSA2H6G,116657,1,3
PSA2H6G,117160,1,3
PSA2H6G,117664,1,3
PSA2H6G,117725,1,5
PSA2H6G,117923,1,8
PSA2H6G,117941,1,3
PSA2H6G,118267,1,3
PSA2H6G,119617,1,4
PSA2H6G,120217,1,3
PSA2H6G,120954,1,5
PSA2H6G,121035,1,10
PSA2H6G,121205,1,3
PSA2H6G,121300,1,3
PSA2H6G,121305,1,3
PSA2H6G,121661,1,3
PSA2H6G,121666,1,8
PSA2H6G,121808,1,4
PSA2H6G,121877,1,3
PSA2H6G,121886,1,5
PSA2H6G,122151,1,3
PSA2H6G,122635,1,18
PSA2H6G,122637,1,3
PSA2H6G,122647,1,5
PSA2H6G,122814,1,3
PSA2H6G,123351,1,3
PSA2H6G,123354,1,9
PSA2H6G,123602,1,5
PSA2H6G,123603,1,3
PSA2H6G,123633,1,3
PSA2H6G,123709,1,17
PSA2H6G,123738,1,5
PSA2H6G,123743,1,3
PSA2H6G,123778,1,3
PSA2H6G,123835,1,8
PSA2H6G,123864,1,3
PSA2H6G,123892,1,9
PSA2H6G,123893,1,8
PSA2H6G,123899,1,3
PSA2H6G,123911,1,5
PSA2H6G,123942,1,3
PSA2H6G,123955,1,6
PSA2H6G,124030,1,5
PSA2H6G,124046,1,7
PSA2H6G,124106,1,3
PSA2H6G,124110,1,3
PSA2H6G,124160,0,11
PSA2H6G,124165,1,17
PSA2H6G,124216,1,3
PSA2H6G,124309,1,3
PSA2H6G,124363,1,4
PSA2H6G,124404,1,3
PSA2H6G,124464,1,3
PSA2H6G,124467,1,5
PSA2H6G,124472,1,10
PSA2H6G,124488,1,3
PSA2H6G,124532,1,5
PSA2H6G,124548,1,3
PSA2H6G,124588,1,9
PSA2H6G,124589,1,4
PSA2H6G,124668,1,4
PSA2H6G,124725,1,8
PSA2H6G,124804,1,5
PSA2H6G,124840,1,3
PSA2H6G,124918,1,5
PSA2H6G,125006,1,3
PSA2H6G,125155,1,3
PSA2H6G,125192,1,6
PSA2H6G,125272,1,5
PSA2H6G,125312,1,5
PSA2H6G,125377,1,3
PSA2H6G,125646,1,4
PSA2H6G,125925,0,3
PSA2H6G,125980,1,5
PSA2H6G,126173,1,3
PSA2H6G,126253,1,3
PSA2H6G,126405,1,4
PSA2H6G,126592,1,6
PSA2H6G,126607,1,3
PSA2H6G,127087,1,6
PSA2H6G,127133,0,10
PSA2H6G,127306,1,4
PSA2H6G,127582,1,6
PSA2H6G,127633,1,3
PSA2H6G,127700,1,3
PSA2H6G,127787,1,7
PSA2H6G,127849,1,3
PSA2H6G,127850,1,12
PSA2H6G,127851,1,3
PSA2H6G,127854,1,3
PSA2H6G,127911,1,3
PSA2H6G,127999,1,3
PSA2H6G,128000,1,3
PSA2H6G,128079,1,3
PSA2H6G,128090,1,3
PSA2H6G,128136,1,3
PSA2H6G,128163,1,11
PSA2H6G,128166,1,3
PSA2H6G,128447,1,3
PSA2H6G,128511,1,4
PSA2H6G,128550,1,3
PSA2H6G,128679,1,5
PSA2H6G,128700,1,3
PSA2H6G,128736,1,3
PSA2H6G,128787,1,3
PSA2H6G,128827,1,3
PSA2H6G,128846,0,2
PSA2H6G,128870,1,3
PSA2H6G,128883,1,3
PSA2H6G,128974,0,10
PSA2H6G,129041,1,4
PSA2H6G,129309,1,3
PSA2H6G,129566,1,3
PSA2H6G,129635,1,3
PSA2H6G,129713,1,5
PSA2H6G,129785,1,5
PSA2H6G,129860,0,5
PSA2H6G,129912,1,3
PSA2H6G,130118,1,3
PSA2H6G,130308,1,5
PSA2H6G,130321,1,3
PSA2H6G,130381,0,1
PSA2H6G,130401,1,3
PSA2H6G,130581,1,11
PSA2H6G,130750,1,3
PSA2H6G,131079,1,3
PSA2H6G,131130,1,3
PSA2H6G,131433,1,3
PSA2H6G,131595,1,3
PSA2H6G,131619,1,3
PSA2H6G,131653,1,4
PSA2H6G,131657,1,3
PSA2H6G,131673,1,3
PSA2H6G,131683,1,3
PSA2H6G,131684,1,3
PSA2H6G,131687,1,3
PSA2H6G,131688,1,6
PSA2H6G,131689,0,10
PSA2H6G,131691,1,3
PSA2H6G,131698,1,3
PSA2H6G,131701,1,5
PSA2H6G,131703,1,3
PSA2H6G,131706,1,3
PSA2H6G,131724,1,5
PSA2H6G,131832,1,4
PSA2H6G,132101,1,3
PSA2H6G,132236,1,3
PSA2H6G,132663,1,3
PSA2H6G,132771,0,3
PSA2H6G,132953,1,3
PSA2H6G,133089,1,4
PSA2H6G,133185,1,3
PSA2H6G,133763,1,3
PSA2H6G,133973,1,3
PSA2H6G,133997,1,4
PSA2H6G,134083,1,6
PSA2H6G,134126,1,6
PSA2H6G,134145,1,10
PSA2H6G,134335,1,3
PSA2H6G,134370,1,9
PSA2H6G,134431,1,3
PSA2H6G,134456,1,3
PSA2H6G,134490,1,4
PSA2H6G,134504,0,1
PSA2H6G,134588,1,3
PSA2H6G,134595,1,4
PSA2H6G,134904,1,5
PSA2H6G,134964,1,7
PSA2H6G,135019,1,4
PSA2H6G,135067,1,3
PSA2H6G,135148,1,3
PSA2H6G,135230,1,3
PSA2H6G,135314,1,3
PSA2H6G,135316,1,3
PSA2H6G,135901,1,6
PSA2H6G,135912,1,3
PSA2H6G,135940,1,4
PSA2H6G,135947,1,4
PSA2H6G,137075,1,4
PSA2H6G,137092,1,3
PSA2H6G,138063,1,6
PSA2H6G,138161,1,3
PSA2H6G,138606,1,6
PSA2H6G,138630,1,3
PSA2H6G,138675,1,8
PSA2H6G,139490,1,3
PSA2H6G,139587,1,3
PSA2H6G,139612,1,6
PSA2H6G,139966,1,4
PSA2H6G,140052,1,3
PSA2H6G,140056,1,3
PSA2H6G,140057,1,3
PSA2H6G,140071,1,3
PSA2H6G,140117,1,3
PSA2H6G,140269,1,3
PSA2H6G,140303,1,3
PSA2H6G,140379,1,3
PSA2H6G,140911,1,3
PSA2H6G,141031,1,3
PSA2H6G,141345,1,5
PSA2H6G,141359,0,3
PSA2H6G,141390,1,4
PSA2H6G,143767,1,3
PSA2H6G,144282,1,5
PSA2H6G,144560,1,3
PSA2H6G,145201,1,5
PSA2H6G,145264,1,10
PSA2H6G,145385,0,6
PSA2H6G,145613,1,3
PSA2H6G,145639,1,6
PSA2H6G,145739,1,3
PSA2H6G,145861,1,11
PSA2H6G,145870,1,4
PSA2H6G,145941,1,3
PSA2H6G,146623,1,3
PSA2H6G,146630,1,3
PSA2H6G,146642,1,11
PSA2H6G,146735,1,5
PSA2H6G,146760,1,3
PSA2H6G,147031,1,6
PSA2H6G,147561,1,6
PSA2H6G,147575,1,7
PSA2H6G,147671,1,3
PSA2H6G,147868,1,4
PSA2H6G,147948,1,3
PSA2H6G,148029,1,6
PSA2H6G,148089,1,3
PSA2H6G,148678,1,4
PSA2H6G,148728,1,3
PSA2H6G,148942,1,3
PSA2H6G,148948,1,11
PSA2H6G,149313,0,11
PSA2H6G,149383,1,4
PSA2H6G,149482,1,6
PSA2H6G,149548,1,3
PSA2H6G,149839,1,8
PSA2H6G,149994,1,6
PSA2H6G,150106,1,3
PSA2H6G,150368,1,5
PSA2H6G,151194,0,3
PSA2H6G,151388,1,7
PSA2H6G,151811,1,7
PSA2H6G,152339,1,3
PSA2H6G,152425,1,3
PSA2H6G,152542,1,3
PSA2H6G,153404,1,5
PSA2H6G,153498,1,7
PSA2H6G,153705,1,3
PSA2H6G,153803,0,1
PSA2H6G,153888,1,5
PSA2H6G,154214,0,1
PSA2H6G,154767,1,3
PSA2H6G,154792,1,5
PSA2H6G,155101,0,10
PSA2H6G,156560,1,8
PSA2H6G,157156,1,7
PSA2H6G,157175,1,10
PSA2H6G,157215,1,6
PSA2H6G,157228,1,4
PSA2H6G,157289,0,6
PSA2H6G,157597,1,3
PSA2H6G,157950,1,3
PSA2H6G,158432,0,3
PSA2H6G,159021,1,6
PSA2H6G,159485,1,3
PSA2H6G,159755,1,4
PSA2H6G,160441,1,3
PSA2H6G,160543,1,5
PSA2H6G,160618,1,5
PSA2H6G,160648,1,3
PSA2H6G,160698,1,4
PSA2H6G,160751,0,17
PSA2H6G,161027,1,5
PSA2H6G,161040,1,4
PSA2H6G,161134,1,5
PSA2H6G,161286,1,3
PSA2H6G,161459,1,4
PSA2H6G,161469,1,4
PSA2H6G,161631,1,5
PSA2H6G,162069,1,3
PSA2H6G,162334,1,3
PSA2H6G,163482,1,3
PSA2H6G,163777,1,3
PSA2H6G,164648,1,5
PSA2H6G,164859,1,3
PSA2H6G,165029,1,3
PSA2H6G,169559,1,5
PSA2H6G,170141,1,4
PSA2H6G,170547,1,3
PSA2H6G,170747,1,4
PSA2H6G,171058,1,8
PSA2H6G,172266,1,3
PSA2H6G,172382,1,8
PSA2H6G,172937,1,3
PSA2H6G,174312,1,5
PSA2H6G,174332,1,3
PSA2H6G,174372,1,10
PSA2H6G,174791,1,8
PSA2H6G,175155,1,4
PSA2H6G,175707,1,5
PSA2H6G,176398,1,3
PSA2H6G,176406,1,3
PSA2H6G,176540,1,3
PSA2H6G,176995,1,5
PSA2H6G,179326,1,6
PSA2H6G,179580,0,11
PSA2H6G,179894,1,6
PSA2H6G,180223,1,4
PSA2H6G,180354,0,6
PSA2H6G,180903,0,11
PSA2H6G,181100,1,3
PSA2H6G,181460,1,12
PSA2H6G,181625,1,3
PSA2H6G,181648,0,6
PSA2H6G,181663,1,3
PSA2H6G,181690,1,3
PSA2H6G,182121,1,3
PSA2H6G,183553,1,7
PSA2H6G,184966,1,3
PSA2H6G,186144,1,10
PSA2H6G,186260,0,4
PSA2H6G,186498,1,12
PSA2H6G,186730,0,10
PSA2H6G,186829,1,3
PSA2H6G,187032,1,5
PSA2H6G,187245,1,3
PSA2H6G,187277,1,3
PSA2H6G,188216,1,5
PSA2H6G,188350,1,3
PSA2H6G,188404,1,8
PSA2H6G,188557,1,5
PSA2H6G,188862,1,9
PSA2H6G,188908,1,9
PSA2H6G,189727,1,6
PSA2H6G,190108,1,3
PSA2H6G,191076,1,3
PSA2H6G,191161,1,3
PSA2H6G,191216,0,10
PSA2H6G,193469,1,4
PSA2H6G,194057,1,3
PSA2H6G,194058,1,3
PSA2H6G,196813,1,11
PSA2H6G,197333,1,6
PSA2H6G,197406,1,3
PSA2H6G,197408,1,5
PSA2H6G,197594,1,3
PSA2H6G,197622,1,3
PSA2H6G,197748,1,3
PSA2H6G,197913,1,4
PSA2H6G,197933,1,4
PSA2H6G,198087,1,3
PSA2H6G,198672,1,3
PSA2H6G,198731,1,3
PSA2H6G,198851,1,3
PSA2H6G,198992,1,3
PSA2H6G,199274,1,3
PSA2H6G,199363,0,6
PSA2H6G,199660,1,6
PSA2H6G,199688,1,3
PSA2H6G,199871,1,6
PSA2H6G,200487,1,4
PSA2H6G,200712,1,3
PSA2H6G,200924,1,3
PSA2H6G,200976,0,6
PSA2H6G,201149,0,10
PSA2H6G,201301,1,3
PSA2H6G,201861,0,1
PSA2H6G,202014,1,4
PSA2H6G,202435,0,2
PSA2H6G,202647,1,3
PSA2H6G,204070,1,7
PSA2H6G,205023,1,3
PSA2H6G,205029,1,3
PSA2H6G,207208,1,3
PSA2H6G,207215,1,4
PSA2H6G,207234,1,3
PSA2H6G,207273,1,3
PSA2H6G,207325,1,3
PSA2H6G,207330,1,8
PSA2H6G,207357,0,3
PSA2H6G,207692,1,7
PSA2H6G,207741,1,5
PSA2H6G,207784,1,3
PSA2H6G,207900,1,4
PSA2H6G,207952,1,7
PSA2H6G,208147,1,6
PSA2H6G,208176,0,12
PSA2H6G,208194,1,10
PSA2H6G,208297,1,3
PSA2H6G,208317,1,4
PSA2H6G,208400,1,7
PSA2H6G,208534,0,3
PSA2H6G,208603,1,3
PSA2H6G,208629,1,3
PSA2H6G,208870,1,8
PSA2H6G,208894,1,6
PSA2H6G,209163,1,10
PSA2H6G,209333,1,4
PSA2H6G,209391,1,4
PSA2H6G,209592,1,5
PSA2H6G,209594,1,3
PSA2H6G,209621,1,3
PSA2H6G,209654,1,8
PSA2H6G,209709,1,5
PSA2H6G,209823,1,17
PSA2H6G,209828,0,12
PSA2H6G,209835,1,9
PSA2H6G,209906,1,3
PSA2H6G,210020,1,11
PSA2H6G,210030,0,10
PSA2H6G,210266,1,3
PSA2H6G,210449,1,3
PSA2H6G,210699,1,3
PSA2H6G,210711,1,3
PSA2H6G,210932,0,3
PSA2H6G,210978,1,5
PSA2H6G,211143,1,5
PSA2H6G,211144,1,3
PSA2H6G,211640,1,6
PSA2H6G,211661,1,9
PSA2H6G,211714,1,9
PSA2H6G,211734,1,4
PSA2H6G,211782,1,3
PSA2H6G,211784,1,5
PSA2H6G,211785,1,5
PSA2H6G,211790,1,3
PSA2H6G,211954,1,6
PSA2H6G,212244,1,31
PSA2H6G,212253,1,3
PSA2H6G,212273,1,3
PSA2H6G,212310,1,11
PSA2H6G,212378,0,19
PSA2H6G,212389,1,3
PSA2H6G,212487,1,6
PSA2H6G,212513,1,8
PSA2H6G,212602,1,3
PSA2H6G,212605,0,9
PSA2H6G,212640,1,3
PSA2H6G,212775,1,4
PSA2H6G,212796,1,16
PSA2H6G,212948,1,4
PSA2H6G,212950,1,3
PSA2H6G,213022,1,5
PSA2H6G,213112,1,11
PSA2H6G,213174,1,7
PSA2H6G,213205,1,3
PSA2H6G,213294,1,9
PSA2H6G,213337,1,11
PSA2H6G,213348,1,4
PSA2H6G,213467,1,7
PSA2H6G,213578,1,3
PSA2H6G,213651,1,13
PSA2H6G,213710,1,10
PSA2H6G,213905,1,3
PSA2H6G,213907,1,3
PSA2H6G,213936,1,3
PSA2H6G,214160,1,4
PSA2H6G,214249,0,2
PSA2H6G,214258,1,3
PSA2H6G,214358,1,3
PSA2H6G,214386,0,1
PSA2H6G,214390,1,6
PSA2H6G,214458,1,3
PSA2H6G,214684,1,5
PSA2H6G,214875,1,3
PSA2H6G,214896,0,11
PSA2H6G,215053,1,3
PSA2H6G,215085,1,7
PSA2H6G,215213,1,3
PSA2H6G,215385,1,7
PSA2H6G,215502,1,3
PSA2H6G,215553,1,12
PSA2H6G,215554,1,3
PSA2H6G,215777,1,10
PSA2H6G,215804,1,3
PSA2H6G,215874,1,3
PSA2H6G,215881,1,6
PSA2H6G,216227,1,3
PSA2H6G,216251,1,3
PSA2H6G,216490,1,5
PSA2H6G,216587,1,8
PSA2H6G,216667,1,3
PSA2H6G,216818,1,3
PSA2H6G,216825,1,3
PSA2H6G,216870,0,23
PSA2H6G,216879,1,5
PSA2H6G,216977,0,2
PSA2H6G,217041,1,3
PSA2H6G,217307,1,3
PSA2H6G,217311,1,5
PSA2H6G,217628,1,3
PSA2H6G,217785,1,3
PSA2H6G,217869,1,8
PSA2H6G,217991,1,3
PSA2H6G,218073,1,4
PSA2H6G,218088,1,3
PSA2H6G,218205,1,7
PSA2H6G,218220,0,5
PSA2H6G,218236,1,9
PSA2H6G,218276,1,3
PSA2H6G,218312,1,4
PSA2H6G,218324,1,3
PSA2H6G,218333,1,3
PSA2H6G,218395,1,3
PSA2H6G,218549,1,3
PSA2H6G,218626,1,6
PSA2H6G,218690,1,6
PSA2H6G,218698,1,6
PSA2H6G,218752,1,6
PSA2H6G,218760,1,3
PSA2H6G,218790,1,3
PSA2H6G,218798,1,3
PSA2H6G,218949,1,5
PSA2H6G,218955,1,3
PSA2H6G,219021,1,5
PSA2H6G,219046,1,6
PSA2H6G,219102,1,3
PSA2H6G,219170,1,4
PSA2H6G,219179,1,5
PSA2H6G,219233,1,5
PSA2H6G,219258,1,3
PSA2H6G,219271,1,7
PSA2H6G,219431,1,4
PSA2H6G,219456,1,3
PSA2H6G,219542,1,8
PSA2H6G,219559,1,3
PSA2H6G,219596,1,3
PSA2H6G,219652,1,4
PSA2H6G,219663,1,3
PSA2H6G,219666,0,10
PSA2H6G,219845,1,3
PSA2H6G,219987,1,3
PSA2H6G,219989,1,4
PSA2H6G,220256,1,9
PSA2H6G,220305,1,3
PSA2H6G,220390,1,16
PSA2H6G,220406,1,6
PSA2H6G,220558,1,13
PSA2H6G,220693,1,3
PSA2H6G,220743,1,8
PSA2H6G,220761,1,6
PSA2H6G,220821,1,9
PSA2H6G,220823,1,3
PSA2H6G,220829,1,6
PSA2H6G,221100,1,3
PSA2H6G,221212,1,5
PSA2H6G,221236,0,12
PSA2H6G,221321,1,3
PSA2H6G,221339,1,6
PSA2H6G,221530,1,3
PSA2H6G,221540,1,3
PSA2H6G,221601,0,2
PSA2H6G,221758,1,3
PSA2H6G,221793,1,5
PSA2H6G,221929,1,9
PSA2H6G,221950,1,3
PSA2H6G,221952,1,3
PSA2H6G,221960,1,3
PSA2H6G,222089,1,6
PSA2H6G,222158,1,3
PSA2H6G,222690,1,3
PSA2H6G,223063,1,3
PSA2H6G,223340,1,3
PSA2H6G,223430,1,6
PSA2H6G,224015,1,3
PSA2H6G,224152,1,3
PSA2H6G,224186,1,9
PSA2H6G,224244,1,3
PSA2H6G,224319,1,3
PSA2H6G,224490,1,30
PSA2H6G,224712,1,5
PSA2H6G,224888,1,3
PSA2H6G,224926,1,3
PSA2H6G,224929,1,11
PSA2H6G,225031,1,5
PSA2H6G,225190,1,13
PSA2H6G,225335,0,2
PSA2H6G,225399,1,3
PSA2H6G,225406,0,2
PSA2H6G,225414,1,3
PSA2H6G,225438,1,6
PSA2H6G,225443,1,3
PSA2H6G,225480,0,2
PSA2H6G,225522,1,7
PSA2H6G,225590,0,4
PSA2H6G,225666,1,3
PSA2H6G,225777,1,3
PSA2H6G,225926,1,5
PSA2H6G,225930,1,4
PSA2H6G,225937,1,8
PSA2H6G,226032,1,3
PSA2H6G,226151,1,3
PSA2H6G,226303,1,7
PSA2H6G,226319,1,3
PSA2H6G,226323,1,16
PSA2H6G,226419,0,2
PSA2H6G,226435,1,3
PSA2H6G,226459,1,3
PSA2H6G,226481,1,3
PSA2H6G,226489,0,1
PSA2H6G,226706,1,3
PSA2H6G,226721,1,3
PSA2H6G,226742,0,2
PSA2H6G,226810,1,3
PSA2H6G,226817,1,3
PSA2H6G,226842,1,12
PSA2H6G,226907,1,3
PSA2H6G,226981,1,3
PSA2H6G,227158,1,3
PSA2H6G,227182,0,4
PSA2H6G,227242,1,3
PSA2H6G,227344,1,3
PSA2H6G,227384,1,3
PSA2H6G,227411,1,3
PSA2H6G,227586,1,6
PSA2H6G,227741,1,11
PSA2H6G,227832,1,3
PSA2H6G,227833,1,3
PSA2H6G,227968,1,3
PSA2H6G,228210,1,3
PSA2H6G,228277,1,3
PSA2H6G,228359,1,3
PSA2H6G,228528,1,3
PSA2H6G,228657,1,5
PSA2H6G,228693,1,3
PSA2H6G,228782,0,3
PSA2H6G,228846,1,3
PSA2H6G,228903,1,4
PSA2H6G,228952,1,3
PSA2H6G,229016,1,6
PSA2H6G,229086,1,6
PSA2H6G,229097,1,6
PSA2H6G,229205,1,6
PSA2H6G,229250,1,3
PSA2H6G,229296,1,3
PSA2H6G,229363,1,4
PSA2H6G,229366,1,3
PSA2H6G,229494,1,3
PSA2H6G,229578,1,3
PSA2H6G,229668,1,5
PSA2H6G,229863,1,3
PSA2H6G,230078,1,3
PSA2H6G,230090,1,3
PSA2H6G,230148,1,3
PSA2H6G,230209,1,3
PSA2H6G,230241,1,3
PSA2H6G,230489,1,6
PSA2H6G,230647,1,8
PSA2H6G,230675,1,3
PSA2H6G,230814,1,3
PSA2H6G,230880,1,3
PSA2H6G,230936,1,3
PSA2H6G,231020,1,8
PSA2H6G,231061,1,3
PSA2H6G,231129,1,3
PSA2H6G,231134,1,5
PSA2H6G,231158,1,3
PSA2H6G,231312,1,3
PSA2H6G,231389,1,3
PSA2H6G,231471,1,3
PSA2H6G,231533,1,3
PSA2H6G,231535,1,3
PSA2H6G,232049,1,5
PSA2H6G,232154,1,6
PSA2H6G,232234,1,3
PSA2H6G,232370,1,3
PSA2H6G,232567,1,5
PSA2H6G,232875,1,6
PSA2H6G,233229,1,3
PSA2H6G,234174,1,9
PSA2H6G,234427,1,3
PSA2H6G,234646,1,3
PSA2H6G,234918,1,3
PSA2H6G,234922,1,6
PSA2H6G,234931,1,3
PSA2H6G,234936,1,3
PSA2H6G,235339,1,3
PSA2H6G,235563,1,9
PSA2H6G,235918,1,3
PSA2H6G,237627,1,6
PSA2H6G,237677,1,7
PSA2H6G,237691,1,9
PSA2H6G,237913,0,10
PSA2H6G,238141,1,3
PSA2H6G,238154,1,10
PSA2H6G,238217,1,5
PSA2H6G,238385,1,6
PSA2H6G,238476,1,4
PSA2H6G,238496,1,3
PSA2H6G,238921,1,4
PSA2H6G,239074,1,3
PSA2H6G,239082,1,4
PSA2H6G,239295,1,3
PSA2H6G,239444,1,7
PSA2H6G,239855,1,6
PSA2H6G,239940,1,7
PSA2H6G,239963,1,5
PSA2H6G,240476,1,7
PSA2H6G,240703,1,5
PSA2H6G,240712,1,3
PSA2H6G,240907,1,4
PSA2H6G,241112,1,3
PSA2H6G,242374,1,12
PSA2H6G,242420,1,3
PSA2H6G,243190,1,5
PSA2H6G,243209,1,6
PSA2H6G,243451,1,3
PSA2H6G,243852,1,3
PSA2H6G,243858,1,3
PSA2H6G,244653,1,3
PSA2H6G,245065,0,11
PSA2H6G,245226,1,6
PSA2H6G,245241,1,4
PSA2H6G,245270,1,5
PSA2H6G,245305,1,3
PSA2H6G,245471,0,10
PSA2H6G,245492,0,7
PSA2H6G,245709,1,5
PSA2H6G,246328,1,5
PSA2H6G,246440,1,5
PSA2H6G,246472,0,4
PSA2H6G,246566,1,8
PSA2H6G,247149,1,4
PSA2H6G,247608,1,5
PSA2H6G,248252,0,11
PSA2H6G,248649,1,8
PSA2H6G,248742,1,4
PSA2H6G,249143,1,3
PSA2H6G,249205,1,5
PSA2H6G,249209,1,3
PSA2H6G,249219,1,5
PSA2H6G,249636,1,5
PSA2H6G,250069,1,3
PSA2H6G,250187,1,5
PSA2H6G,251204,1,8
PSA2H6G,251463,1,5
PSA2H6G,252786,1,3
PSA2H6G,253251,1,3
PSA2H6G,255177,1,8
PSA2H6G,255580,1,3
PSA2H6G,255674,1,3
PSA2H6G,255717,1,7
PSA2H6G,255997,1,3
PSA2H6G,256253,1,12
PSA2H6G,256565,1,5
PSA2H6G,256830,1,4
PSA2H6G,257376,1,3
PSA2H6G,257514,1,6
PSA2H6G,257606,1,3
PSA2H6G,257932,1,3
PSA2H6G,258021,1,3
PSA2H6G,258386,1,3
PSA2H6G,258709,1,7
PSA2H6G,258878,1,3
PSA2H6G,259284,1,3
PSA2H6G,259407,1,3
PSA2H6G,259433,1,6
PSA2H6G,259617,1,6
PSA2H6G,259677,1,3
PSA2H6G,259719,1,4
PSA2H6G,259857,1,9
PSA2H6G,259867,1,6
PSA2H6G,259924,1,5
PSA2H6G,260227,1,3
PSA2H6G,260569,1,3
PSA2H6G,260758,1,5
PSA2H6G,260767,1,3
PSA2H6G,260930,1,3
PSA2H6G,261071,1,3
PSA2H6G,261316,1,3
PSA2H6G,261440,1,3
PSA2H6G,261774,1,4
PSA2H6G,261785,0,2
PSA2H6G,261788,1,3
PSA2H6G,262156,1,3
PSA2H6G,262196,1,3
PSA2H6G,262585,1,8
PSA2H6G,262979,1,3
PSA2H6G,263497,0,10
PSA2H6G,263570,1,3
PSA2H6G,263878,1,3
PSA2H6G,264176,1,3
PSA2H6G,264820,1,8
PSA2H6G,264868,1,3
PSA2H6G,265061,1,3
PSA2H6G,265443,1,3
PSA2H6G,265762,1,5
PSA2H6G,265858,1,5
PSA2H6G,266729,1,3
PSA2H6G,267316,0,10
PSA2H6G,269403,1,5
PSA2H6G,270117,1,3
PSA2H6G,270882,1,3
PSA2H6G,271208,1,3
PSA2H6G,271249,1,3
PSA2H6G,271322,1,7
PSA2H6G,271815,1,3
PSA2H6G,271887,1,3
PSA2H6G,271912,1,3
PSA2H6G,272083,1,3
PSA2H6G,272164,1,3
PSA2H6G,272522,1,3
PSA2H6G,272643,1,6
PSA2H6G,272793,1,7
PSA2H6G,272994,1,3
PSA2H6G,273001,1,3
PSA2H6G,273026,0,1
PSA2H6G,273387,1,3
PSA2H6G,273401,1,3
PSA2H6G,273492,1,8
PSA2H6G,273703,0,9
PSA2H6G,273740,1,5
PSA2H6G,273904,1,5
PSA2H6G,274058,1,4
PSA2H6G,274310,1,3
PSA2H6G,274487,1,3
PSA2H6G,274550,1,3
PSA2H6G,274568,1,5
PSA2H6G,274798,1,3
PSA2H6G,274855,1,7
PSA2H6G,274994,1,3
PSA2H6G,275006,1,5
PSA2H6G,275102,1,4
PSA2H6G,275150,1,6
PSA2H6G,276138,1,6
PSA2H6G,276728,1,6
PSA2H6G,277197,0,2
PSA2H6G,277310,1,3
PSA2H6G,278224,0,1
PSA2H6G,278440,0,11
PSA2H6G,278806,1,4
PSA2H6G,279253,1,6
PSA2H6G,280032,1,5
PSA2H6G,280110,1,3
PSA2H6G,281740,1,3
PSA2H6G,281901,1,6
PSA2H6G,282215,1,7
PSA2H6G,282782,1,3
PSA2H6G,282846,1,3
PSA2H6G,283094,1,4
PSA2H6G,283445,1,3
PSA2H6G,283953,1,3
PSA2H6G,284562,1,3
PSA2H6G,284610,1,3
PSA2H6G,284736,1,6
PSA2H6G,284740,1,3
PSA2H6G,284915,1,5
PSA2H6G,284933,0,2
PSA2H6G,284966,1,6
PSA2H6G,285029,1,3
PSA2H6G,285044,0,5
PSA2H6G,285143,1,3
PSA2H6G,285161,1,3
PSA2H6G,285375,1,7
PSA2H6G,285908,1,3
PSA2H6G,285965,1,3
PSA2H6G,286128,0,2
PSA2H6G,286147,1,5
PSA2H6G,286158,1,3
PSA2H6G,286208,1,4
PSA2H6G,286247,1,3
PSA2H6G,287781,1,3
PSA2H6G,288112,1,9
PSA2H6G,288238,0,10
PSA2H6G,288279,1,8
PSA2H6G,288378,0,10
PSA2H6G,288465,0,1
PSA2H6G,288467,1,3
PSA2H6G,288738,1,4
PSA2H6G,288900,1,3
PSA2H6G,288910,1,5
PSA2H6G,288958,1,11
PSA2H6G,289021,1,6
PSA2H6G,289044,1,3
PSA2H6G,289058,1,4
PSA2H6G,289132,1,4
PSA2H6G,289180,1,3
PSA2H6G,289232,1,4
PSA2H6G,289349,1,4
PSA2H6G,289581,1,3
PSA2H6G,289734,1,4
PSA2H6G,289871,1,3
PSA2H6G,290126,1,3
PSA2H6G,290221,1,4
PSA2H6G,290319,1,5
PSA2H6G,290375,1,4
PSA2H6G,290411,1,4
PSA2H6G,290489,1,3
PSA2H6G,290532,1,3
PSA2H6G,290580,1,3
PSA2H6G,290728,1,9
PSA2H6G,290755,1,6
PSA2H6G,290979,1,3
PSA2H6G,290992,1,4
PSA2H6G,291001,1,4
PSA2H6G,291074,1,3
PSA2H6G,291546,1,3
PSA2H6G,291818,1,7
PSA2H6G,292056,1,5
PSA2H6G,292162,1,3
PSA2H6G,292230,1,17
PSA2H6G,292504,1,4
PSA2H6G,292553,1,3
PSA2H6G,292589,0,11
PSA2H6G,293178,1,12
PSA2H6G,293313,1,7
PSA2H6G,293498,1,3
PSA2H6G,293640,0,1
PSA2H6G,293840,1,3
PSA2H6G,293992,1,3
PSA2H6G,294001,1,3
PSA2H6G,294401,1,4
PSA2H6G,294429,1,11
PSA2H6G,294741,1,3
PSA2H6G,295738,1,3
PSA2H6G,295944,1,6
PSA2H6G,296153,1,4
PSA2H6G,296422,1,3
PSA2H6G,296571,1,3
PSA2H6G,296636,1,3
PSA2H6G,296684,1,3
PSA2H6G,296687,1,7
PSA2H6G,297249,1,3
PSA2H6G,297469,0,5
PSA2H6G,297585,1,5
PSA2H6G,297671,0,7
PSA2H6G,298324,1,3
PSA2H6G,301951,1,3
PSA2H6G,302757,1,11
PSA2H6G,304202,1,3
PSA2H6G,304746,1,3
PSA2H6G,305899,1,4
PSA2H6G,306996,0,10
PSA2H6G,309456,1,4
PSA2H6G,310977,1,8
PSA2H6G,311061,1,5
PSA2H6G,315792,1,3
PSA2H6G,316757,1,3
PSA2H6G,317349,1,3
PSA2H6G,319504,0,2
PSA2H6G,321109,1,3
PSA2H6G,321457,1,7
PSA2H6G,322318,1,3
PSA2H6G,322402,0,10
PSA2H6G,325315,1,5
PSA2H6G,326726,1,3
PSA2H6G,327424,1,8
PSA2H6G,328047,1,6
PSA2H6G,331227,1,11
PSA2H6G,331782,1,4
PSA2H6G,332243,1,7
PSA2H6G,332250,1,3
PSA2H6G,332603,1,3
PSA2H6G,334198,0,1
PSA2H6G,342066,0,1
PSA2H6G,342213,1,3
PSA2H6G,342969,0,11
PSA2H6G,343590,0,3
PSA2H6G,343665,0,1
PSA2H6G,344379,1,3
PSA2H6G,346808,1,7
PSA2H6G,346960,1,3
PSA2H6G,346962,0,5
PSA2H6G,348216,1,5
PSA2H6G,349775,1,9
PSA2H6G,350797,1,9
PSA2H6G,358667,1,3
PSA2H6G,362521,1,6
PSA2H6G,364474,0,2
PSA2H6G,366631,0,1
PSA2H6G,371897,1,3
PSA2H6G,374329,1,8
PSA2H6G,375136,0,1
PSA2H6G,375328,0,1
PSA2H6G,375825,1,9
PSA2H6G,375966,0,6
PSA2H6G,377671,1,3
PSA2H6G,378068,1,4
PSA2H6G,378542,1,5
PSA2H6G,380718,1,13
PSA2H6G,381073,1,4
PSA2H6G,381148,1,10
PSA2H6G,383979,0,2
PSA2H6G,384175,1,4
PSA2H6G,385738,1,34
PSA2H6G,386251,0,10
PSA2H6G,386663,1,5
PSA2H6G,389176,1,3
PSA2H6G,391374,1,3
PSA2H6G,392618,0,10
