experiment_id,student_id,problem_id,problem_part,scaffold_id,problem_condition,start_time,end_time,session_count,time_on_task,first_response_or_request_time,first_answer,correct,reported_score,answer_before_tutoring,attempt_count,hints_available,hints_given,scaffold_problems_available,scaffold_problems_given,explanation_available,explanation_given,answer_given,assistments_reference_problem_log_id
PSAJVPW,6310,PRAV3ZU,1,,Nonexperimental,2019-04-07 20:03:30.209000-04:00,2019-04-07 20:04:09.813000-04:00,1,39.604,39.601,WPI,True,1.0,True,1,0,0,0,0,False,False,False,308556
PSAJVPW,6310,PRAVCQH,1,,Treatment,2019-04-07 20:04:10.744000-04:00,2019-04-07 20:05:08.029000-04:00,1,57.285,51.969,1.1138,False,0.0,False,2,0,0,1,1,False,False,False,308557
PSAJVPW,6310,PRAVCQH,1,832839.0,Treatment,2019-04-07 20:04:34.926000-04:00,2019-04-07 20:05:07.977000-04:00,1,27.839,,,True,1.0,,0,1,0,0,0,False,False,False,308560
PSAJVPW,6310,PRAVCQT,1,,Treatment,2019-04-07 20:05:08.635000-04:00,2019-04-07 20:06:29.222000-04:00,1,80.587,49.047,1.2386,False,0.0,True,2,0,0,1,1,False,False,False,308562
PSAJVPW,6310,PRAVCQT,1,825863.0,Treatment,2019-04-07 20:05:57.868000-04:00,2019-04-07 20:06:29.160000-04:00,1,31.335,,,True,1.0,,0,1,0,0,0,False,False,False,308564
PSAJVPW,6310,PRAVCQJ,1,,Treatment,2019-04-07 20:06:29.741000-04:00,2019-04-07 20:07:10.656000-04:00,1,40.915,40.913,0.9900,True,1.0,True,1,0,0,1,0,False,False,False,308565
PSAJVPW,6310,PRAVCQK,1,,Treatment,2019-04-07 20:07:11.508000-04:00,2019-04-07 20:08:26.398000-04:00,1,74.89,48.696,1.8478,False,0.0,True,2,0,0,1,1,False,False,False,308567
PSAJVPW,6310,PRAVCQK,1,844009.0,Treatment,2019-04-07 20:08:00.415000-04:00,2019-04-07 20:08:26.335000-04:00,1,25.961,,,True,1.0,,0,1,0,0,0,False,False,False,308571
PSAJVPW,6310,PRAVCQM,1,,Treatment,2019-04-07 20:08:27.018000-04:00,2019-04-07 20:09:18.494000-04:00,1,51.476,25.628,1.2214,False,0.0,True,2,0,0,1,1,False,False,False,308572
PSAJVPW,6310,PRAVCQM,1,844016.0,Treatment,2019-04-07 20:08:52.847000-04:00,2019-04-07 20:09:18.430000-04:00,1,25.62,,,True,1.0,,0,1,0,0,0,False,False,False,308574
PSAJVPW,6310,PRAVCQG,1,,Treatment,2019-04-07 20:09:19.132000-04:00,2019-04-07 20:10:42.649000-04:00,1,83.517,50.389,0.2871,False,0.0,True,2,0,0,1,1,False,False,False,308575
PSAJVPW,6310,PRAVCQG,1,844002.0,Treatment,2019-04-07 20:10:09.708000-04:00,2019-04-07 20:10:42.596000-04:00,1,32.918,,,True,1.0,,0,1,0,0,0,False,False,False,308580
PSAJVPW,6310,PRAU8X6,1,,Treatment,2019-04-07 20:10:43.278000-04:00,2019-04-15 17:17:51.767000-04:00,2,680828.489,29.593,0.0398,False,0.666666666666667,True,2,1,0,0,0,False,False,False,308582
PSAJVPW,6310,PRAU8ZF,1,,Treatment,2019-04-15 17:17:53.410000-04:00,2019-04-15 17:20:22.314000-04:00,1,148.904,148.9,.8694,True,1.0,True,1,1,0,0,0,False,False,False,351825
PSAJVPW,6310,PRAU8YR,1,,Treatment,2019-04-15 17:20:23.642000-04:00,2019-04-15 17:21:48.906000-04:00,1,85.264,85.254,1.2030,True,1.0,True,1,1,0,0,0,False,False,False,351833
PSAJVPW,6310,PRAU8ZR,1,,Treatment,2019-04-15 17:21:50.267000-04:00,2019-04-15 17:23:46.626000-04:00,1,116.359,116.351,0.0140,True,1.0,True,1,1,0,0,0,False,False,False,351838
PSAJVPW,7689,PRAV3ZU,1,,Nonexperimental,2019-04-26 07:25:39.855000-04:00,2019-04-26 07:26:00.500000-04:00,1,20.645,20.643,WPI,True,1.0,True,1,0,0,0,0,False,False,False,399780
PSAJVPW,7689,PRAV32G,1,,Control,2019-04-26 07:26:03.133000-04:00,2019-04-26 07:29:32.847000-04:00,1,209.714,209.712,1.1338,True,1.0,True,1,0,0,1,0,False,False,False,399781
PSAJVPW,7689,PRAV32P,1,,Control,2019-04-26 07:29:33.636000-04:00,2019-04-26 07:30:39.943000-04:00,1,66.307,66.306,0.8503,True,1.0,True,1,0,0,1,0,False,False,False,399783
PSAJVPW,91692,PRAV3ZU,1,,Nonexperimental,2020-02-27 20:06:24.829000-05:00,2020-02-27 20:06:30.111000-05:00,1,5.282,5.279,WPI,True,1.0,True,1,0,0,0,0,False,False,False,7801200
PSAJVPW,91692,PRAVCQH,1,,Treatment,2020-02-27 20:06:30.694000-05:00,2020-02-27 20:07:47.556000-05:00,1,76.862,25.335,.3619,False,0.0,True,1,0,0,1,1,False,False,False,7801210
PSAJVPW,91692,PRAVCQH,1,832839.0,Treatment,2020-02-27 20:06:56.187000-05:00,2020-02-27 20:07:47.497000-05:00,1,51.369,51.309,1.1338,True,1.0,True,1,1,0,0,0,False,False,False,7801232
PSAJVPW,91692,PRAVCQT,1,,Treatment,2020-02-27 20:07:52.797000-05:00,2020-02-27 20:08:21.785000-05:00,1,28.988,28.987,.8504,True,1.0,True,1,0,0,1,0,False,False,False,7801270
PSAJVPW,91692,PRAVCQJ,1,,Treatment,2020-02-27 20:08:22.375000-05:00,2020-02-27 20:08:44.017000-05:00,1,21.642,21.641,.9900,True,1.0,True,1,0,0,1,0,False,False,False,7801291
PSAJVPW,91692,PRAVCQK,1,,Treatment,2020-02-27 20:08:44.641000-05:00,2020-02-27 20:09:43.503000-05:00,1,58.862,22.789,1.8478,False,0.0,True,1,0,0,1,1,False,False,False,7801306
PSAJVPW,91692,PRAVCQK,1,844009.0,Treatment,2020-02-27 20:09:07.567000-05:00,2020-02-27 20:09:43.441000-05:00,1,35.936,35.873,6.6351,True,1.0,True,1,1,0,0,0,False,False,False,7801332
PSAJVPW,91692,PRAVCQM,1,,Treatment,2020-02-27 20:09:44.594000-05:00,2020-02-27 20:10:02.532000-05:00,1,17.938,17.937,.6722,True,1.0,True,1,0,0,1,0,False,False,False,7801356
PSAJVPW,91692,PRAVCQG,1,,Treatment,2020-02-27 20:10:03.091000-05:00,2020-02-27 20:10:22.920000-05:00,1,19.829,19.828,1.0353,True,1.0,True,1,0,0,1,0,False,False,False,7801367
PSAJVPW,91692,PRAU8X6,1,,Treatment,2020-02-27 20:10:23.513000-05:00,2020-02-27 20:10:44.077000-05:00,1,20.564,20.563,.9120,True,1.0,True,1,1,0,0,0,False,False,False,7801373
PSAJVPW,91693,PRAV3ZU,1,,Nonexperimental,2020-02-14 13:51:21.014000-05:00,2020-02-14 13:51:25.363000-05:00,1,4.349,4.344,WIP,False,0.0,True,1,0,0,0,0,False,False,False,7280877
PSAJVPW,91693,PRAVCQH,1,,Treatment,2020-02-14 13:51:27.378000-05:00,2020-02-14 13:55:31.354000-05:00,1,243.976,176.06,.3620,False,0.0,True,1,0,0,1,1,False,False,False,7280886
PSAJVPW,91693,PRAVCQH,1,832839.0,Treatment,2020-02-14 13:54:23.821000-05:00,2020-02-14 13:55:31.209000-05:00,1,67.533,8.385,.3619,False,0.0,True,2,1,0,0,0,False,False,False,7281060
PSAJVPW,91693,PRAVCQT,1,,Treatment,2020-02-14 13:55:34.522000-05:00,2020-02-14 13:57:57.251000-05:00,1,142.729,142.726,.8504,True,1.0,True,1,0,0,1,0,False,False,False,7281122
PSAJVPW,91693,PRAVCQJ,1,,Treatment,2020-02-14 13:58:30.896000-05:00,2020-02-14 13:59:09.619000-05:00,1,38.723,38.72,.9900,True,1.0,True,1,0,0,1,0,False,False,False,7281359
PSAJVPW,91693,PRAVCQK,1,,Treatment,2020-02-14 13:59:10.634000-05:00,2020-02-14 13:59:36.028000-05:00,1,25.394,25.391,6.6351,True,1.0,True,1,0,0,1,0,False,False,False,7281404
PSAJVPW,91695,PRAV3ZU,1,,Nonexperimental,2020-02-18 13:11:36.710000-05:00,2020-02-18 13:12:02.312000-05:00,1,25.602,25.588,WPI,True,1.0,True,1,0,0,0,0,False,False,False,7340585
PSAJVPW,91695,PRAVCQH,1,,Treatment,2020-02-18 13:12:06.660000-05:00,2020-02-18 13:19:12.294000-05:00,1,425.634,,,False,0.0,False,0,0,0,1,1,False,False,False,7340632
PSAJVPW,91695,PRAVCQH,1,832839.0,Treatment,2020-02-18 13:17:32.940000-05:00,2020-02-18 13:19:09.529000-05:00,1,99.354,74.04,1.134,False,0.0,True,2,1,0,0,0,False,False,False,7341165
PSAJVPW,91695,PRAVCQT,1,,Treatment,2020-02-18 13:19:19.821000-05:00,2020-02-18 13:19:52.664000-05:00,1,32.843,32.837,.8504,True,1.0,True,1,0,0,1,0,False,False,False,7341384
PSAJVPW,91695,PRAVCQJ,1,,Treatment,2020-02-18 13:19:56.764000-05:00,2020-02-18 13:20:33.291000-05:00,1,36.527,36.521,.9900,True,1.0,True,1,0,0,1,0,False,False,False,7341466
PSAJVPW,91695,PRAVCQK,1,,Treatment,2020-02-18 13:20:37.477000-05:00,2020-02-18 13:20:59.256000-05:00,1,21.779,21.774,6.6351,True,1.0,True,1,0,0,1,0,False,False,False,7341549
PSAJVPW,91701,PRAV3ZU,1,,Nonexperimental,2020-02-17 13:28:54.139000-05:00,2020-02-17 13:29:02.384000-05:00,1,8.245,8.216,WPI,True,1.0,True,1,0,0,0,0,False,False,False,7303024
PSAJVPW,91701,PRAVCQH,1,,Treatment,2020-02-17 13:29:04.817000-05:00,2020-02-17 13:32:36.700000-05:00,1,211.883,,,False,0.0,False,0,0,0,1,1,False,False,False,7303032
PSAJVPW,91701,PRAVCQH,1,832839.0,Treatment,2020-02-17 13:30:34.453000-05:00,2020-02-17 13:32:36.143000-05:00,1,122.247,106.835,1.1138,False,0.0,True,2,1,0,0,0,False,False,False,7303090
PSAJVPW,91701,PRAVCQT,1,,Treatment,2020-02-17 13:32:42.659000-05:00,2020-02-17 13:33:07.824000-05:00,1,25.165,25.15,.8504,True,1.0,True,1,0,0,1,0,False,False,False,7303213
PSAJVPW,91701,PRAVCQJ,1,,Treatment,2020-02-17 13:33:09.734000-05:00,2020-02-17 13:33:35.308000-05:00,1,25.574,25.561,.9900,True,1.0,True,1,0,0,1,0,False,False,False,7303239
PSAJVPW,91701,PRAVCQK,1,,Treatment,2020-02-17 13:33:36.676000-05:00,2020-02-17 13:34:02.173000-05:00,1,25.497,25.475,6.6351,True,1.0,True,1,0,0,1,0,False,False,False,7303266
PSAJVPW,91704,PRAV3ZU,1,,Nonexperimental,2020-02-14 14:03:51.152000-05:00,2020-02-14 14:04:02.107000-05:00,1,10.955,10.949,WPI,True,1.0,True,1,0,0,0,0,False,False,False,7281753
PSAJVPW,91704,PRAVCQH,1,,Treatment,2020-02-14 14:04:03.349000-05:00,2020-02-14 14:04:57.148000-05:00,1,53.799,,,False,0.0,False,0,0,0,1,1,False,False,False,7281770
PSAJVPW,91704,PRAVCQH,1,832839.0,Treatment,2020-02-14 14:04:15.354000-05:00,2020-02-14 14:04:56.968000-05:00,1,41.794,41.609,1.1338,True,1.0,True,1,1,0,0,0,False,False,False,7281779
PSAJVPW,91704,PRAVCQT,1,,Treatment,2020-02-14 14:05:03.311000-05:00,2020-02-14 14:05:29.741000-05:00,1,26.43,26.427,.8503,True,1.0,True,1,0,0,1,0,False,False,False,7281826
PSAJVPW,91704,PRAVCQJ,1,,Treatment,2020-02-14 14:05:30.657000-05:00,2020-02-14 14:05:55.676000-05:00,1,25.019,25.016,.9900,True,1.0,True,1,0,0,1,0,False,False,False,7281853
PSAJVPW,91704,PRAVCQK,1,,Treatment,2020-02-14 14:05:56.571000-05:00,2020-02-14 14:06:21.264000-05:00,1,24.693,24.688,6.6351,True,1.0,True,1,0,0,1,0,False,False,False,7281876
PSAJVPW,91705,PRAV3ZU,1,,Nonexperimental,2020-02-14 13:48:25.649000-05:00,2020-02-14 13:48:38.678000-05:00,1,13.029,13.023,WPI,True,1.0,True,1,0,0,0,0,False,False,False,7280755
PSAJVPW,91705,PRAV32G,1,,Control,2020-02-14 13:48:40.183000-05:00,2020-02-14 13:49:47.723000-05:00,1,67.54,40.977,43.7918,False,0.0,True,2,0,0,1,1,False,False,False,7280765
PSAJVPW,91705,PRAV32G,1,852582.0,Control,2020-02-14 13:49:21.448000-05:00,2020-02-14 13:49:47.590000-05:00,1,26.219,,,True,1.0,,0,0,0,0,0,False,False,False,7280799
PSAJVPW,91705,PRAV32P,1,,Control,2020-02-14 13:49:48.818000-05:00,2020-02-14 13:50:29.354000-05:00,1,40.536,40.531,.8504,True,1.0,True,1,0,0,1,0,False,False,False,7280817
PSAJVPW,91705,PRAV32J,1,,Control,2020-02-14 13:50:30.372000-05:00,2020-02-14 13:51:25.155000-05:00,1,54.783,54.78,.9900,True,1.0,True,1,0,0,1,0,False,False,False,7280844
PSAJVPW,91705,PRAV32K,1,,Control,2020-02-14 13:51:26.106000-05:00,2020-02-14 13:51:49.058000-05:00,1,22.952,22.949,6.6351,True,1.0,True,1,0,0,1,0,False,False,False,7280883
PSAJVPW,91707,PRAV3ZU,1,,Nonexperimental,2020-02-14 13:49:26.014000-05:00,2020-02-14 13:49:33.510000-05:00,1,7.496,7.49,WPI,True,1.0,True,1,0,0,0,0,False,False,False,7280802
PSAJVPW,91707,PRAV32G,1,,Control,2020-02-14 13:49:35.323000-05:00,2020-02-14 13:51:38.585000-05:00,1,123.262,123.258,1.1338,True,1.0,True,1,0,0,1,0,False,False,False,7280806
PSAJVPW,91707,PRAV32P,1,,Control,2020-02-14 13:51:39.885000-05:00,2020-02-14 13:53:10.615000-05:00,1,90.73,90.727,.8504,True,1.0,True,1,0,0,1,0,False,False,False,7280899
PSAJVPW,91708,PRAV3ZU,1,,Nonexperimental,2020-02-18 10:52:27.248000-05:00,2020-02-18 10:52:33.780000-05:00,1,6.532,6.521,WPI,True,1.0,True,1,0,0,0,0,False,False,False,7323994
PSAJVPW,91708,PRAVCQH,1,,Treatment,2020-02-18 10:52:35.459000-05:00,2020-02-18 10:56:34.918000-05:00,1,239.459,82.529,.3619,False,0.0,True,2,0,0,1,1,False,False,False,7324012
PSAJVPW,91708,PRAVCQH,1,832839.0,Treatment,2020-02-18 10:53:58.579000-05:00,2020-02-18 10:56:34.706000-05:00,1,156.243,,,True,1.0,,0,1,0,0,0,False,False,False,7324191
PSAJVPW,91708,PRAVCQT,1,,Treatment,2020-02-18 10:56:36.455000-05:00,2020-02-18 10:59:38.931000-05:00,1,182.476,182.471,.8504,True,1.0,True,1,0,0,1,0,False,False,False,7324448
PSAJVPW,91708,PRAVCQJ,1,,Treatment,2020-02-18 10:59:40.406000-05:00,2020-02-18 11:02:12.065000-05:00,1,151.659,151.643,.9900,True,1.0,True,1,0,0,1,0,False,False,False,7324700
PSAJVPW,91708,PRAVCQK,1,,Treatment,2020-02-18 11:02:13.602000-05:00,2020-02-18 11:03:23.172000-05:00,1,69.57,69.564,6.6351,True,1.0,True,1,0,0,1,0,False,False,False,7324948
PSAJVPW,91713,PRAV3ZU,1,,Nonexperimental,2020-02-14 13:48:30.791000-05:00,2020-02-14 13:48:35.671000-05:00,1,4.88,4.871,WPI,True,1.0,True,1,0,0,0,0,False,False,False,7280759
PSAJVPW,91713,PRAVCQH,1,,Treatment,2020-02-14 13:48:36.741000-05:00,2020-02-14 13:50:06.610000-05:00,1,89.869,89.864,1.1338,True,1.0,True,1,0,0,1,0,False,False,False,7280762
PSAJVPW,91713,PRAVCQT,1,,Treatment,2020-02-14 13:50:08.212000-05:00,2020-02-14 13:50:35.883000-05:00,1,27.671,27.668,.8504,True,1.0,True,1,0,0,1,0,False,False,False,7280829
PSAJVPW,91715,PRAV3ZU,1,,Nonexperimental,2020-02-14 13:49:37.411000-05:00,2020-02-14 13:49:42.705000-05:00,1,5.294,5.288,WPI,True,1.0,True,1,0,0,0,0,False,False,False,7280810
PSAJVPW,91715,PRAVCQH,1,,Treatment,2020-02-14 13:49:46.923000-05:00,2020-02-14 13:50:32.017000-05:00,1,45.094,45.089,1.1338,True,1.0,True,1,0,0,1,0,False,False,False,7280815
PSAJVPW,91715,PRAVCQT,1,,Treatment,2020-02-14 13:50:33.239000-05:00,2020-02-14 13:51:03.398000-05:00,1,30.159,30.152,.8504,True,1.0,True,1,0,0,1,0,False,False,False,7280849
PSAJVPW,91722,PRAV3ZU,1,,Nonexperimental,2020-02-14 14:03:46.385000-05:00,2020-02-14 14:03:55.347000-05:00,1,8.962,8.956,wpi,False,0.0,True,1,0,0,0,0,False,False,False,7281743
PSAJVPW,91722,PRAVCQH,1,,Treatment,2020-02-14 14:03:56.280000-05:00,2020-02-14 14:07:41.532000-05:00,1,225.252,225.247,1.1338,True,1.0,True,1,0,0,1,0,False,False,False,7281760
PSAJVPW,91722,PRAVCQT,1,,Treatment,2020-02-14 14:07:42.219000-05:00,2020-02-14 14:09:43.325000-05:00,1,121.106,121.103,.8504,True,1.0,True,1,0,0,1,0,False,False,False,7282012
PSAJVPW,91722,PRAVCQJ,1,,Treatment,2020-02-14 14:09:45.405000-05:00,2020-02-14 14:12:34.818000-05:00,1,169.413,72.974,.0905,False,0.0,True,1,0,0,1,1,False,False,False,7282163
PSAJVPW,91722,PRAVCQJ,1,844008.0,Treatment,2020-02-14 14:10:58.713000-05:00,2020-02-14 14:12:34.677000-05:00,1,96.105,95.96,.9900,True,1.0,True,1,1,0,0,0,False,False,False,7282258
PSAJVPW,91722,PRAVCQK,1,,Treatment,2020-02-14 14:12:39.150000-05:00,2020-02-14 14:13:16.096000-05:00,1,36.946,36.94,6.6351,True,1.0,True,1,0,0,1,0,False,False,False,7282377
PSAJVPW,91722,PRAVCQM,1,,Treatment,2020-02-14 14:13:18.567000-05:00,,1,,,,,,,0,0,0,1,0,False,False,False,7282419
PSAJVPW,91773,PRAV3ZU,1,,Nonexperimental,2020-02-14 13:49:41.639000-05:00,2020-02-14 13:50:30.375000-05:00,1,48.736,48.721,WPI,True,1.0,True,1,0,0,0,0,False,False,False,7280813
PSAJVPW,91773,PRAV32G,1,,Control,2020-02-14 13:50:30.744000-05:00,2020-02-14 13:51:39.340000-05:00,1,68.596,68.593,1.1338,True,1.0,True,1,0,0,1,0,False,False,False,7280846
PSAJVPW,91773,PRAV32P,1,,Control,2020-02-14 13:51:39.826000-05:00,2020-02-14 13:52:08.712000-05:00,1,28.886,28.883,.8504,True,1.0,True,1,0,0,1,0,False,False,False,7280900
PSAJVPW,795834,PRAV3ZU,1,,Nonexperimental,2020-10-20 11:18:08.911000-04:00,2020-10-20 11:18:16.980000-04:00,1,8.069,8.055,WPI,True,1.0,True,1,0,0,0,0,False,False,False,62589687
PSAJVPW,795834,PRAV32G,1,,Control,2020-10-20 11:18:19.355000-04:00,2020-10-20 11:19:19.060000-04:00,1,59.705,59.7,1.1338,True,1.0,True,1,0,0,1,0,False,False,False,62589910
PSAJVPW,795834,PRAV32P,1,,Control,2020-10-20 11:19:20.703000-04:00,2020-10-20 11:20:07.259000-04:00,1,46.556,46.552,0.8504,True,1.0,True,1,0,0,1,0,False,False,False,62591320
PSAJVPW,796262,PRAV3ZU,1,,Nonexperimental,2020-10-20 12:42:07.915000-04:00,2020-10-20 12:42:42.128000-04:00,1,34.213,34.207,WPI,True,1.0,True,1,0,0,0,0,False,False,False,62708295
PSAJVPW,796262,PRAVCQH,1,,Treatment,2020-10-20 12:42:45.553000-04:00,2020-10-20 12:48:24.971000-04:00,1,339.418,339.413,1.1338,True,1.0,True,1,0,0,1,0,False,False,False,62709093
PSAJVPW,796262,PRAVCQT,1,,Treatment,2020-10-20 12:48:27.277000-04:00,2020-10-20 12:48:47.494000-04:00,1,20.217,20.214,.8503,True,1.0,True,1,0,0,1,0,False,False,False,62716758
PSAJVPW,796539,PRAV3ZU,1,,Nonexperimental,2020-10-19 15:22:15.270000-04:00,2020-10-19 15:22:22.125000-04:00,1,6.855,6.85,ok,False,0.0,True,1,0,0,0,0,False,False,False,62175199
PSAJVPW,796539,PRAV32G,1,,Control,2020-10-19 15:22:24.340000-04:00,2020-10-19 15:23:40.238000-04:00,1,75.898,46.322,1.134,False,0.0,True,1,0,0,1,1,False,False,False,62175344
PSAJVPW,796539,PRAV32G,1,852582.0,Control,2020-10-19 15:23:10.776000-04:00,2020-10-19 15:23:40.186000-04:00,1,29.462,15.685,1.338,False,0.0,True,2,0,0,0,0,False,False,False,62176133
PSAJVPW,796539,PRAV32P,1,,Control,2020-10-19 15:23:45.477000-04:00,2020-10-19 15:24:04.150000-04:00,1,18.673,18.671,0.8503,True,1.0,True,1,0,0,1,0,False,False,False,62176732
PSAJVPW,796539,PRAV32J,1,,Control,2020-10-19 15:24:06.133000-04:00,2020-10-19 15:24:57.354000-04:00,1,51.221,51.218,0.9900,True,1.0,True,1,0,0,1,0,False,False,False,62177077
PSAJVPW,796539,PRAV32K,1,,Control,2020-10-19 15:24:59.094000-04:00,2020-10-19 15:25:38.170000-04:00,1,39.076,39.072,6.6351,True,1.0,True,1,0,0,1,0,False,False,False,62177944
PSAJVPW,796663,PRAV3ZU,1,,Nonexperimental,2020-10-15 15:44:32.545000-04:00,2020-10-15 15:45:10.092000-04:00,1,37.547,37.541,wpi,False,0.0,True,1,0,0,0,0,False,False,False,60849945
PSAJVPW,796663,PRAV32G,1,,Control,2020-10-15 15:45:13.635000-04:00,2020-10-15 15:46:11.490000-04:00,1,57.855,57.851,1.1338,True,1.0,True,1,0,0,1,0,False,False,False,60850539
PSAJVPW,796663,PRAV32P,1,,Control,2020-10-15 15:46:13.834000-04:00,2020-10-15 15:46:54.276000-04:00,1,40.442,40.439,0.8504,True,1.0,True,1,0,0,1,0,False,False,False,60851480
PSAJVPW,796663,PRAV32J,1,,Control,2020-10-15 15:46:56.670000-04:00,2020-10-16 10:05:08.683000-04:00,1,65892.013,65892.009,0.9900,True,1.0,True,1,0,0,1,0,False,False,False,60852197
PSAJVPW,797053,PRAV3ZU,1,,Nonexperimental,2020-10-19 14:53:53.511000-04:00,2020-10-19 14:54:23.446000-04:00,1,29.935,29.927,WPI,True,1.0,True,1,0,0,0,0,False,False,False,62143311
PSAJVPW,797053,PRAV32G,1,,Control,2020-10-19 14:54:26.129000-04:00,2020-10-19 14:55:30.963000-04:00,1,64.834,64.83,1.1338,True,1.0,True,1,0,0,1,0,False,False,False,62144001
PSAJVPW,797053,PRAV32P,1,,Control,2020-10-19 14:55:32.215000-04:00,2020-10-19 14:57:19.803000-04:00,1,107.588,107.584,.8504,True,1.0,True,1,0,0,1,0,False,False,False,62145391
PSAJVPW,797966,PRAV3ZU,1,,Nonexperimental,2020-10-15 15:44:58.036000-04:00,2020-10-15 15:45:16.543000-04:00,1,18.507,18.499,WIP,False,0.0,True,1,0,0,0,0,False,False,False,60850306
PSAJVPW,797966,PRAV32G,1,,Control,2020-10-15 15:45:53.284000-04:00,2020-10-15 15:46:20.552000-04:00,1,27.268,27.263,1.1338,True,1.0,True,1,0,0,1,0,False,False,False,60851182
PSAJVPW,797966,PRAV32P,1,,Control,2020-10-15 15:46:22.118000-04:00,2020-10-15 15:46:49.337000-04:00,1,27.219,27.213,0.8504,True,1.0,True,1,0,0,1,0,False,False,False,60851631
PSAJVPW,797966,PRAV32J,1,,Control,2020-10-15 15:46:51.920000-04:00,2020-10-15 15:47:31.552000-04:00,1,39.632,39.628,0.9901,True,1.0,True,1,0,0,1,0,False,False,False,60852102
PSAJVPW,799238,PRAV3ZU,1,,Nonexperimental,2020-10-19 15:04:54.746000-04:00,2020-10-19 15:05:15.539000-04:00,1,20.793,20.788,WPI,True,1.0,True,1,0,0,0,0,False,False,False,62156929
PSAJVPW,799238,PRAVCQH,1,,Treatment,2020-10-19 15:05:17.277000-04:00,2020-10-21 00:16:54.659000-04:00,2,119497.382,119497.376,1.1338,True,1.0,True,1,0,0,1,0,False,False,False,62157357
PSAJVPW,799238,PRAVCQT,1,,Treatment,2020-10-21 00:16:56.299000-04:00,2020-10-21 00:17:21.596000-04:00,1,25.297,25.294,0.8504,True,1.0,True,1,0,0,1,0,False,False,False,63159096
PSAJVPW,799257,PRAV3ZU,1,,Nonexperimental,2020-10-15 15:45:28.938000-04:00,2020-10-15 15:45:59.093000-04:00,1,30.155,30.138,wpi,False,0.0,True,1,0,0,0,0,False,False,False,60850776
PSAJVPW,799257,PRAV32G,1,,Control,2020-10-15 15:46:03.728000-04:00,2020-10-15 15:47:08.115000-04:00,1,64.387,64.384,1.1338,True,1.0,True,1,0,0,1,0,False,False,False,60851319
PSAJVPW,799257,PRAV32P,1,,Control,2020-10-15 15:47:11.482000-04:00,2020-10-15 15:47:46.131000-04:00,1,34.649,34.642,0.8504,True,1.0,True,1,0,0,1,0,False,False,False,60852451
PSAJVPW,799257,PRAV32J,1,,Control,2020-10-15 15:47:49.286000-04:00,2020-10-15 15:48:18.517000-04:00,1,29.231,29.229,0.9901,True,1.0,True,1,0,0,1,0,False,False,False,60852997
PSAJVPW,799432,PRAV3ZU,1,,Nonexperimental,2020-11-05 23:25:36.230000-05:00,2020-11-05 23:26:03.541000-05:00,2,27.311,27.307,WPI,True,1.0,True,1,0,0,0,0,False,False,False,70818111
PSAJVPW,799432,PRAV32G,1,,Control,2020-11-05 23:26:05.237000-05:00,2020-11-05 23:27:53.642000-05:00,1,108.405,108.402,1.1338235,True,1.0,True,1,0,0,1,0,False,False,False,70818167
PSAJVPW,799432,PRAV32P,1,,Control,2020-11-05 23:27:57.085000-05:00,2020-11-05 23:28:37.443000-05:00,1,40.358,40.356,0.85036983,True,1.0,True,1,0,0,1,0,False,False,False,70818370
PSAJVPW,799510,PRAV3ZU,1,,Nonexperimental,2020-10-15 17:07:11.159000-04:00,2020-10-15 17:07:33.468000-04:00,1,22.309,22.304,WPI,True,1.0,True,1,0,0,0,0,False,False,False,60911396
PSAJVPW,799510,PRAV32G,1,,Control,2020-10-15 17:07:35.439000-04:00,2020-10-15 17:11:11.967000-04:00,1,216.528,171.428,3.98107,False,0.0,True,1,0,0,1,1,False,False,False,60911609
PSAJVPW,799510,PRAV32G,1,852582.0,Control,2020-10-15 17:10:27.044000-04:00,2020-10-15 17:11:11.903000-04:00,1,44.923,44.854,1.1338,True,1.0,True,1,0,0,0,0,False,False,False,60913328
PSAJVPW,799510,PRAV32P,1,,Control,2020-10-15 17:11:15.952000-04:00,2020-10-15 17:11:50.604000-04:00,1,34.652,34.642,0.85037,True,1.0,True,1,0,0,1,0,False,False,False,60913683
PSAJVPW,799510,PRAV32J,1,,Control,2020-10-15 17:11:53.167000-04:00,2020-10-15 17:12:23.078000-04:00,1,29.911,29.9,0.99005,True,1.0,True,1,0,0,1,0,False,False,False,60913990
PSAJVPW,799510,PRAV32K,1,,Control,2020-10-15 17:12:24.591000-04:00,2020-10-15 17:13:24.177000-04:00,1,59.586,59.575,6.63512,True,1.0,True,1,0,0,1,0,False,False,False,60914271
PSAJVPW,799516,PRAV3ZU,1,,Nonexperimental,2020-10-16 17:00:18.334000-04:00,2020-10-16 17:00:43.093000-04:00,1,24.759,24.754,WPI,True,1.0,True,1,0,0,0,0,False,False,False,61498997
PSAJVPW,799516,PRAV32G,1,,Control,2020-10-16 17:00:45.404000-04:00,2020-10-16 17:03:52.819000-04:00,1,187.415,187.411,1.1338,True,1.0,True,1,0,0,1,0,False,False,False,61499125
PSAJVPW,799516,PRAV32P,1,,Control,2020-10-16 17:03:54.280000-04:00,2020-10-16 17:05:06.628000-04:00,1,72.348,72.344,0.8504,True,1.0,True,1,0,0,1,0,False,False,False,61500104
PSAJVPW,799550,PRAV3ZU,1,,Nonexperimental,2020-10-15 17:30:17.385000-04:00,2020-10-15 17:30:37.011000-04:00,1,19.626,19.612,WPI,True,1.0,True,1,0,0,0,0,False,False,False,60923746
PSAJVPW,799550,PRAV32G,1,,Control,2020-10-15 17:30:39.062000-04:00,2020-10-15 17:31:29.015000-04:00,1,49.953,49.947,1.1338,True,1.0,True,1,0,0,1,0,False,False,False,60923946
PSAJVPW,799550,PRAV32P,1,,Control,2020-10-15 17:31:30.478000-04:00,2020-10-15 17:31:50.403000-04:00,1,19.925,19.92,0.8503,True,1.0,True,1,0,0,1,0,False,False,False,60924366
PSAJVPW,799557,PRAV3ZU,1,,Nonexperimental,2020-10-15 15:44:21.315000-04:00,2020-10-15 15:44:26.538000-04:00,1,5.223,5.218,WPI,True,1.0,True,1,0,0,0,0,False,False,False,60849759
PSAJVPW,799557,PRAVCQH,1,,Treatment,2020-10-15 15:44:30.251000-04:00,2020-10-15 15:46:29.317000-04:00,1,119.066,119.062,1.13382,True,1.0,True,1,0,0,1,0,False,False,False,60849897
PSAJVPW,799557,PRAVCQT,1,,Treatment,2020-10-15 15:46:35.327000-04:00,2020-10-15 15:46:57.456000-04:00,1,22.129,22.125,0.8504,True,1.0,True,1,0,0,1,0,False,False,False,60851823
PSAJVPW,799580,PRAV3ZU,1,,Nonexperimental,2020-10-18 10:58:44.642000-04:00,2020-10-18 10:59:15.380000-04:00,1,30.738,30.732,WPI,True,1.0,True,1,0,0,0,0,False,False,False,61605106
PSAJVPW,799580,PRAV32G,1,,Control,2020-10-18 10:59:26.796000-04:00,2020-10-18 11:08:28.436000-04:00,1,541.64,138.731,0.0545,False,0.0,True,1,0,0,1,1,False,False,False,61605139
PSAJVPW,799580,PRAV32G,1,852582.0,Control,2020-10-18 11:01:45.728000-04:00,2020-10-18 11:08:28.334000-04:00,1,402.708,402.603,1.1338,True,1.0,True,1,0,0,0,0,False,False,False,61605233
PSAJVPW,799580,PRAV32P,1,,Control,2020-10-18 11:08:54.638000-04:00,2020-10-18 11:18:26.021000-04:00,1,571.383,77.673,0.11,False,0.0,True,1,0,0,1,1,False,False,False,61605546
PSAJVPW,799580,PRAV32P,1,852597.0,Control,2020-10-18 11:10:12.486000-04:00,2020-10-18 11:18:25.935000-04:00,1,493.535,493.446,0.8504,True,1.0,True,1,0,0,0,0,False,False,False,61605606
PSAJVPW,799580,PRAV32J,1,,Control,2020-10-18 11:18:57.491000-04:00,2020-10-20 14:43:24.545000-04:00,2,185067.054,162.627,0.0795,False,0.0,True,1,0,0,1,1,False,False,False,61606025
PSAJVPW,799580,PRAV32J,1,852590.0,Control,2020-10-18 11:21:40.299000-04:00,2020-10-20 14:43:24.414000-04:00,2,184904.246,184904.11,0.99,True,1.0,True,1,0,0,0,0,False,False,False,61606165
PSAJVPW,799580,PRAV32K,1,,Control,2020-10-20 14:43:30.714000-04:00,2020-10-20 14:44:01.370000-04:00,1,30.656,30.652,6.6352,True,1.0,True,1,0,0,1,0,False,False,False,62886645
PSAJVPW,799580,PRAV32H,1,,Control,2020-10-20 14:44:04.683000-04:00,2020-10-20 14:44:36.619000-04:00,1,31.936,31.933,1.0353,True,1.0,True,1,0,0,1,0,False,False,False,62887435
PSAJVPW,799580,PRAV32N,1,,Control,2020-10-20 14:44:38.852000-04:00,2020-10-20 14:45:08.218000-04:00,1,29.366,29.362,0.6722,True,1.0,True,1,0,0,1,0,False,False,False,62888199
PSAJVPW,800088,PRAV3ZU,1,,Nonexperimental,2020-10-19 18:35:04.595000-04:00,2020-10-19 18:37:33.312000-04:00,1,148.717,148.71,worcester polytechnic Institute,False,0.0,True,1,0,0,0,0,False,False,False,62301561
PSAJVPW,800088,PRAVCQH,1,,Treatment,2020-10-19 18:37:37.283000-04:00,2020-10-19 18:38:32.586000-04:00,1,55.303,55.3,1.13382,True,1.0,True,1,0,0,1,0,False,False,False,62302518
PSAJVPW,800088,PRAVCQT,1,,Treatment,2020-10-19 18:38:35.449000-04:00,2020-10-19 18:39:15.364000-04:00,1,39.915,39.911,0.85037,True,1.0,True,1,0,0,1,0,False,False,False,62302893
PSAJVPW,800088,PRAVCQJ,1,,Treatment,2020-10-19 18:39:18.299000-04:00,2020-10-19 18:40:06.488000-04:00,1,48.189,48.187,0.99005,True,1.0,True,1,0,0,1,0,False,False,False,62303154
PSAJVPW,800381,PRAV3ZU,1,,Nonexperimental,2020-10-16 16:02:43.618000-04:00,2020-10-16 16:03:08.084000-04:00,1,24.466,24.461,WPI,True,1.0,True,1,0,0,0,0,False,False,False,61475449
PSAJVPW,800381,PRAV32G,1,,Control,2020-10-16 16:03:09.555000-04:00,2020-10-23 18:21:52.904000-04:00,2,613123.349,,,False,0.0,False,0,0,0,1,1,False,False,False,61475657
PSAJVPW,800381,PRAV32G,1,852582.0,Control,2020-10-23 18:19:35.282000-04:00,2020-10-23 18:21:52.755000-04:00,1,137.622,137.468,1.1338,True,1.0,True,1,0,0,0,0,False,False,False,65015333
PSAJVPW,800381,PRAV32P,1,,Control,2020-10-23 18:22:03.374000-04:00,2020-10-23 18:25:00.163000-04:00,1,176.789,151.052,0.1302,False,0.0,True,1,0,0,1,1,False,False,False,65015768
PSAJVPW,800381,PRAV32P,1,852597.0,Control,2020-10-23 18:24:34.819000-04:00,2020-10-23 18:25:00.056000-04:00,1,25.344,25.235,0.8504,True,1.0,True,1,0,0,0,0,False,False,False,65016212
PSAJVPW,800381,PRAV32J,1,,Control,2020-10-23 18:25:22.087000-04:00,2020-10-23 18:26:35.754000-04:00,1,73.667,73.664,0.9901,True,1.0,True,1,0,0,1,0,False,False,False,65016343
PSAJVPW,800381,PRAV32K,1,,Control,2020-10-23 18:26:38.876000-04:00,2020-10-23 18:27:24.046000-04:00,1,45.17,45.167,6.6351,True,1.0,True,1,0,0,1,0,False,False,False,65016581
PSAJVPW,800381,PRAV32H,1,,Control,2020-10-23 18:27:25.446000-04:00,2020-10-23 18:28:57.383000-04:00,1,91.937,75.635,0.1661,False,0.0,True,1,0,0,1,1,False,False,False,65016727
PSAJVPW,800381,PRAV32H,1,852581.0,Control,2020-10-23 18:28:41.695000-04:00,2020-10-23 18:28:57.238000-04:00,1,15.688,15.541,1.0353,True,1.0,True,1,0,0,0,0,False,False,False,65016941
PSAJVPW,800381,PRAV32N,1,,Control,2020-10-23 18:29:04.601000-04:00,2020-10-23 18:29:55.502000-04:00,1,50.901,50.898,0.6722,True,1.0,True,1,0,0,1,0,False,False,False,65017014
PSAJVPW,800381,PRAU8X6,1,,Control,2020-10-23 18:29:57.699000-04:00,2020-10-23 18:33:38.800000-04:00,1,221.101,67.28,0.6722,False,0.666666666666667,True,2,1,0,0,0,False,False,False,65017154
PSAJVPW,800381,PRAU8ZF,1,,Control,2020-10-23 18:33:40.412000-04:00,2020-10-23 18:34:24.637000-04:00,1,44.225,44.21,0.8694,True,1.0,True,1,1,0,0,0,False,False,False,65017698
PSAJVPW,800381,PRAU8YR,1,,Control,2020-10-23 18:34:26.066000-04:00,2020-10-23 18:39:43.620000-04:00,1,317.554,76.519,0.1203,False,0.0,False,3,1,1,0,0,False,False,True,65017813
PSAJVPW,800381,PRAU8ZR,1,,Control,2020-10-23 18:39:45.150000-04:00,2020-10-23 18:40:54.577000-04:00,1,69.427,69.425,0.0140,True,1.0,True,1,1,0,0,0,False,False,False,65018632
PSAJVPW,800381,PRAU82Q,1,,Control,2020-10-23 18:40:57.058000-04:00,2020-10-23 18:47:27.300000-04:00,1,390.242,16.467,0.6229,False,0.666666666666667,False,1,1,0,0,0,False,False,False,65018783
PSAJVPW,800381,PRAU8YG,1,,Control,2020-10-23 18:47:28.902000-04:00,2020-10-23 18:48:16.287000-04:00,1,47.385,47.381,0.9006,True,1.0,True,1,1,0,0,0,False,False,False,65019647
PSAJVPW,800381,PRAU8YS,1,,Control,2020-10-23 18:48:17.431000-04:00,2020-10-23 18:54:19.971000-04:00,1,362.54,156.554,1.425,False,0.333333333333333,True,2,1,0,0,0,False,False,False,65019774
PSAJVPW,800381,PRAU8ZZ,1,,Control,2020-10-23 18:54:21.280000-04:00,2020-10-23 18:55:06.101000-04:00,1,44.821,44.819,0.25,True,1.0,True,1,1,0,0,0,False,False,False,65020696
PSAJVPW,800381,PRAU829,1,,Control,2020-10-23 18:55:07.430000-04:00,2020-10-23 18:56:36.041000-04:00,1,88.611,88.607,0.2469,True,1.0,True,1,1,0,0,0,False,False,False,65020812
PSAJVPW,800381,PRAU8ZE,1,,Control,2020-10-23 18:56:37.239000-04:00,2020-10-23 18:57:12.734000-04:00,1,35.495,35.491,1.0601,True,1.0,True,1,1,0,0,0,False,False,False,65021046
PSAJVPW,800424,PRAV3ZU,1,,Nonexperimental,2020-10-21 00:54:55.886000-04:00,2020-10-21 00:55:01.169000-04:00,1,5.283,5.281,WPI,True,1.0,True,1,0,0,0,0,False,False,False,63162201
PSAJVPW,800424,PRAVCQH,1,,Treatment,2020-10-21 00:55:03.837000-04:00,2020-10-21 00:55:29.940000-04:00,1,26.103,26.101,1.1338,True,1.0,True,1,0,0,1,0,False,False,False,63162208
PSAJVPW,800424,PRAVCQT,1,,Treatment,2020-10-21 00:55:30.770000-04:00,2020-10-21 00:55:46.309000-04:00,1,15.539,15.536,0.8504,True,1.0,True,1,0,0,1,0,False,False,False,63162229
PSAJVPW,802001,PRAV3ZU,1,,Nonexperimental,2020-10-20 09:23:02.576000-04:00,2020-10-20 09:46:44.967000-04:00,2,1422.391,1422.385,WPI,True,1.0,True,1,0,0,0,0,False,False,False,62449026
PSAJVPW,802001,PRAV32G,1,,Control,2020-10-20 09:46:48.603000-04:00,2020-10-20 09:58:34.769000-04:00,1,706.166,706.163,1.1338,True,1.0,True,1,0,0,1,0,False,False,False,62471437
PSAJVPW,802001,PRAV32P,1,,Control,2020-10-20 09:58:43.960000-04:00,2020-10-20 10:04:40.141000-04:00,1,356.181,356.179,0.8504,True,1.0,True,1,0,0,1,0,False,False,False,62485265
PSAJVPW,802544,PRAV3ZU,1,,Nonexperimental,2020-10-19 11:59:09.266000-04:00,2020-10-19 12:03:07.742000-04:00,1,238.476,238.472,wpi,False,0.0,True,1,0,0,0,0,False,False,False,61907132
PSAJVPW,802544,PRAV32G,1,,Control,2020-10-19 12:03:10.412000-04:00,2020-10-19 12:04:00.780000-04:00,1,50.368,50.366,1.1338,True,1.0,True,1,0,0,1,0,False,False,False,61912304
PSAJVPW,802544,PRAV32P,1,,Control,2020-10-19 12:04:01.908000-04:00,2020-10-19 12:04:22.759000-04:00,1,20.851,20.849,.8503,True,1.0,True,1,0,0,1,0,False,False,False,61913420
PSAJVPW,802544,PRAV32J,1,,Control,2020-10-19 12:04:26.856000-04:00,2020-10-19 12:04:50.438000-04:00,1,23.582,23.581,.9900,True,1.0,True,1,0,0,1,0,False,False,False,61913956
PSAJVPW,806694,PRAV3ZU,1,,Nonexperimental,2020-10-20 13:43:33.591000-04:00,2020-10-20 13:43:41.735000-04:00,1,8.144,8.138,WPI,True,1.0,True,1,0,0,0,0,False,False,False,62794663
PSAJVPW,806694,PRAV32G,1,,Control,2020-10-20 13:43:43.933000-04:00,2020-10-20 13:44:28.620000-04:00,1,44.687,44.683,1.13382,True,1.0,True,1,0,0,1,0,False,False,False,62794913
PSAJVPW,806694,PRAV32P,1,,Control,2020-10-20 13:44:35.923000-04:00,2020-10-20 13:44:55.527000-04:00,1,19.604,19.599,0.85037,True,1.0,True,1,0,0,1,0,False,False,False,62796235
PSAJVPW,807019,PRAV3ZU,1,,Nonexperimental,2020-10-19 18:06:00.202000-04:00,2020-10-19 18:06:23.282000-04:00,1,23.08,23.069,WPI,True,1.0,True,1,0,0,0,0,False,False,False,62289457
PSAJVPW,807019,PRAVCQH,1,,Treatment,2020-10-19 18:06:26.117000-04:00,2020-10-19 18:07:10.038000-04:00,1,43.921,43.914,1.1338,True,1.0,True,1,0,0,1,0,False,False,False,62289636
PSAJVPW,807019,PRAVCQT,1,,Treatment,2020-10-19 18:07:11.925000-04:00,2020-10-19 18:07:32.836000-04:00,1,20.911,20.905,0.8504,True,1.0,True,1,0,0,1,0,False,False,False,62289981
PSAJVPW,807125,PRAV3ZU,1,,Nonexperimental,2020-10-19 12:29:08.710000-04:00,2020-10-19 12:29:32.997000-04:00,1,24.287,24.284,WPI,True,1.0,True,1,0,0,0,0,False,False,False,61945181
PSAJVPW,807125,PRAVCQH,1,,Treatment,2020-10-19 12:29:37.472000-04:00,2020-10-19 12:30:28.444000-04:00,1,50.972,50.97,1.1338,True,1.0,True,1,0,0,1,0,False,False,False,61945774
PSAJVPW,807125,PRAVCQT,1,,Treatment,2020-10-19 12:30:29.677000-04:00,2020-10-19 12:30:51.332000-04:00,1,21.655,21.654,0.8504,True,1.0,True,1,0,0,1,0,False,False,False,61946817
PSAJVPW,807239,PRAV3ZU,1,,Nonexperimental,2020-11-04 16:43:16.413000-05:00,2020-11-04 16:43:20.289000-05:00,1,3.876,3.867,WPI,True,1.0,True,1,0,0,0,0,False,False,False,70026321
PSAJVPW,807239,PRAVCQH,1,,Treatment,2020-11-04 16:43:21.764000-05:00,2020-11-04 16:43:53.462000-05:00,1,31.698,31.694,1.1338,True,1.0,True,1,0,0,1,0,False,False,False,70026363
PSAJVPW,807239,PRAVCQT,1,,Treatment,2020-11-04 16:43:54.844000-05:00,2020-11-04 16:44:15.695000-05:00,1,20.851,20.847,0.8504,True,1.0,True,1,0,0,1,0,False,False,False,70026681
PSAJVPW,808212,PRAV3ZU,1,,Nonexperimental,2020-10-20 19:47:48.242000-04:00,2020-10-20 19:48:00.541000-04:00,1,12.299,12.295,Worcester,False,0.0,True,1,0,0,0,0,False,False,False,63094014
PSAJVPW,808212,PRAV32G,1,,Control,2020-10-20 19:48:01.639000-04:00,2020-10-20 19:48:56.510000-04:00,1,54.871,54.86,1.1338,True,1.0,True,1,0,0,1,0,False,False,False,63094079
PSAJVPW,808212,PRAV32P,1,,Control,2020-10-20 19:48:57.226000-04:00,2020-10-20 19:49:41.119000-04:00,1,43.893,43.881,0.8504,True,1.0,True,1,0,0,1,0,False,False,False,63094393
PSAJVPW,808212,PRAV32J,1,,Control,2020-10-20 19:49:41.874000-04:00,2020-10-20 19:50:23.675000-04:00,1,41.801,41.79,0.9900,True,1.0,True,1,0,0,1,0,False,False,False,63094674
PSAJVPW,817859,PRAV3ZU,1,,Nonexperimental,2020-10-29 16:06:21.862000-04:00,2020-10-29 16:06:49.366000-04:00,1,27.504,27.492,WPI,True,1.0,True,1,0,0,0,0,False,False,False,67769478
PSAJVPW,817859,PRAV32G,1,,Control,2020-10-29 16:06:51.602000-04:00,2020-10-29 16:07:13.690000-04:00,1,22.088,22.079,1.13382,True,1.0,True,1,0,0,1,0,False,False,False,67769839
PSAJVPW,817859,PRAV32P,1,,Control,2020-10-29 16:07:15.950000-04:00,2020-10-29 16:07:34.066000-04:00,1,18.116,18.111,0.85037,True,1.0,True,1,0,0,1,0,False,False,False,67770101
PSAJVPW,821528,PRAV3ZU,1,,Nonexperimental,2020-10-20 13:27:45.280000-04:00,2020-10-20 13:28:19.980000-04:00,1,34.7,34.693,WPI,True,1.0,True,1,0,0,0,0,False,False,False,62771482
PSAJVPW,821528,PRAVCQH,1,,Treatment,2020-10-20 13:28:22.540000-04:00,2020-10-20 13:29:13.481000-04:00,1,50.941,50.922,1.1338,True,1.0,True,1,0,0,1,0,False,False,False,62772358
PSAJVPW,821528,PRAVCQT,1,,Treatment,2020-10-20 13:29:18.343000-04:00,2020-10-20 13:30:04.534000-04:00,1,46.191,46.173,0.8503,True,1.0,True,1,0,0,1,0,False,False,False,62773622
PSAJVPW,832239,PRAV3ZU,1,,Nonexperimental,2020-10-21 23:36:46.330000-04:00,2020-11-20 00:10:14.022000-05:00,2,2511207.692,2511207.688,WPI,True,1.0,True,1,0,0,0,0,False,False,False,63851105
PSAJVPW,832239,PRAVCQH,1,,Treatment,2020-11-20 00:10:15.140000-05:00,2020-11-20 00:10:27.922000-05:00,1,12.782,12.779,1.1338,True,1.0,True,1,0,0,1,0,False,False,False,77235895
PSAJVPW,832239,PRAVCQT,1,,Treatment,2020-11-20 00:10:28.678000-05:00,2020-11-20 00:10:59.106000-05:00,1,30.428,30.418,0.8503,True,1.0,True,1,0,0,1,0,False,False,False,77235910
PSAJVPW,832241,PRAV3ZU,1,,Nonexperimental,2020-10-24 05:01:28.815000-04:00,2020-10-24 05:01:52.057000-04:00,1,23.242,23.237,WPI,True,1.0,True,1,0,0,0,0,False,False,False,65053436
PSAJVPW,832241,PRAVCQH,1,,Treatment,2020-10-24 05:01:53.101000-04:00,2020-10-24 05:02:54.153000-04:00,1,61.052,61.038,1.1338,True,1.0,True,1,0,0,1,0,False,False,False,65053437
PSAJVPW,832241,PRAVCQT,1,,Treatment,2020-10-24 05:02:55.140000-04:00,2020-10-24 05:03:34.204000-04:00,1,39.064,39.054,0.8503,True,1.0,True,1,0,0,1,0,False,False,False,65053441
PSAJVPW,848381,PRAV3ZU,1,,Nonexperimental,2020-10-21 09:57:11.265000-04:00,2020-10-21 09:57:24.236000-04:00,1,12.971,12.963,Yes,False,0.0,True,1,0,0,0,0,False,False,False,63253566
PSAJVPW,848381,PRAV32G,1,,Control,2020-10-21 09:57:26.778000-04:00,,1,,,,,,,0,0,0,1,0,False,False,False,63253903
PSAJVPW,850825,PRAV3ZU,1,,Nonexperimental,2020-10-22 22:00:50.748000-04:00,2020-10-22 22:01:34.933000-04:00,1,44.185,44.18,WPI,True,1.0,True,1,0,0,0,0,False,False,False,64536733
PSAJVPW,850825,PRAV32G,1,,Control,2020-10-22 22:01:36.985000-04:00,2020-10-22 22:02:21.744000-04:00,1,44.759,33.218,18.33,False,0.0,True,1,0,0,1,1,False,False,False,64536907
PSAJVPW,850825,PRAV32G,1,852582.0,Control,2020-10-22 22:02:10.449000-04:00,2020-10-22 22:02:21.606000-04:00,1,11.295,11.153,1.1338,True,1.0,True,1,0,0,0,0,False,False,False,64537054
PSAJVPW,850825,PRAV32P,1,,Control,2020-10-22 22:02:27.400000-04:00,2020-10-22 22:03:20.413000-04:00,1,53.013,52.888,0.8504,False,0.0,False,1,0,0,1,1,False,False,False,64537078
PSAJVPW,850825,PRAV32P,1,852597.0,Control,2020-10-22 22:02:31.076000-04:00,2020-10-22 22:03:20.326000-04:00,1,49.299,,,True,1.0,,0,0,0,0,0,False,False,False,64537130
PSAJVPW,850825,PRAV32J,1,,Control,2020-10-22 22:03:21.986000-04:00,2020-10-22 22:03:29.171000-04:00,1,7.185,,,False,0.0,False,0,0,0,1,1,False,False,False,64537273
PSAJVPW,850825,PRAV32J,1,852590.0,Control,2020-10-22 22:03:24.644000-04:00,2020-10-22 22:03:29.044000-04:00,1,4.527,4.398,0.99,True,1.0,True,1,0,0,0,0,False,False,False,64537294
PSAJVPW,850825,PRAV32K,1,,Control,2020-10-22 22:03:51.260000-04:00,2020-10-22 22:04:01.725000-04:00,1,10.465,,,False,0.0,False,0,0,0,1,1,False,False,False,64537371
PSAJVPW,850825,PRAV32K,1,852593.0,Control,2020-10-22 22:03:54.840000-04:00,2020-10-22 22:04:01.596000-04:00,1,6.885,6.752,6.6351,True,1.0,True,1,0,0,0,0,False,False,False,64537417
PSAJVPW,852199,PRAV3ZU,1,,Nonexperimental,2020-11-05 18:58:31.359000-05:00,2020-11-05 18:58:54.529000-05:00,1,23.17,23.144,WPI,True,1.0,True,1,0,0,0,0,False,False,False,70752009
PSAJVPW,852199,PRAVCQH,1,,Treatment,2020-11-05 18:58:58.652000-05:00,2020-11-05 19:01:28.325000-05:00,1,149.673,149.635,1.1338,True,1.0,True,1,0,0,1,0,False,False,False,70752145
PSAJVPW,852199,PRAVCQT,1,,Treatment,2020-11-05 19:01:30.254000-05:00,2020-11-05 19:02:45.169000-05:00,1,74.915,74.904,0.8504,True,1.0,True,1,0,0,1,0,False,False,False,70753016
PSAJVPW,852972,PRAV3ZU,1,,Nonexperimental,2020-10-26 10:43:37.656000-04:00,,1,,,,,,,0,0,0,0,0,False,False,False,65299243
PSAJVPW,856252,PRAV3ZU,1,,Nonexperimental,2020-10-16 15:22:17.434000-04:00,2020-10-16 15:23:03.332000-04:00,1,45.898,45.893,wpi,False,0.0,True,1,0,0,0,0,False,False,False,61451529
PSAJVPW,856252,PRAV32G,1,,Control,2020-10-16 15:23:07.826000-04:00,2020-10-16 15:24:19.599000-04:00,1,71.773,,,False,0.0,False,0,0,0,1,1,False,False,False,61452090
PSAJVPW,856252,PRAV32G,1,852582.0,Control,2020-10-16 15:23:36.951000-04:00,2020-10-16 15:24:19.503000-04:00,1,42.648,42.549,1.1338,True,1.0,True,1,0,0,0,0,False,False,False,61452411
PSAJVPW,856252,PRAV32P,1,,Control,2020-10-16 15:25:40.102000-04:00,2020-10-29 15:12:51.854000-04:00,2,1122431.752,1122431.731,0.8504,True,1.0,True,1,0,0,1,0,False,False,False,61453803
PSAJVPW,856252,PRAV32J,1,,Control,2020-10-29 15:12:53.583000-04:00,2020-10-29 15:15:32.193000-04:00,1,158.61,140.319,1.0101,False,0.0,True,1,0,0,1,1,False,False,False,67726411
PSAJVPW,856252,PRAV32J,1,852590.0,Control,2020-10-29 15:15:15.312000-04:00,2020-10-29 15:15:32.002000-04:00,1,16.881,16.685,0.99,True,1.0,True,1,0,0,0,0,False,False,False,67728672
PSAJVPW,856252,PRAV32K,1,,Control,2020-10-29 15:15:36.010000-04:00,2020-10-29 15:16:21.640000-04:00,1,45.63,45.627,6.6351,True,1.0,True,1,0,0,1,0,False,False,False,67728995
PSAJVPW,856252,PRAV32H,1,,Control,2020-10-29 15:16:24.599000-04:00,2020-10-29 15:17:17.601000-04:00,1,53.002,52.997,1.0353,True,1.0,True,1,0,0,1,0,False,False,False,67729702
PSAJVPW,856252,PRAV32N,1,,Control,2020-10-29 15:17:23.050000-04:00,2020-10-29 15:19:49.600000-04:00,1,146.55,146.545,0.6722,True,1.0,True,1,0,0,1,0,False,False,False,67730576
PSAJVPW,856381,PRAV3ZU,1,,Nonexperimental,2020-10-15 16:23:33.877000-04:00,2020-10-15 16:23:50.902000-04:00,1,17.025,17.02,WPI,True,1.0,True,1,0,0,0,0,False,False,False,60882376
PSAJVPW,856381,PRAVCQH,1,,Treatment,2020-10-15 16:23:55.502000-04:00,2020-10-15 16:24:47.162000-04:00,1,51.66,51.656,1.13382,True,1.0,True,1,0,0,1,0,False,False,False,60882653
PSAJVPW,856381,PRAVCQT,1,,Treatment,2020-10-15 16:24:50.242000-04:00,2020-10-15 16:25:16.792000-04:00,1,26.55,26.545,0.85037,True,1.0,True,1,0,0,1,0,False,False,False,60883334
PSAJVPW,856546,PRAV3ZU,1,,Nonexperimental,2020-10-20 18:58:26.448000-04:00,2020-10-22 13:58:54.766000-04:00,2,154828.318,154828.294,WPI,True,1.0,True,1,0,0,0,0,False,False,False,63074133
PSAJVPW,856546,PRAVCQH,1,,Treatment,2020-10-22 13:58:58.876000-04:00,2020-10-22 13:59:09.652000-04:00,1,10.776,10.769,1.1338,True,1.0,True,1,0,0,1,0,False,False,False,64249768
PSAJVPW,856546,PRAVCQT,1,,Treatment,2020-10-22 13:59:13.143000-04:00,2020-10-22 13:59:25.554000-04:00,1,12.411,12.401,0.8503,True,1.0,True,1,0,0,1,0,False,False,False,64250120
PSAJVPW,856583,PRAV3ZU,1,,Nonexperimental,2020-10-16 12:02:55.489000-04:00,2020-10-16 12:03:29.826000-04:00,1,34.337,34.327,WPI,True,1.0,True,1,0,0,0,0,False,False,False,61249829
PSAJVPW,856583,PRAVCQH,1,,Treatment,2020-10-16 12:03:32.747000-04:00,2020-10-16 15:35:17.505000-04:00,1,12704.758,12571.707,0.0545,False,0.0,True,1,0,0,1,1,False,False,False,61250468
PSAJVPW,856583,PRAVCQH,1,832839.0,Treatment,2020-10-16 15:33:05.705000-04:00,2020-10-16 15:35:17.262000-04:00,1,131.8,116.4,1865,False,0.0,False,1,1,0,0,0,False,False,True,61458647
PSAJVPW,856583,PRAVCQT,1,,Treatment,2020-10-16 15:36:15.255000-04:00,2020-10-16 15:37:56.559000-04:00,1,101.304,101.297,0.850370,True,1.0,True,1,0,0,1,0,False,False,False,61460533
PSAJVPW,856583,PRAVCQJ,1,,Treatment,2020-10-16 15:38:00.669000-04:00,2020-10-16 15:38:38.268000-04:00,1,37.599,37.593,0.990050,True,1.0,True,1,0,0,1,0,False,False,False,61461535
PSAJVPW,856583,PRAVCQK,1,,Treatment,2020-10-16 15:38:40.742000-04:00,2020-10-20 11:02:07.491000-04:00,2,329006.749,329006.736,6.6351,True,1.0,True,1,0,0,1,0,False,False,False,61461928
PSAJVPW,857428,PRAV3ZU,1,,Nonexperimental,2020-12-01 14:55:16.126000-05:00,2020-12-01 14:55:24.100000-05:00,1,7.974,7.969,Y,False,0.0,True,1,0,0,0,0,False,False,False,79805835
PSAJVPW,857428,PRAV32G,1,,Control,2020-12-01 14:55:25.057000-05:00,2020-12-01 15:08:40.567000-05:00,2,795.51,,,False,0.0,False,0,0,0,1,1,False,False,False,79806009
PSAJVPW,857428,PRAV32G,1,852582.0,Control,2020-12-01 14:58:34.336000-05:00,2020-12-01 15:08:40.436000-05:00,1,606.231,606.083,1.1339,True,1.0,True,1,0,0,0,0,False,False,False,79809907
PSAJVPW,857428,PRAV32P,1,,Control,2020-12-01 15:08:51.854000-05:00,2020-12-01 15:12:48.751000-05:00,1,236.897,32.062,1.1338,False,0.0,True,1,0,0,1,1,False,False,False,79822288
PSAJVPW,857428,PRAV32P,1,852597.0,Control,2020-12-01 15:09:24.217000-05:00,2020-12-01 15:12:48.597000-05:00,1,204.534,27.934,((7)^1.1)/10,False,0.0,False,1,0,0,0,0,False,False,True,79822913
PSAJVPW,857428,PRAV32J,1,,Control,2020-12-01 15:12:52.207000-05:00,2020-12-01 15:15:34.343000-05:00,1,162.136,162.121,0.9900,True,1.0,True,1,0,0,1,0,False,False,False,79826547
PSAJVPW,857428,PRAV32K,1,,Control,2020-12-01 15:15:35.593000-05:00,2020-12-01 15:19:24.970000-05:00,1,229.377,229.359,6.6351,True,1.0,True,1,0,0,1,0,False,False,False,79829241
PSAJVPW,857428,PRAV32H,1,,Control,2020-12-01 15:19:28.116000-05:00,2020-12-01 15:21:46.903000-05:00,1,138.787,138.773,1.0353,True,1.0,True,1,0,0,1,0,False,False,False,79832935
PSAJVPW,859188,PRAV3ZU,1,,Nonexperimental,2020-10-29 15:24:50.733000-04:00,2020-10-29 15:25:01.264000-04:00,1,10.531,10.527,WPI,True,1.0,True,1,0,0,0,0,False,False,False,67736923
PSAJVPW,859188,PRAV32G,1,,Control,2020-10-29 15:25:03.290000-04:00,2020-10-29 15:26:20.199000-04:00,1,76.909,76.905,1.1338,True,1.0,True,1,0,0,1,0,False,False,False,67737080
PSAJVPW,859188,PRAV32P,1,,Control,2020-10-29 15:26:21.337000-04:00,2020-10-29 15:26:56.399000-04:00,1,35.062,35.06,.8504,True,1.0,True,1,0,0,1,0,False,False,False,67738084
PSAJVPW,859669,PRAV3ZU,1,,Nonexperimental,2020-10-19 15:24:45.087000-04:00,2020-10-19 15:26:34.816000-04:00,1,109.729,109.725,WPI,True,1.0,True,1,0,0,0,0,False,False,False,62177699
PSAJVPW,859669,PRAVCQH,1,,Treatment,2020-10-19 15:26:38.154000-04:00,2020-10-19 15:57:30.680000-04:00,1,1852.526,1852.521,1.13382,True,1.0,True,1,0,0,1,0,False,False,False,62179594
PSAJVPW,859669,PRAVCQT,1,,Treatment,2020-10-19 15:57:32.805000-04:00,2020-10-19 15:58:00.125000-04:00,1,27.32,27.319,0.85037,True,1.0,True,1,0,0,1,0,False,False,False,62207188
PSAJVPW,863434,PRAV3ZU,1,,Nonexperimental,2020-10-15 15:50:19.115000-04:00,2020-10-23 12:46:48.012000-04:00,2,680188.897,680188.888,Worcester Polytechnic Institute,False,0.0,True,1,0,0,0,0,False,False,False,60855288
PSAJVPW,863434,PRAVCQH,1,,Treatment,2020-10-23 12:46:49.602000-04:00,2020-10-23 12:48:03.227000-04:00,1,73.625,73.617,1.1338,True,1.0,True,1,0,0,1,0,False,False,False,64810446
PSAJVPW,863434,PRAVCQT,1,,Treatment,2020-10-23 12:48:05.667000-04:00,2020-10-23 12:48:34.680000-04:00,1,29.013,29.005,0.8504,True,1.0,True,1,0,0,1,0,False,False,False,64811784
PSAJVPW,863434,PRAVCQJ,1,,Treatment,2020-10-23 12:48:36.002000-04:00,2020-10-23 12:48:55.272000-04:00,1,19.27,19.263,0.9901,True,1.0,True,1,0,0,1,0,False,False,False,64812297
PSAJVPW,863630,PRAV3ZU,1,,Nonexperimental,2020-10-27 16:35:48.730000-04:00,2020-10-27 16:36:12.920000-04:00,1,24.19,24.182,WPI,True,1.0,True,1,0,0,0,0,False,False,False,66450190
PSAJVPW,863630,PRAVCQH,1,,Treatment,2020-10-27 16:36:17.073000-04:00,2020-10-27 16:40:26.805000-04:00,1,249.732,249.727,1.1338,True,1.0,True,1,0,0,1,0,False,False,False,66450505
PSAJVPW,863630,PRAVCQT,1,,Treatment,2020-10-27 16:40:30.507000-04:00,2020-10-27 16:42:50.607000-04:00,1,140.1,140.096,0.8504,True,1.0,True,1,0,0,1,0,False,False,False,66453359
PSAJVPW,866994,PRAV3ZU,1,,Nonexperimental,2020-10-19 14:05:04.683000-04:00,2020-10-19 14:05:24.467000-04:00,1,19.784,19.767,wpi,False,0.0,True,1,0,0,0,0,False,False,False,62072471
PSAJVPW,866994,PRAVCQH,1,,Treatment,2020-10-19 14:05:27.062000-04:00,2020-10-19 14:22:46.505000-04:00,1,1039.443,1039.439,1.1339,True,1.0,True,1,0,0,1,0,False,False,False,62073058
PSAJVPW,866994,PRAVCQT,1,,Treatment,2020-10-19 14:22:48.890000-04:00,2020-10-19 14:23:06.997000-04:00,1,18.107,18.104,0.8504,True,1.0,True,1,0,0,1,0,False,False,False,62100025
PSAJVPW,866994,PRAVCQJ,1,,Treatment,2020-10-19 14:23:08.401000-04:00,2020-10-19 14:23:29.195000-04:00,1,20.794,20.791,0.9901,True,1.0,True,1,0,0,1,0,False,False,False,62100525
PSAJVPW,869663,PRAV3ZU,1,,Nonexperimental,2020-11-21 16:33:18.496000-05:00,2020-11-21 16:33:44.089000-05:00,1,25.593,25.583,WPI,True,1.0,True,1,0,0,0,0,False,False,False,77724487
PSAJVPW,869663,PRAV32G,1,,Control,2020-11-21 16:33:46.680000-05:00,2020-11-21 16:35:12.794000-05:00,1,86.114,43.603,4,False,0.0,True,1,0,0,1,1,False,False,False,77724501
PSAJVPW,869663,PRAV32G,1,852582.0,Control,2020-11-21 16:34:30.616000-05:00,2020-11-21 16:35:12.654000-05:00,1,42.178,42.03,1.1338,True,1.0,True,1,0,0,0,0,False,False,False,77724534
PSAJVPW,869663,PRAV32P,1,,Control,2020-11-21 16:35:25.371000-05:00,2020-11-21 16:35:56.495000-05:00,1,31.124,,,False,0.0,False,0,0,0,1,1,False,False,False,77724585
PSAJVPW,869663,PRAV32P,1,852597.0,Control,2020-11-21 16:35:38.431000-05:00,2020-11-21 16:35:56.329000-05:00,1,18.064,17.893,0.8504,True,1.0,True,1,0,0,0,0,False,False,False,77724591
PSAJVPW,869663,PRAV32J,1,,Control,2020-11-21 16:36:01.156000-05:00,2020-11-21 16:37:36.338000-05:00,1,95.182,78.237,100,False,0.0,True,1,0,0,1,1,False,False,False,77724609
PSAJVPW,869663,PRAV32J,1,852590.0,Control,2020-11-21 16:37:20.087000-05:00,2020-11-21 16:37:36.158000-05:00,1,16.251,16.065,.99,True,1.0,True,1,0,0,0,0,False,False,False,77724659
PSAJVPW,869663,PRAV32K,1,,Control,2020-11-21 16:37:40.696000-05:00,2020-11-21 16:38:06.616000-05:00,1,25.92,,,False,0.0,False,0,0,0,1,1,False,False,False,77724674
PSAJVPW,869663,PRAV32K,1,852593.0,Control,2020-11-21 16:37:55.383000-05:00,2020-11-21 16:38:06.409000-05:00,1,11.233,11.022,6.6351,True,1.0,True,1,0,0,0,0,False,False,False,77724686
PSAJVPW,871039,PRAV3ZU,1,,Nonexperimental,2020-10-16 10:57:01.108000-04:00,2020-10-16 10:57:15.559000-04:00,1,14.451,14.445,WPI,True,1.0,True,1,0,0,0,0,False,False,False,61182187
PSAJVPW,871039,PRAVCQH,1,,Treatment,2020-10-16 10:57:17.360000-04:00,2020-10-16 10:57:41.278000-04:00,1,23.918,23.915,1.1338,True,1.0,True,1,0,0,1,0,False,False,False,61182419
PSAJVPW,871039,PRAVCQT,1,,Treatment,2020-10-16 10:57:42.787000-04:00,2020-10-16 10:57:57.645000-04:00,1,14.858,14.85,0.8504,True,1.0,True,1,0,0,1,0,False,False,False,61182829
PSAJVPW,876380,PRAV3ZU,1,,Nonexperimental,2020-10-26 06:37:24.121000-04:00,2020-10-29 05:02:02.436000-04:00,2,253478.315,253478.305,PRAV3ZU,False,0.0,True,1,0,0,0,0,False,False,False,65171884
PSAJVPW,876380,PRAV32G,1,,Control,2020-10-29 05:02:05.548000-04:00,2020-10-29 05:32:38.291000-04:00,1,1832.743,1351.891,33/55,False,0.0,True,1,0,0,1,1,False,False,False,67290354
PSAJVPW,876380,PRAV32G,1,852582.0,Control,2020-10-29 05:24:38.368000-04:00,2020-10-29 05:32:38.104000-04:00,1,479.923,11.828,3/55,False,0.0,True,3,0,0,0,0,False,False,False,67290626
PSAJVPW,876380,PRAV32P,1,,Control,2020-10-29 05:40:45.164000-04:00,2020-10-29 05:52:04.486000-04:00,2,679.322,679.314,0.85037,True,1.0,True,1,0,0,1,0,False,False,False,67290817
PSAJVPW,876380,PRAV32J,1,,Control,2020-10-29 05:52:12.019000-04:00,2020-10-29 05:52:44.407000-04:00,1,32.388,24.084,1.01005,False,0.0,True,1,0,0,1,1,False,False,False,67291011
PSAJVPW,876380,PRAV32J,1,852590.0,Control,2020-10-29 05:52:36.719000-04:00,2020-10-29 05:52:44.221000-04:00,1,7.688,7.497,0.99,True,1.0,True,1,0,0,0,0,False,False,False,67291013
PSAJVPW,876380,PRAV32K,1,,Control,2020-10-29 05:52:52.567000-04:00,2020-10-29 05:53:34.326000-04:00,1,41.759,41.754,6.63512,True,1.0,True,1,0,0,1,0,False,False,False,67291015
PSAJVPW,876380,PRAV32H,1,,Control,2020-10-29 05:53:37.614000-04:00,2020-10-29 05:53:58.066000-04:00,1,20.452,20.446,1.03526,True,1.0,True,1,0,0,1,0,False,False,False,67291018
PSAJVPW,876380,PRAV32N,1,,Control,2020-10-29 05:54:00.464000-04:00,2020-10-29 05:54:25.855000-04:00,1,25.391,25.384,0.672183,True,1.0,True,1,0,0,1,0,False,False,False,67291021
PSAJVPW,877637,PRAV3ZU,1,,Nonexperimental,2020-10-20 10:55:29.588000-04:00,,1,,,,,,,0,0,0,0,0,False,False,False,62559241
PSAJVPW,878485,PRAV3ZU,1,,Nonexperimental,2020-10-20 13:55:35.964000-04:00,2020-10-20 13:56:31.656000-04:00,1,55.692,55.676,WPI,True,1.0,True,1,0,0,0,0,False,False,False,62813217
PSAJVPW,878485,PRAV32G,1,,Control,2020-10-20 13:56:34.600000-04:00,2020-10-20 13:58:02.035000-04:00,1,87.435,87.432,1.13382,True,1.0,True,1,0,0,1,0,False,False,False,62814731
PSAJVPW,878485,PRAV32P,1,,Control,2020-10-20 13:58:07.237000-04:00,2020-10-20 13:58:46.879000-04:00,1,39.642,25.242,0.850,False,0.0,True,1,0,0,1,1,False,False,False,62817208
PSAJVPW,878485,PRAV32P,1,852597.0,Control,2020-10-20 13:58:32.693000-04:00,2020-10-20 13:58:46.774000-04:00,1,14.186,14.078,0.85037,True,1.0,True,1,0,0,0,0,False,False,False,62818133
PSAJVPW,878485,PRAV32J,1,,Control,2020-10-20 13:58:51.007000-04:00,2020-10-20 13:59:08.151000-04:00,1,17.144,17.142,0.99005,True,1.0,True,1,0,0,1,0,False,False,False,62818359
PSAJVPW,878485,PRAV32K,1,,Control,2020-10-20 13:59:10.401000-04:00,2020-10-20 13:59:35.562000-04:00,1,25.161,25.158,6.63512,True,1.0,True,1,0,0,1,0,False,False,False,62818889
PSAJVPW,878485,PRAV32H,1,,Control,2020-10-20 13:59:37.675000-04:00,2020-10-20 14:02:34.439000-04:00,1,176.764,176.758,1.03526,True,1.0,True,1,0,0,1,0,False,False,False,62819587
PSAJVPW,879589,PRAV3ZU,1,,Nonexperimental,2020-10-29 15:38:44.368000-04:00,2020-10-29 15:39:00.877000-04:00,1,16.509,16.495,WPI,True,1.0,True,1,0,0,0,0,False,False,False,67747840
PSAJVPW,879589,PRAV32G,1,,Control,2020-10-29 15:39:03.861000-04:00,2020-10-29 15:39:40.501000-04:00,1,36.64,36.622,1.1338,True,1.0,True,1,0,0,1,0,False,False,False,67748130
PSAJVPW,879589,PRAV32P,1,,Control,2020-10-29 15:39:42.534000-04:00,2020-10-29 15:40:13.259000-04:00,1,30.725,30.722,.8504,True,1.0,True,1,0,0,1,0,False,False,False,67748668
PSAJVPW,885430,PRAV3ZU,1,,Nonexperimental,2020-11-06 14:16:08.565000-05:00,,1,,,,,,,0,0,0,0,0,False,False,False,71167727
PSAJVPW,887935,PRAV3ZU,1,,Nonexperimental,2020-10-25 22:04:06.198000-04:00,2020-10-25 22:07:16.782000-04:00,1,190.584,190.58,i can see,False,0.0,True,1,0,0,0,0,False,False,False,65154867
PSAJVPW,887935,PRAV32G,1,,Control,2020-10-25 22:07:19.583000-04:00,2020-10-25 22:09:50.293000-04:00,1,150.71,150.705,1.13382,True,1.0,True,1,0,0,1,0,False,False,False,65155195
PSAJVPW,887935,PRAV32P,1,,Control,2020-10-25 22:09:53.813000-04:00,2020-10-25 22:10:16.523000-04:00,1,22.71,22.706,0.85037,True,1.0,True,1,0,0,1,0,False,False,False,65155439
PSAJVPW,887935,PRAV32J,1,,Control,2020-10-25 22:10:17.609000-04:00,2020-10-25 22:10:36.491000-04:00,1,18.882,18.879,0.990005,True,1.0,True,1,0,0,1,0,False,False,False,65155480
