experiment_id,student_id,problem_id,problem_part,scaffold_id,problem_condition,start_time,end_time,session_count,time_on_task,first_response_or_request_time,first_answer,correct,reported_score,answer_before_tutoring,attempt_count,hints_available,hints_given,scaffold_problems_available,scaffold_problems_given,explanation_available,explanation_given,answer_given,assistments_reference_problem_log_id
PSAJ2EE,6310,PRAV3ZU,1,,Nonexperimental,2019-04-15 17:24:39.950000-04:00,2019-04-15 17:24:57.664000-04:00,1,17.714,17.705,Wpi,False,0.666666666666667,True,1,0,0,0,0,False,False,False,351848
PSAJ2EE,6310,PRAV5A2,1,,Control,2019-04-15 17:24:59.420000-04:00,2019-04-15 17:30:25.574000-04:00,1,326.154,326.146,-0.8685,True,1.0,True,1,1,0,0,0,False,False,False,351852
PSAJ2EE,6310,PRAV5BB,1,,Control,2019-04-15 17:30:26.915000-04:00,2019-04-15 17:33:09.165000-04:00,1,162.25,162.24,3.9844,True,1.0,True,1,1,0,0,0,False,False,False,351866
PSAJ2EE,6310,PRAV5A3,1,,Control,2019-04-15 17:33:10.463000-04:00,2019-04-15 17:34:04.508000-04:00,1,54.045,54.04,1.7712,True,1.0,True,1,1,0,0,0,False,False,False,351869
PSAJ2EE,7689,PRAV3ZU,1,,Nonexperimental,2019-04-26 07:31:49.395000-04:00,2019-04-26 07:32:16.490000-04:00,1,27.095,27.092,WPI,True,1.0,True,1,0,0,0,0,False,False,False,399786
PSAJ2EE,7689,PRAVMBQ,1,,Treatment,2019-04-26 07:32:18.037000-04:00,2019-04-26 07:41:24.732000-04:00,1,546.695,,,False,0.0,False,0,0,0,1,1,False,False,False,399788
PSAJ2EE,7689,PRAVMBQ,1,854280.0,Treatment,2019-04-26 07:37:57.096000-04:00,2019-04-26 07:41:24.681000-04:00,1,207.636,187.311,.075,False,0.0,True,1,0,0,1,0,False,False,False,399802
PSAJ2EE,7689,PRAVMBQ,1,854281.0,Treatment,2019-04-26 07:41:04.809000-04:00,2019-04-26 07:41:24.627000-04:00,1,,19.816,-0.8685,True,1.0,True,1,1,0,0,0,False,False,False,399809
PSAJ2EE,7689,PRAV5AQ,1,,Treatment,2019-04-26 07:41:25.005000-04:00,2019-04-26 07:45:04.139000-04:00,1,219.134,112.019,2.261,False,0.0,True,1,0,0,1,1,False,False,False,399810
PSAJ2EE,7689,PRAV5AQ,1,854288.0,Treatment,2019-04-26 07:43:17.154000-04:00,2019-04-26 07:45:04.078000-04:00,1,106.985,,,False,0.0,False,0,0,0,1,0,False,False,False,399813
PSAJ2EE,7689,PRAV5AQ,1,854291.0,Treatment,2019-04-26 07:44:14.610000-04:00,2019-04-26 07:45:04.020000-04:00,1,,,,False,0.0,False,0,0,0,1,0,False,False,False,399814
PSAJ2EE,7689,PRAV5AQ,1,854292.0,Treatment,2019-04-26 07:44:22.405000-04:00,2019-04-26 07:45:03.938000-04:00,1,,41.532,3.9844,True,1.0,True,1,1,0,0,0,False,False,False,399815
PSAJ2EE,7689,PRAVMBR,1,,Treatment,2019-04-26 07:45:04.231000-04:00,2019-04-26 07:45:43.955000-04:00,1,39.724,39.723,1.7712,True,1.0,True,1,0,0,1,0,False,False,False,399816
PSAJ2EE,7689,PRAVMBS,1,,Treatment,2019-04-26 07:45:44.431000-04:00,2019-04-26 07:48:40.272000-04:00,1,175.841,126.897,0.4279,False,0.0,True,1,0,0,1,1,False,False,False,399818
PSAJ2EE,7689,PRAVMBS,1,854284.0,Treatment,2019-04-26 07:47:51.862000-04:00,2019-04-26 07:48:40.226000-04:00,1,48.41,48.363,-1.0528,True,1.0,True,1,0,0,1,0,False,False,False,399819
PSAJ2EE,7689,PRAV5AT,1,,Treatment,2019-04-26 07:48:58.420000-04:00,2019-04-26 07:50:21.185000-04:00,1,82.765,82.764,2.4416,True,1.0,True,1,0,0,1,0,False,False,False,399820
PSAJ2EE,7689,PRAVMBP,1,,Treatment,2019-04-26 07:50:21.741000-04:00,2019-04-26 07:52:10.404000-04:00,1,108.663,44.802,2.9448,False,0.0,True,2,0,0,1,1,False,False,False,399821
PSAJ2EE,7689,PRAVMBP,1,854273.0,Treatment,2019-04-26 07:51:06.673000-04:00,2019-04-26 07:52:10.357000-04:00,1,63.712,,,False,0.0,False,0,0,0,1,0,False,False,False,399822
PSAJ2EE,7689,PRAVMBP,1,854274.0,Treatment,2019-04-26 07:51:50.226000-04:00,2019-04-26 07:52:10.315000-04:00,1,,,,True,1.0,,0,1,0,0,0,False,False,False,399823
PSAJ2EE,7689,PRAVK9U,1,,Treatment,2019-04-26 07:52:14.124000-04:00,2019-04-26 07:53:12.249000-04:00,1,58.125,58.124,10.7042,True,1.0,True,1,1,0,0,0,False,False,False,399824
PSAJ2EE,7689,PRAVK7T,1,,Treatment,2019-04-26 07:53:13.358000-04:00,2019-04-26 07:53:50.578000-04:00,1,37.22,37.219,0.1892,True,1.0,True,1,1,0,0,0,False,False,False,399825
PSAJ2EE,7689,PRAVMAV,1,,Treatment,2019-04-26 07:53:51.023000-04:00,2019-04-26 07:54:56.740000-04:00,1,65.717,65.715,3.0209,True,1.0,True,1,1,0,0,0,False,False,False,399826
PSAJ2EE,91692,PRAV3ZU,1,,Nonexperimental,2020-02-27 20:04:39.626000-05:00,2020-02-27 20:05:06.403000-05:00,1,26.777,26.773,WPI,True,1.0,True,1,0,0,0,0,False,False,False,7801130
PSAJ2EE,91692,PRAV5A2,1,,Control,2020-02-27 20:05:08.643000-05:00,2020-02-27 20:05:26.174000-05:00,1,17.531,17.529,-.8685,True,1.0,True,1,1,0,0,0,False,False,False,7801152
PSAJ2EE,91692,PRAV5BB,1,,Control,2020-02-27 20:05:26.690000-05:00,2020-02-27 20:05:48.414000-05:00,1,21.724,21.723,3.9844,True,1.0,True,1,1,0,0,0,False,False,False,7801164
PSAJ2EE,91693,PRAV3ZU,1,,Nonexperimental,2020-02-14 13:46:36.487000-05:00,2020-02-14 13:47:33.044000-05:00,1,56.557,56.549,WPI,True,1.0,True,1,0,0,0,0,False,False,False,7280666
PSAJ2EE,91693,PRAVMBQ,1,,Treatment,2020-02-14 13:47:34.229000-05:00,2020-02-14 13:48:46.052000-05:00,1,71.823,34.923,-.8684,False,0.0,True,1,0,0,1,1,False,False,False,7280714
PSAJ2EE,91693,PRAVMBQ,1,854280.0,Treatment,2020-02-14 13:48:09.485000-05:00,2020-02-14 13:48:45.888000-05:00,1,36.567,36.399,-.8685,True,1.0,True,1,0,0,1,0,False,False,False,7280751
PSAJ2EE,91693,PRAV5AQ,1,,Treatment,2020-02-14 13:48:47.562000-05:00,2020-02-14 13:49:30.676000-05:00,1,43.114,43.11,3.9844,True,1.0,True,1,0,0,1,0,False,False,False,7280773
PSAJ2EE,91693,PRAVMBR,1,,Treatment,2020-02-14 13:49:31.808000-05:00,2020-02-14 13:49:56.599000-05:00,1,24.791,24.787,1.7712,True,1.0,True,1,0,0,1,0,False,False,False,7280804
PSAJ2EE,91693,PRAVMBS,1,,Treatment,2020-02-14 13:49:57.470000-05:00,2020-02-14 13:50:53.620000-05:00,1,56.15,56.145,-1.0528,True,1.0,True,1,0,0,1,0,False,False,False,7280824
PSAJ2EE,91695,PRAV3ZU,1,,Nonexperimental,2020-02-18 13:21:57.253000-05:00,2020-02-18 13:22:20.337000-05:00,1,23.084,23.074,WPI,True,1.0,True,1,0,0,0,0,False,False,False,7341727
PSAJ2EE,91695,PRAVMBQ,1,,Treatment,2020-02-18 13:22:23.319000-05:00,2020-02-18 13:22:59.981000-05:00,1,36.662,36.653,-0.8685,True,1.0,True,1,0,0,1,0,False,False,False,7341794
PSAJ2EE,91695,PRAV5AQ,1,,Treatment,2020-02-18 13:23:02.193000-05:00,2020-02-18 13:24:43.276000-05:00,1,101.083,,,False,0.0,False,0,0,0,1,1,False,False,False,7341901
PSAJ2EE,91695,PRAV5AQ,1,854288.0,Treatment,2020-02-18 13:23:16.710000-05:00,2020-02-18 13:24:40.313000-05:00,1,86.566,83.596,3.9844,True,1.0,True,1,0,0,1,0,False,False,False,7341929
PSAJ2EE,91695,PRAVMBR,1,,Treatment,2020-02-18 13:24:47.910000-05:00,2020-02-18 13:25:03.687000-05:00,1,15.777,15.771,1.7712,True,1.0,True,1,0,0,1,0,False,False,False,7342184
PSAJ2EE,91695,PRAVMBS,1,,Treatment,2020-02-18 13:25:07.266000-05:00,2020-02-18 13:25:37.051000-05:00,1,29.785,29.78,-1.0528,True,1.0,True,1,0,0,1,0,False,False,False,7342243
PSAJ2EE,91695,PRAV5AT,1,,Treatment,2020-02-18 13:25:40.959000-05:00,2020-02-18 13:26:06.856000-05:00,1,25.897,25.889,2.4416,True,1.0,True,1,0,0,1,0,False,False,False,7342340
PSAJ2EE,91701,PRAV3ZU,1,,Nonexperimental,2020-02-17 13:25:40.968000-05:00,2020-02-17 13:26:05.252000-05:00,1,24.284,24.259,WPI,True,1.0,True,1,0,0,0,0,False,False,False,7302897
PSAJ2EE,91701,PRAVMBQ,1,,Treatment,2020-02-17 13:26:07.528000-05:00,2020-02-17 13:26:46.255000-05:00,1,38.727,38.712,-.8685,True,1.0,True,1,0,0,1,0,False,False,False,7302918
PSAJ2EE,91701,PRAV5AQ,1,,Treatment,2020-02-17 13:26:47.952000-05:00,2020-02-17 13:27:24.411000-05:00,1,36.459,36.447,3.9844,True,1.0,True,1,0,0,1,0,False,False,False,7302945
PSAJ2EE,91704,PRAV3ZU,1,,Nonexperimental,2020-02-14 13:48:39.327000-05:00,2020-02-14 13:48:48.790000-05:00,1,9.463,9.457,WPI,True,1.0,True,1,0,0,0,0,False,False,False,7280764
PSAJ2EE,91704,PRAV5A2,1,,Control,2020-02-14 13:48:50.142000-05:00,2020-02-14 13:51:58.617000-05:00,1,188.475,24.114,-.8684,False,0.0,True,3,1,0,0,0,False,False,True,7280775
PSAJ2EE,91704,PRAV5BB,1,,Control,2020-02-14 13:52:01.132000-05:00,2020-02-14 13:55:21.444000-05:00,1,200.312,84.208,1.9265,False,0.0,True,3,1,1,0,0,False,False,True,7280919
PSAJ2EE,91704,PRAV5A3,1,,Control,2020-02-14 13:55:22.530000-05:00,2020-02-14 13:56:34.816000-05:00,1,72.286,49.166,.5645,False,0.0,True,3,1,0,0,0,False,False,True,7281114
PSAJ2EE,91704,PRAV5A4,1,,Control,2020-02-14 13:56:37.738000-05:00,2020-02-14 13:58:15.733000-05:00,1,97.995,78.283,1,False,0.0,True,2,1,1,0,0,False,False,True,7281213
PSAJ2EE,91704,PRAV5BC,1,,Control,2020-02-14 13:58:16.959000-05:00,2020-02-14 13:59:16.485000-05:00,1,59.526,3.885,1.4649,False,0.0,False,3,1,1,0,0,False,False,True,7281345
PSAJ2EE,91704,PRAV5AZ,1,,Control,2020-02-14 13:59:22.197000-05:00,2020-02-14 14:00:31.573000-05:00,1,69.376,34.982,2.9448,False,0.0,True,2,1,0,0,0,False,False,True,7281420
PSAJ2EE,91704,PRAVK9U,1,,Control,2020-02-14 14:00:32.667000-05:00,2020-02-14 14:01:51.066000-05:00,1,78.399,44.992,9.3421,False,0.0,True,2,1,1,0,0,False,False,True,7281530
PSAJ2EE,91704,PRAVK7T,1,,Control,2020-02-14 14:01:52.156000-05:00,2020-02-14 14:02:12.706000-05:00,1,20.55,20.546,.1893,True,1.0,True,1,1,0,0,0,False,False,False,7281617
PSAJ2EE,91704,PRAVMAV,1,,Control,2020-02-14 14:02:19.906000-05:00,2020-02-14 14:02:58.334000-05:00,1,38.428,38.425,3.0210,True,1.0,True,1,1,0,0,0,False,False,False,7281652
PSAJ2EE,91704,PRAVK8V,1,,Control,2020-02-14 14:02:59.640000-05:00,2020-02-14 14:03:24.147000-05:00,1,24.507,24.505,1.7968,True,1.0,True,1,1,0,0,0,False,False,False,7281696
PSAJ2EE,91705,PRAV3ZU,1,,Nonexperimental,2020-02-14 13:45:41.261000-05:00,2020-02-14 13:45:55.715000-05:00,1,14.454,14.449,WPI,True,1.0,True,1,0,0,0,0,False,False,False,7280622
PSAJ2EE,91705,PRAV5A2,1,,Control,2020-02-14 13:45:56.805000-05:00,2020-02-14 13:47:41.226000-05:00,1,104.421,104.402,-0.8685,True,1.0,True,1,1,0,0,0,False,False,False,7280635
PSAJ2EE,91705,PRAV5BB,1,,Control,2020-02-14 13:47:42.332000-05:00,2020-02-14 13:48:03.826000-05:00,1,21.494,21.49,3.9844,True,1.0,True,1,1,0,0,0,False,False,False,7280725
PSAJ2EE,91707,PRAV3ZU,1,,Nonexperimental,2020-02-14 13:43:42.494000-05:00,2020-02-14 13:44:08.015000-05:00,1,25.521,25.516,WPI,True,1.0,True,1,0,0,0,0,False,False,False,7280530
PSAJ2EE,91707,PRAVMBQ,1,,Treatment,2020-02-14 13:44:09.509000-05:00,2020-02-14 13:46:15.924000-05:00,1,126.415,110.782,-.8684,False,0.0,True,1,0,0,1,1,False,False,False,7280558
PSAJ2EE,91707,PRAVMBQ,1,854280.0,Treatment,2020-02-14 13:46:00.653000-05:00,2020-02-14 13:46:15.754000-05:00,1,15.271,15.097,-.8685,True,1.0,True,1,0,0,1,0,False,False,False,7280639
PSAJ2EE,91707,PRAV5AQ,1,,Treatment,2020-02-14 13:46:18.832000-05:00,2020-02-14 13:47:56.446000-05:00,1,97.614,97.611,3.9844,True,1.0,True,1,0,0,1,0,False,False,False,7280650
PSAJ2EE,91707,PRAVMBR,1,,Treatment,2020-02-14 13:47:57.787000-05:00,2020-02-14 13:48:22.260000-05:00,1,24.473,24.469,1.7712,True,1.0,True,1,0,0,1,0,False,False,False,7280739
PSAJ2EE,91707,PRAVMBS,1,,Treatment,2020-02-14 13:48:23.515000-05:00,2020-02-14 13:48:50.006000-05:00,1,26.491,26.487,-1.0528,True,1.0,True,1,0,0,1,0,False,False,False,7280753
PSAJ2EE,91708,PRAV3ZU,1,,Nonexperimental,2020-02-16 22:12:02.294000-05:00,2020-02-16 22:12:35.315000-05:00,1,33.021,33.014,WPI,True,1.0,True,1,0,0,0,0,False,False,False,7291448
PSAJ2EE,91708,PRAV5A2,1,,Control,2020-02-16 22:12:37.444000-05:00,2020-02-16 22:13:37.561000-05:00,1,60.117,60.115,-.8685,True,1.0,True,1,1,0,0,0,False,False,False,7291451
PSAJ2EE,91708,PRAV5BB,1,,Control,2020-02-16 22:13:38.662000-05:00,2020-02-16 22:21:12.313000-05:00,1,453.651,252.337,3.984,False,0.0,False,2,1,1,0,0,False,False,True,7291455
PSAJ2EE,91708,PRAV5A3,1,,Control,2020-02-16 22:21:13.704000-05:00,2020-02-16 22:21:47.048000-05:00,1,33.344,33.34,1.7712,True,1.0,True,1,1,0,0,0,False,False,False,7291474
PSAJ2EE,91708,PRAV5A4,1,,Control,2020-02-16 22:21:48.165000-05:00,2020-02-16 22:23:31.488000-05:00,1,103.323,103.32,-1.0528,True,1.0,True,1,1,0,0,0,False,False,False,7291476
PSAJ2EE,91708,PRAV5BC,1,,Control,2020-02-16 22:23:33.146000-05:00,2020-02-16 22:24:33.108000-05:00,1,59.962,59.959,2.4416,True,1.0,True,1,1,0,0,0,False,False,False,7291478
PSAJ2EE,91713,PRAV3ZU,1,,Nonexperimental,2020-02-14 13:44:56.491000-05:00,2020-02-14 13:45:02.067000-05:00,1,5.576,5.57,WPI,True,1.0,True,1,0,0,0,0,False,False,False,7280589
PSAJ2EE,91713,PRAV5A2,1,,Control,2020-02-14 13:45:03.534000-05:00,2020-02-14 13:46:22.553000-05:00,1,79.019,78.998,-.8685,True,1.0,True,1,1,0,0,0,False,False,False,7280594
PSAJ2EE,91713,PRAV5BB,1,,Control,2020-02-14 13:46:23.689000-05:00,2020-02-14 13:48:01.158000-05:00,1,97.469,97.466,3.9844,True,1.0,True,1,1,0,0,0,False,False,False,7280656
PSAJ2EE,91715,PRAV3ZU,1,,Nonexperimental,2020-02-14 13:43:40.769000-05:00,2020-02-14 13:44:32.582000-05:00,1,51.813,51.806,WPI,True,1.0,True,1,0,0,0,0,False,False,False,7280527
PSAJ2EE,91715,PRAV5A2,1,,Control,2020-02-14 13:44:33.977000-05:00,2020-02-14 13:46:46.640000-05:00,1,132.663,132.644,-.8685,True,1.0,True,1,1,0,0,0,False,False,False,7280578
PSAJ2EE,91715,PRAV5BB,1,,Control,2020-02-14 13:47:19.537000-05:00,2020-02-14 13:47:47.426000-05:00,1,27.889,27.884,3.9844,True,1.0,True,1,1,0,0,0,False,False,False,7280698
PSAJ2EE,91722,PRAV3ZU,1,,Nonexperimental,2020-02-14 13:51:26.435000-05:00,2020-02-14 13:51:40.052000-05:00,1,13.617,13.612,wpi,False,0.0,True,1,0,0,0,0,False,False,False,7280884
PSAJ2EE,91722,PRAVMBQ,1,,Treatment,2020-02-14 13:51:40.364000-05:00,2020-02-14 13:55:56.592000-05:00,1,256.228,80.654,-.8684,False,0.0,True,1,0,0,1,1,False,False,False,7280901
PSAJ2EE,91722,PRAVMBQ,1,854280.0,Treatment,2020-02-14 13:53:01.377000-05:00,2020-02-14 13:55:56.472000-05:00,1,175.215,38.978,-.8684,False,0.0,True,1,0,0,1,0,False,False,False,7280981
PSAJ2EE,91722,PRAVMBQ,1,854281.0,Treatment,2020-02-14 13:53:40.688000-05:00,2020-02-14 13:55:56.320000-05:00,1,,135.628,-.8685,True,1.0,True,1,1,0,0,0,False,False,False,7281030
PSAJ2EE,91722,PRAV5AQ,1,,Treatment,2020-02-14 13:56:02.867000-05:00,2020-02-14 13:58:25.604000-05:00,1,142.737,142.733,3.9844,True,1.0,True,1,0,0,1,0,False,False,False,7281160
PSAJ2EE,91722,PRAVMBR,1,,Treatment,2020-02-14 13:58:26.739000-05:00,2020-02-14 14:01:25.353000-05:00,1,178.614,178.609,1.7712,True,1.0,True,1,0,0,1,0,False,False,False,7281356
PSAJ2EE,91722,PRAVMBS,1,,Treatment,2020-02-14 14:01:26.614000-05:00,2020-02-14 14:03:09.082000-05:00,1,102.468,102.464,-1.0528,True,1.0,True,1,0,0,1,0,False,False,False,7281587
PSAJ2EE,91773,PRAV3ZU,1,,Nonexperimental,2020-02-14 13:43:52.524000-05:00,2020-02-14 13:44:06.383000-05:00,1,13.859,13.855,WPI,True,1.0,True,1,0,0,0,0,False,False,False,7280544
PSAJ2EE,91773,PRAV5A2,1,,Control,2020-02-14 13:44:07.900000-05:00,2020-02-14 13:46:01.614000-05:00,1,113.714,102.419,-.8684,False,0.333333333333333,True,3,1,0,0,0,False,False,False,7280556
PSAJ2EE,91773,PRAV5BB,1,,Control,2020-02-14 13:46:03.846000-05:00,2020-02-14 13:47:18.680000-05:00,1,74.834,74.831,3.9844,True,1.0,True,1,1,0,0,0,False,False,False,7280643
PSAJ2EE,91773,PRAV5A3,1,,Control,2020-02-14 13:47:19.679000-05:00,2020-02-14 13:47:37.132000-05:00,1,17.453,17.449,1.7712,True,1.0,True,1,1,0,0,0,False,False,False,7280699
PSAJ2EE,91773,PRAV5A4,1,,Control,2020-02-14 13:47:37.540000-05:00,2020-02-14 13:48:39.689000-05:00,1,62.149,62.143,-1.0528,True,1.0,True,1,1,0,0,0,False,False,False,7280721
PSAJ2EE,131871,PRAV3ZU,1,,Nonexperimental,2020-09-21 12:32:22.518000-04:00,2020-09-21 12:33:11.463000-04:00,1,48.945,48.935,worcester polytechnic institute,False,0.0,True,1,0,0,0,0,False,False,False,46332191
PSAJ2EE,131871,PRAV5A2,1,,Control,2020-09-21 12:33:14.911000-04:00,2020-09-21 12:34:16.301000-04:00,1,61.39,38.095,1.5157,False,0.0,True,2,1,0,0,0,False,False,True,46333522
PSAJ2EE,131871,PRAV5BB,1,,Control,2020-09-21 12:34:17.432000-04:00,2020-09-21 12:35:19.191000-04:00,1,61.759,31.982,4/5,False,0.0,True,2,1,1,0,0,False,False,True,46335076
PSAJ2EE,131871,PRAV5A3,1,,Control,2020-09-21 12:35:19.948000-04:00,2020-09-21 12:36:51.865000-04:00,1,91.917,29.357,2187,False,0.0,True,3,1,0,0,0,False,False,True,46336588
PSAJ2EE,131871,PRAV5A4,1,,Control,2020-09-21 12:36:54.332000-04:00,2020-09-21 12:37:59.616000-04:00,1,65.284,42.517,-1.05285,False,0.0,False,1,1,1,0,0,False,False,True,46338935
PSAJ2EE,131871,PRAV5BC,1,,Control,2020-09-21 12:38:01.021000-04:00,2020-09-21 12:39:13.526000-04:00,1,72.505,72.5,2.4416,True,1.0,True,1,1,0,0,0,False,False,False,46340565
PSAJ2EE,131871,PRAV5AZ,1,,Control,2020-09-21 12:39:14.927000-04:00,2020-09-21 12:40:11.660000-04:00,1,56.733,54.178,2.9448,False,0.666666666666667,True,2,1,0,0,0,False,False,False,46342315
PSAJ2EE,131871,PRAVK9U,1,,Control,2020-09-21 12:40:13.335000-04:00,2020-09-21 12:41:37.049000-04:00,1,83.714,45.831,11.4612,False,0.0,True,4,1,1,0,0,False,False,True,46343842
PSAJ2EE,131871,PRAVK7T,1,,Control,2020-09-21 12:41:38.179000-04:00,2020-09-21 12:43:08.385000-04:00,1,90.206,90.203,0.18925,True,1.0,True,1,1,0,0,0,False,False,False,46347673
PSAJ2EE,131871,PRAVMAV,1,,Control,2020-09-21 12:43:10.676000-04:00,2020-09-21 12:44:13.432000-04:00,1,62.756,62.752,3.0209,True,1.0,True,1,1,0,0,0,False,False,False,46348128
PSAJ2EE,131871,PRAVK8V,1,,Control,2020-09-21 12:44:14.979000-04:00,2020-09-21 12:45:25.141000-04:00,1,70.162,51.419,1.7988,False,0.0,True,4,1,0,0,0,False,False,True,46349729
PSAJ2EE,131871,PRAVMAK,1,,Control,2020-09-21 12:45:26.252000-04:00,2020-09-21 12:46:20.929000-04:00,1,54.677,54.673,2.31512,True,1.0,True,1,1,0,0,0,False,False,False,46351544
PSAJ2EE,131871,PRAVK8C,1,,Control,2020-09-21 12:46:22.093000-04:00,2020-09-21 12:47:07.937000-04:00,1,45.844,45.84,1.1017,True,1.0,True,1,1,0,0,0,False,False,False,46353012
PSAJ2EE,185911,PRAV3ZU,1,,Nonexperimental,2020-05-16 22:57:09.968000-04:00,2020-05-16 22:57:51.385000-04:00,1,41.417,41.407,WPI,True,1.0,True,1,0,0,0,0,False,False,False,26708567
PSAJ2EE,185911,PRAV5A2,1,,Control,2020-05-16 22:57:53.781000-04:00,2020-05-16 22:58:58.850000-04:00,1,65.069,65.061,-0.8685,True,1.0,True,1,1,0,0,0,False,False,False,26708585
PSAJ2EE,185911,PRAV5BB,1,,Control,2020-05-16 22:58:59.732000-04:00,2020-05-16 23:00:13.283000-04:00,1,73.551,73.545,3.9844,True,1.0,True,1,1,0,0,0,False,False,False,26708614
PSAJ2EE,198815,PRAV3ZU,1,,Nonexperimental,2020-04-20 15:25:08.686000-04:00,2020-04-20 15:25:40.394000-04:00,1,31.708,31.701,Worcester Polytechnic Institute,False,0.0,True,1,0,0,0,0,False,False,False,16573746
PSAJ2EE,198815,PRAV5A2,1,,Control,2020-04-20 15:25:41.975000-04:00,2020-04-20 15:28:02.359000-04:00,1,140.384,48.039,0.1806,False,0.0,True,4,1,0,0,0,False,False,True,16574170
PSAJ2EE,198815,PRAV5BB,1,,Control,2020-04-21 16:08:13.464000-04:00,2020-04-21 16:10:09.361000-04:00,2,115.897,115.891,3.9844,True,1.0,True,1,1,0,0,0,False,False,False,17262603
PSAJ2EE,198815,PRAV5A3,1,,Control,2020-04-21 16:10:10.169000-04:00,2020-04-21 16:10:52.094000-04:00,1,41.925,41.92,1.7712,True,1.0,True,1,1,0,0,0,False,False,False,17263868
PSAJ2EE,198815,PRAV5A4,1,,Control,2020-04-21 16:10:54.032000-04:00,2020-04-21 16:11:27.293000-04:00,1,33.261,33.258,-1.0528,True,1.0,True,1,1,0,0,0,False,False,False,17264323
PSAJ2EE,199996,PRAV3ZU,1,,Nonexperimental,2020-04-21 14:11:04.178000-04:00,2020-04-21 14:12:15.721000-04:00,1,71.543,71.534,worcester Polytechnic Instiute,False,0.0,True,1,0,0,0,0,False,False,False,17157396
PSAJ2EE,199996,PRAVMBQ,1,,Treatment,2020-04-21 14:12:17.235000-04:00,2020-04-21 14:14:24.431000-04:00,1,127.196,127.19,-0.8685,True,1.0,True,1,0,0,1,0,False,False,False,17158868
PSAJ2EE,199996,PRAV5AQ,1,,Treatment,2020-04-21 14:14:25.694000-04:00,2020-04-21 14:15:02.194000-04:00,1,36.5,36.496,3.9844,True,1.0,True,1,0,0,1,0,False,False,False,17161414
PSAJ2EE,199996,PRAVMBR,1,,Treatment,2020-04-21 14:15:03.402000-04:00,2020-04-21 14:20:13.583000-04:00,1,310.181,310.175,1.7712,True,1.0,True,1,0,0,1,0,False,False,False,17162154
PSAJ2EE,205079,PRAV3ZU,1,,Nonexperimental,2020-04-21 19:52:12.414000-04:00,2020-04-21 19:53:03.444000-04:00,2,51.03,51.024,WPI,True,1.0,True,1,0,0,0,0,False,False,False,17358355
PSAJ2EE,205079,PRAVMBQ,1,,Treatment,2020-04-21 19:53:04.899000-04:00,2020-04-21 19:56:06.587000-04:00,1,181.688,181.683,-.8685,True,1.0,True,1,0,0,1,0,False,False,False,17358566
PSAJ2EE,205079,PRAV5AQ,1,,Treatment,2020-04-21 19:56:07.410000-04:00,2020-04-21 20:00:03.760000-04:00,1,236.35,236.347,3.9844,True,1.0,True,1,0,0,1,0,False,False,False,17359332
PSAJ2EE,213391,PRAV3ZU,1,,Nonexperimental,2020-05-12 21:05:49.038000-04:00,2020-05-12 21:06:17.059000-04:00,1,28.021,28.015,WPI,True,1.0,True,1,0,0,0,0,False,False,False,25456284
PSAJ2EE,213391,PRAV5A2,1,,Control,2020-05-12 21:06:18.051000-04:00,2020-05-12 21:10:50.366000-04:00,1,272.315,77.689,-0.8,False,0.0,True,2,1,0,0,0,False,False,True,25456362
PSAJ2EE,213391,PRAV5BB,1,,Control,2020-05-12 21:10:52.502000-04:00,2020-05-12 21:12:58.834000-04:00,1,126.332,31.155,4,False,0.0,True,2,1,1,0,0,False,False,True,25457088
PSAJ2EE,213391,PRAV5A3,1,,Control,2020-05-12 21:12:59.789000-04:00,2020-05-12 21:14:00.499000-04:00,1,60.71,24.803,3.33984,False,0.0,True,3,1,0,0,0,False,False,True,25457463
PSAJ2EE,213391,PRAV5A4,1,,Control,2020-05-12 21:14:01.733000-04:00,2020-05-13 17:31:28.447000-04:00,2,73046.714,72903.23,0.4285,False,0.0,True,5,1,1,0,0,False,False,True,25457666
PSAJ2EE,213391,PRAV5BC,1,,Control,2020-05-13 17:31:35.870000-04:00,2020-05-13 17:33:42.113000-04:00,1,126.243,38.777,2.7,False,0.0,True,2,1,1,0,0,False,False,True,25864826
PSAJ2EE,213391,PRAV5AZ,1,,Control,2020-05-13 17:33:42.488000-04:00,2020-05-13 17:38:13.701000-04:00,1,271.213,3.11,2.3179,False,0.0,False,2,1,0,0,0,False,False,True,25865656
PSAJ2EE,213391,PRAVK9U,1,,Control,2020-05-13 17:38:15.018000-04:00,2020-05-13 17:41:11.167000-04:00,1,176.149,127.434,11.2,False,0.0,True,2,1,1,0,0,False,False,True,25867311
PSAJ2EE,213391,PRAVK7T,1,,Control,2020-05-13 17:41:11.538000-04:00,2020-05-13 17:45:25.269000-04:00,1,253.731,4.429,.7826,False,0.0,False,2,1,0,0,0,False,False,True,25868345
PSAJ2EE,213391,PRAVMAV,1,,Control,2020-05-13 17:45:25.711000-04:00,2020-05-13 17:45:41.416000-04:00,1,15.705,4.123,3.021,False,0.0,False,1,1,1,0,0,False,False,True,25869812
PSAJ2EE,213391,PRAVK8V,1,,Control,2020-05-13 17:45:41.743000-04:00,2020-05-13 17:59:39.755000-04:00,1,838.012,64.535,1.7969,False,0.0,False,1,1,0,0,0,False,False,True,25869905
PSAJ2EE,213391,PRAVMAK,1,,Control,2020-05-13 17:59:45.453000-04:00,2020-05-13 18:09:40.666000-04:00,1,595.213,578.127,2.315,False,0.0,False,1,1,1,0,0,False,False,True,25875319
PSAJ2EE,213391,PRAVK8C,1,,Control,2020-05-13 18:09:41.682000-04:00,2020-05-13 18:10:50.360000-04:00,1,68.678,68.672,1.1017,True,1.0,True,1,1,0,0,0,False,False,False,25878696
PSAJ2EE,213391,PRAVMAN,1,,Control,2020-05-13 18:10:54.318000-04:00,2020-05-13 18:13:28.905000-04:00,1,154.587,85.901,0.56,False,0.0,True,4,1,1,0,0,False,False,True,25879064
PSAJ2EE,213391,PRAVK8W,1,,Control,2020-05-13 18:13:29.614000-04:00,2020-05-13 18:17:35.307000-04:00,1,245.693,245.687,1.4854,True,1.0,True,1,1,0,0,0,False,False,False,25879876
PSAJ2EE,213391,PRAVK82,1,,Control,2020-05-13 18:17:36.151000-04:00,2020-05-13 18:18:19.474000-04:00,1,43.323,43.317,1.0939,True,1.0,True,1,1,0,0,0,False,False,False,25881282
PSAJ2EE,213391,PRAVK98,1,,Control,2020-05-13 18:18:20.804000-04:00,2020-05-13 18:24:19.763000-04:00,1,358.959,43.297,0.7952,False,0.0,False,2,1,1,0,0,False,False,True,25881522
PSAJ2EE,213391,PRAVK8Z,1,,Control,2020-05-13 18:24:21.787000-04:00,2020-05-13 18:26:18.742000-04:00,1,116.955,51.517,1.1664,False,0.0,False,2,1,0,0,0,False,False,True,25883374
PSAJ2EE,213391,PRAVK88,1,,Control,2020-05-13 18:26:19.553000-04:00,,1,,,,,,,0,1,0,0,0,False,False,False,25883944
PSAJ2EE,246497,PRAV3ZU,1,,Nonexperimental,2020-04-29 19:48:21.253000-04:00,2020-04-29 19:49:09.531000-04:00,1,48.278,48.269,Worcester Polytechnic Institute,False,0.0,True,1,0,0,0,0,False,False,False,20833889
PSAJ2EE,246497,PRAV5A2,1,,Control,2020-04-29 19:49:11.788000-04:00,2020-04-29 19:50:29.161000-04:00,1,77.373,27.753,-0.868,False,0.0,True,4,1,0,0,0,False,False,True,20834136
PSAJ2EE,246497,PRAV5BB,1,,Control,2020-04-29 19:50:31.167000-04:00,2020-04-29 19:51:45.699000-04:00,1,74.532,74.524,3.9844,True,1.0,True,1,1,0,0,0,False,False,False,20834474
PSAJ2EE,246497,PRAV5A3,1,,Control,2020-04-29 19:51:47.936000-04:00,2020-04-29 19:52:19.755000-04:00,1,31.819,31.813,1.7712,True,1.0,True,1,1,0,0,0,False,False,False,20834815
PSAJ2EE,246497,PRAV5A4,1,,Control,2020-04-29 19:52:21.537000-04:00,2020-04-29 19:54:36.484000-04:00,1,134.947,134.94,-1.0528,True,1.0,True,1,1,0,0,0,False,False,False,20834963
PSAJ2EE,484234,PRAV3ZU,1,,Nonexperimental,2020-09-22 23:42:23.716000-04:00,2020-09-23 11:12:58.243000-04:00,2,41434.527,41434.493,worcester polytechnic institute,False,0.0,True,1,0,0,0,0,False,False,False,47880574
PSAJ2EE,484234,PRAV5A2,1,,Control,2020-09-23 11:13:01.212000-04:00,2020-09-23 11:15:16.884000-04:00,1,135.672,24.52,0.868483,False,0.0,True,3,1,0,0,0,False,False,True,48124000
PSAJ2EE,484234,PRAV5BB,1,,Control,2020-09-23 11:15:21.040000-04:00,2020-09-23 11:15:41.651000-04:00,1,20.611,20.601,3.98443,True,1.0,True,1,1,0,0,0,False,False,False,48127737
PSAJ2EE,484234,PRAV5A3,1,,Control,2020-09-23 11:15:43.159000-04:00,2020-09-23 11:16:00.113000-04:00,1,16.954,16.949,1.77124,True,1.0,True,1,1,0,0,0,False,False,False,48128283
PSAJ2EE,484234,PRAV5A4,1,,Control,2020-09-23 11:16:01.597000-04:00,2020-09-23 11:16:39.084000-04:00,1,37.487,22.698,1.05281,False,0.666666666666667,True,2,1,0,0,0,False,False,False,48128744
PSAJ2EE,484234,PRAV5BC,1,,Control,2020-09-23 11:16:40.431000-04:00,2020-09-23 11:17:05.186000-04:00,1,24.755,24.748,2.44162,True,1.0,True,1,1,0,0,0,False,False,False,48129714
PSAJ2EE,484234,PRAV5AZ,1,,Control,2020-09-23 11:17:06.735000-04:00,2020-09-23 11:17:38.201000-04:00,1,31.466,31.444,2.94486,True,1.0,True,1,1,0,0,0,False,False,False,48130379
PSAJ2EE,484234,PRAVK9U,1,,Control,2020-09-23 11:17:39.316000-04:00,2020-09-23 11:17:56.820000-04:00,1,17.504,17.485,10.70415,True,1.0,True,1,1,0,0,0,False,False,False,48131229
PSAJ2EE,484975,PRAV3ZU,1,,Nonexperimental,2020-09-21 12:09:44.421000-04:00,2020-09-21 12:11:31.452000-04:00,1,107.031,107.027,worcester polytechnic instute,False,0.0,True,1,0,0,0,0,False,False,False,46296201
PSAJ2EE,484975,PRAV5A2,1,,Control,2020-09-21 12:11:35.838000-04:00,2020-09-21 12:12:47.912000-04:00,1,72.074,26.248,-0.8684,False,0.0,True,2,1,0,0,0,False,False,True,46299422
PSAJ2EE,484975,PRAV5BB,1,,Control,2020-09-21 12:13:01.999000-04:00,2020-09-21 12:13:29.407000-04:00,1,27.408,27.406,3.9844,True,1.0,True,1,1,0,0,0,False,False,False,46301726
PSAJ2EE,484975,PRAV5A3,1,,Control,2020-09-21 12:13:31.988000-04:00,2020-09-21 12:13:51.736000-04:00,1,19.748,19.746,1.7712,True,1.0,True,1,1,0,0,0,False,False,False,46302573
PSAJ2EE,484975,PRAV5A4,1,,Control,2020-09-21 12:13:53.682000-04:00,2020-09-21 12:14:14.106000-04:00,1,20.424,20.422,-1.0528,True,1.0,True,1,1,0,0,0,False,False,False,46303184
PSAJ2EE,795834,PRAV3ZU,1,,Nonexperimental,2020-10-11 15:54:40.322000-04:00,2020-10-11 15:55:21.657000-04:00,1,41.335,41.329,WPI,True,1.0,True,1,0,0,0,0,False,False,False,58378364
PSAJ2EE,795834,PRAVMBQ,1,,Treatment,2020-10-11 15:55:25.537000-04:00,2020-10-11 20:33:13.448000-04:00,2,16667.911,16667.906,-.8685,True,1.0,True,1,0,0,1,0,False,False,False,58378428
PSAJ2EE,795834,PRAV5AQ,1,,Treatment,2020-10-11 20:33:15.188000-04:00,2020-10-11 20:39:00.245000-04:00,1,345.057,7.068,3.985,False,0.0,True,1,0,0,1,1,False,False,False,58403747
PSAJ2EE,795834,PRAV5AQ,1,854288.0,Treatment,2020-10-11 20:33:22.526000-04:00,2020-10-11 20:39:00.149000-04:00,1,337.719,14.344,1.7712,False,0.0,True,1,0,0,1,0,False,False,False,58403759
PSAJ2EE,795834,PRAV5AQ,1,854291.0,Treatment,2020-10-11 20:33:37.183000-04:00,2020-10-11 20:39:00.018000-04:00,1,,93.487,4,False,0.0,True,1,0,0,1,0,False,False,False,58403794
PSAJ2EE,795834,PRAV5AQ,1,854292.0,Treatment,2020-10-11 20:35:11.002000-04:00,2020-10-11 20:38:59.848000-04:00,1,,23.1,4,False,0.0,True,4,1,0,0,0,False,False,False,58403989
PSAJ2EE,795834,PRAVMBR,1,,Treatment,2020-10-11 20:39:28.611000-04:00,2020-10-11 20:39:42.672000-04:00,1,14.061,14.058,1.7712,True,1.0,True,1,0,0,1,0,False,False,False,58404462
PSAJ2EE,795834,PRAVMBS,1,,Treatment,2020-10-11 20:39:44.469000-04:00,2020-10-11 20:39:56.548000-04:00,1,12.079,12.077,-1.0528,True,1.0,True,1,0,0,1,0,False,False,False,58404492
PSAJ2EE,795834,PRAV5AT,1,,Treatment,2020-10-11 20:39:57.951000-04:00,2020-10-11 20:40:04.309000-04:00,1,6.358,6.355,2.4416,True,1.0,True,1,0,0,1,0,False,False,False,58404521
PSAJ2EE,796262,PRAV3ZU,1,,Nonexperimental,2020-10-11 13:56:18.900000-04:00,2020-10-11 13:56:49.640000-04:00,1,30.74,30.735,WPI,True,1.0,True,1,0,0,0,0,False,False,False,58369302
PSAJ2EE,796262,PRAVMBQ,1,,Treatment,2020-10-11 13:56:52.244000-04:00,2020-10-11 14:06:04.210000-04:00,1,551.966,427.25,0.1806,False,0.0,True,1,0,0,1,1,False,False,False,58369347
PSAJ2EE,796262,PRAVMBQ,1,854280.0,Treatment,2020-10-11 14:03:59.895000-04:00,2020-10-11 14:06:04.070000-04:00,1,124.315,,,False,0.0,False,0,0,0,1,0,False,False,False,58369874
PSAJ2EE,796262,PRAVMBQ,1,854281.0,Treatment,2020-10-11 14:04:47.365000-04:00,2020-10-11 14:06:03.884000-04:00,1,,76.513,-0.8685,True,1.0,True,1,1,0,0,0,False,False,False,58369935
PSAJ2EE,796262,PRAV5AQ,1,,Treatment,2020-10-11 14:06:22.329000-04:00,2020-10-11 14:09:31.996000-04:00,1,189.667,38.267,4,False,0.0,True,1,0,0,1,1,False,False,False,58370077
PSAJ2EE,796262,PRAV5AQ,1,854288.0,Treatment,2020-10-11 14:07:00.987000-04:00,2020-10-11 14:09:31.857000-04:00,1,151.009,,,False,0.0,False,0,0,0,1,0,False,False,False,58370114
PSAJ2EE,796262,PRAV5AQ,1,854291.0,Treatment,2020-10-11 14:07:35.933000-04:00,2020-10-11 14:09:31.663000-04:00,1,,,,False,0.0,False,0,0,0,1,0,False,False,False,58370152
PSAJ2EE,796262,PRAV5AQ,1,854292.0,Treatment,2020-10-11 14:08:22.626000-04:00,2020-10-11 14:09:31.374000-04:00,1,,68.745,3.9844,True,1.0,True,1,1,0,0,0,False,False,False,58370205
PSAJ2EE,796262,PRAVMBR,1,,Treatment,2020-10-11 14:09:41.075000-04:00,2020-10-11 14:15:34.515000-04:00,1,353.44,98.675,0.5645,False,0.0,True,1,0,0,1,1,False,False,False,58370297
PSAJ2EE,796262,PRAVMBR,1,854282.0,Treatment,2020-10-11 14:11:20.264000-04:00,2020-10-11 14:15:34.347000-04:00,1,254.251,,,False,0.0,False,0,0,0,1,0,False,False,False,58370404
PSAJ2EE,796262,PRAVMBR,1,854283.0,Treatment,2020-10-11 14:11:52.333000-04:00,2020-10-11 14:15:34.145000-04:00,1,,221.809,1.7712,True,1.0,True,1,1,0,0,0,False,False,False,58370439
PSAJ2EE,796262,PRAVMBS,1,,Treatment,2020-10-11 14:17:19.157000-04:00,2020-10-11 14:29:48.167000-04:00,1,749.01,749.007,-1.0528,True,1.0,True,1,0,0,1,0,False,False,False,58370828
PSAJ2EE,796262,PRAV5AT,1,,Treatment,2020-10-11 14:29:51.953000-04:00,2020-10-11 14:31:22.923000-04:00,1,90.97,90.968,2.4416,True,1.0,True,1,0,0,1,0,False,False,False,58371746
PSAJ2EE,796262,PRAVMBP,1,,Treatment,2020-10-11 14:31:46.197000-04:00,2020-10-11 17:40:12.048000-04:00,1,11305.851,11106.372,2.9448,False,0.0,True,1,0,0,1,1,False,False,False,58371892
PSAJ2EE,796262,PRAVMBP,1,854273.0,Treatment,2020-10-11 17:36:53.571000-04:00,2020-10-11 17:40:11.834000-04:00,1,198.477,198.26,2.94485,True,1.0,True,1,0,0,1,0,False,False,False,58387253
PSAJ2EE,796262,PRAVK9U,1,,Treatment,2020-10-11 17:41:09.569000-04:00,2020-10-11 17:41:55.527000-04:00,1,45.958,45.955,10.7041,True,1.0,True,1,1,0,0,0,False,False,False,58387617
PSAJ2EE,796262,PRAVK7T,1,,Treatment,2020-10-11 17:42:00.374000-04:00,2020-10-11 17:45:38.740000-04:00,1,218.366,218.361,0.1892,True,1.0,True,1,1,0,0,0,False,False,False,58387697
PSAJ2EE,796262,PRAVMAV,1,,Treatment,2020-10-11 17:45:40.699000-04:00,2020-10-11 17:48:08.259000-04:00,1,147.56,147.557,3.0209,True,1.0,True,1,1,0,0,0,False,False,False,58388030
PSAJ2EE,796472,PRAV3ZU,1,,Nonexperimental,2020-10-09 09:21:55.157000-04:00,2020-10-12 16:25:46.511000-04:00,2,284631.354,284631.348,worcester polytechnic,False,0.0,True,1,0,0,0,0,False,False,False,57871482
PSAJ2EE,796472,PRAVMBQ,1,,Treatment,2020-10-12 16:25:48.404000-04:00,2020-10-12 16:31:53.634000-04:00,1,365.23,114.431,0.8684,False,0.0,True,1,0,0,1,1,False,False,False,58763801
PSAJ2EE,796472,PRAVMBQ,1,854280.0,Treatment,2020-10-12 16:27:43.131000-04:00,2020-10-12 16:31:53.530000-04:00,1,250.503,39.844,0.8684,False,0.0,True,1,0,0,1,0,False,False,False,58764738
PSAJ2EE,796472,PRAVMBQ,1,854281.0,Treatment,2020-10-12 16:28:23.235000-04:00,2020-10-12 16:31:53.415000-04:00,1,,100.479,0.868483,False,0.0,True,3,1,0,0,0,False,False,False,58765137
PSAJ2EE,796472,PRAV5AQ,1,,Treatment,2020-10-12 16:31:56.943000-04:00,2020-10-12 16:33:21.805000-04:00,1,84.862,45.419,-3.9844,False,0.0,True,1,0,0,1,1,False,False,False,58767074
PSAJ2EE,796472,PRAV5AQ,1,854288.0,Treatment,2020-10-12 16:32:42.663000-04:00,2020-10-12 16:33:21.695000-04:00,1,39.142,39.029,3.9844,True,1.0,True,1,0,0,1,0,False,False,False,58767451
PSAJ2EE,796472,PRAVMBR,1,,Treatment,2020-10-12 16:33:26.344000-04:00,,1,35.937,22.362,0.8450,False,0.666666666666667,True,1,0,0,1,1,False,False,False,58767824
PSAJ2EE,796472,PRAVMBR,1,854282.0,Treatment,2020-10-12 16:33:49.161000-04:00,,1,13.12,12.815,-0.8450,False,0.0,True,1,0,0,1,0,False,False,False,58768022
PSAJ2EE,796472,PRAVMBR,1,854283.0,Treatment,2020-10-12 16:34:02.281000-04:00,,1,,,,,,,0,1,0,0,0,False,False,False,58768128
PSAJ2EE,796539,PRAV3ZU,1,,Nonexperimental,2020-10-08 10:09:43.118000-04:00,2020-10-08 10:09:58.209000-04:00,1,15.091,15.086,Yes,False,0.0,True,1,0,0,0,0,False,False,False,57181752
PSAJ2EE,796539,PRAVMBQ,1,,Treatment,2020-10-08 10:09:59.942000-04:00,2020-10-08 10:12:02.060000-04:00,1,122.118,122.113,-0.8685,True,1.0,True,1,0,0,1,0,False,False,False,57182097
PSAJ2EE,796539,PRAV5AQ,1,,Treatment,2020-10-08 10:12:03.045000-04:00,2020-10-08 10:12:33.404000-04:00,1,30.359,30.357,3.9845,True,1.0,True,1,0,0,1,0,False,False,False,57184516
PSAJ2EE,796539,PRAVMBR,1,,Treatment,2020-10-08 10:12:35.120000-04:00,2020-10-08 10:13:06.622000-04:00,1,31.502,31.498,1.7712,True,1.0,True,1,0,0,1,0,False,False,False,57185151
PSAJ2EE,796663,PRAV3ZU,1,,Nonexperimental,2020-10-09 11:56:05.243000-04:00,2020-10-09 11:57:06.232000-04:00,1,60.989,60.982,WPI,True,1.0,True,1,0,0,0,0,False,False,False,58018525
PSAJ2EE,796663,PRAV5A2,1,,Control,2020-10-09 11:57:09.541000-04:00,2020-10-09 11:59:57.130000-04:00,1,167.589,86.85,-0.8684,False,0.0,True,2,1,0,0,0,False,False,True,58019666
PSAJ2EE,796663,PRAV5BB,1,,Control,2020-10-09 11:59:59.274000-04:00,2020-10-09 12:00:38.672000-04:00,1,39.398,39.395,3.9844,True,1.0,True,1,1,0,0,0,False,False,False,58022770
PSAJ2EE,796663,PRAV5A3,1,,Control,2020-10-09 12:00:42.613000-04:00,2020-10-09 12:01:13.980000-04:00,1,31.367,31.364,1.7712,True,1.0,True,1,1,0,0,0,False,False,False,58023474
PSAJ2EE,796663,PRAV5A4,1,,Control,2020-10-09 12:01:16.030000-04:00,2020-10-09 12:02:12.027000-04:00,1,55.997,34.776,-1.0528,False,0.0,False,1,1,1,0,0,False,False,True,58024016
PSAJ2EE,796663,PRAV5BC,1,,Control,2020-10-09 12:02:13.167000-04:00,2020-10-09 12:02:41.526000-04:00,1,28.359,28.356,2.4416,True,1.0,True,1,1,0,0,0,False,False,False,58024938
PSAJ2EE,796663,PRAV5AZ,1,,Control,2020-10-09 12:02:42.736000-04:00,2020-10-09 12:04:32.475000-04:00,1,109.739,35.292,2.9448,False,0.0,True,2,1,0,0,0,False,False,True,58025409
PSAJ2EE,796663,PRAVK9U,1,,Control,2020-10-09 12:04:34.468000-04:00,2020-10-09 12:05:02.349000-04:00,1,27.881,27.878,10.7041,True,1.0,True,1,1,0,0,0,False,False,False,58027270
PSAJ2EE,796663,PRAVK7T,1,,Control,2020-10-09 12:05:03.783000-04:00,2020-10-09 12:05:55.362000-04:00,1,51.579,51.577,0.1892,True,1.0,True,1,1,0,0,0,False,False,False,58027721
PSAJ2EE,796663,PRAVMAV,1,,Control,2020-10-09 12:05:57.174000-04:00,2020-10-09 12:06:14.392000-04:00,1,17.218,17.216,3.0209,True,1.0,True,1,1,0,0,0,False,False,False,58028621
PSAJ2EE,797053,PRAV3ZU,1,,Nonexperimental,2020-10-08 11:15:13.611000-04:00,2020-10-08 11:15:53.107000-04:00,2,39.496,30.572,WPI,True,1.0,True,1,0,0,0,0,False,False,False,57265909
PSAJ2EE,797053,PRAVMBQ,1,,Treatment,2020-10-08 11:27:23.881000-04:00,2020-10-08 11:29:46.359000-04:00,2,142.478,69.019,-8684,False,0.0,True,1,0,0,1,1,False,False,False,57282203
PSAJ2EE,797053,PRAVMBQ,1,854280.0,Treatment,2020-10-08 11:28:33.218000-04:00,2020-10-08 11:29:46.273000-04:00,1,73.141,25.317,-0.8684,False,0.0,True,1,0,0,1,0,False,False,False,57283924
PSAJ2EE,797053,PRAVMBQ,1,854281.0,Treatment,2020-10-08 11:28:58.943000-04:00,2020-10-08 11:29:46.139000-04:00,1,,20.633,-0.8685,False,0.0,False,1,1,0,0,0,False,False,False,57284576
PSAJ2EE,797053,PRAV5AQ,1,,Treatment,2020-10-08 11:29:53.447000-04:00,2020-10-08 11:30:26.254000-04:00,1,32.807,32.801,3.9844,True,1.0,True,1,0,0,1,0,False,False,False,57285860
PSAJ2EE,797053,PRAVMBR,1,,Treatment,2020-10-08 11:30:27.498000-04:00,2020-10-08 11:31:08.340000-04:00,1,40.842,40.839,1.7712,True,1.0,True,1,0,0,1,0,False,False,False,57286635
PSAJ2EE,797053,PRAVMBS,1,,Treatment,2020-10-08 11:31:09.371000-04:00,2020-10-08 11:31:38.337000-04:00,1,28.966,28.959,-1.0528,True,1.0,True,1,0,0,1,0,False,False,False,57287839
PSAJ2EE,797966,PRAV3ZU,1,,Nonexperimental,2020-10-08 21:21:48.353000-04:00,2020-10-11 22:14:36.128000-04:00,2,262367.775,262367.764,WPI,True,1.0,True,1,0,0,0,0,False,False,False,57785193
PSAJ2EE,797966,PRAV5A2,1,,Control,2020-10-11 22:14:41.409000-04:00,2020-10-11 22:15:33.794000-04:00,1,52.385,52.379,-0.86848,True,1.0,True,1,1,0,0,0,False,False,False,58413638
PSAJ2EE,797966,PRAV5BB,1,,Control,2020-10-11 22:15:35.933000-04:00,2020-10-11 22:16:07.875000-04:00,1,31.942,31.937,3.98443,True,1.0,True,1,1,0,0,0,False,False,False,58413723
PSAJ2EE,799238,PRAV3ZU,1,,Nonexperimental,2020-10-13 14:13:02.569000-04:00,2020-10-13 14:13:49.218000-04:00,1,46.649,46.643,WPI,True,1.0,True,1,0,0,0,0,False,False,False,59312126
PSAJ2EE,799238,PRAV5A2,1,,Control,2020-10-13 14:13:52.839000-04:00,2020-10-13 14:16:47.769000-04:00,1,174.93,164.591,-0.8684,False,0.666666666666667,True,2,1,0,0,0,False,False,False,59313458
PSAJ2EE,799238,PRAV5BB,1,,Control,2020-10-13 14:16:49.563000-04:00,2020-10-13 14:17:13.743000-04:00,1,24.18,24.177,3.9844,True,1.0,True,1,1,0,0,0,False,False,False,59317988
PSAJ2EE,799238,PRAV5A3,1,,Control,2020-10-13 14:17:15.760000-04:00,2020-10-13 14:18:09.030000-04:00,1,53.27,53.267,1.7712,True,1.0,True,1,1,0,0,0,False,False,False,59318685
PSAJ2EE,799238,PRAV5A4,1,,Control,2020-10-13 14:18:11.168000-04:00,2020-10-13 14:18:43.425000-04:00,1,32.257,32.254,-1.0528,True,1.0,True,1,1,0,0,0,False,False,False,59320165
PSAJ2EE,799257,PRAV3ZU,1,,Nonexperimental,2020-10-08 21:16:20.678000-04:00,2020-10-08 21:17:14.525000-04:00,1,53.847,53.838,WPI,True,1.0,True,1,0,0,0,0,False,False,False,57783696
PSAJ2EE,799257,PRAV5A2,1,,Control,2020-10-08 21:17:16.533000-04:00,2020-10-08 21:19:26.323000-04:00,1,129.79,84.811,0.8684,False,0.0,True,4,1,0,0,0,False,False,True,57783938
PSAJ2EE,799257,PRAV5BB,1,,Control,2020-10-08 21:20:06.678000-04:00,2020-10-08 21:20:47.984000-04:00,1,41.306,41.301,3.9844,True,1.0,True,1,1,0,0,0,False,False,False,57784743
PSAJ2EE,799257,PRAV5A3,1,,Control,2020-10-08 21:20:49.540000-04:00,2020-10-08 21:22:05.851000-04:00,1,76.311,76.306,1.7712,True,1.0,True,1,1,0,0,0,False,False,False,57784928
PSAJ2EE,799257,PRAV5A4,1,,Control,2020-10-08 21:22:07.409000-04:00,2020-10-08 21:22:51.294000-04:00,1,43.885,43.88,-1.0528,True,1.0,True,1,1,0,0,0,False,False,False,57785283
PSAJ2EE,799432,PRAV3ZU,1,,Nonexperimental,2020-11-03 15:24:43.578000-05:00,2020-11-03 15:28:17.111000-05:00,1,213.533,213.517,Worcester Polytechnic Institute,False,0.0,True,1,0,0,0,0,False,False,False,69353948
PSAJ2EE,799432,PRAVMBQ,1,,Treatment,2020-11-03 15:28:21.299000-05:00,2020-11-05 23:37:51.832000-05:00,3,202170.533,,,False,0.0,False,0,0,0,1,1,False,False,False,69356394
PSAJ2EE,799432,PRAVMBQ,1,854280.0,Treatment,2020-11-03 15:41:07.331000-05:00,2020-11-05 23:37:51.789000-05:00,3,201404.501,774.216,0.8685,False,0.0,False,2,0,0,1,0,False,False,False,69364623
PSAJ2EE,799432,PRAVMBQ,1,854281.0,Treatment,2020-11-03 15:41:50.672000-05:00,2020-11-05 23:37:51.730000-05:00,1,,69.214,,False,0.0,False,0,1,0,0,0,False,False,False,69365077
PSAJ2EE,799432,PRAV5AQ,1,,Treatment,2020-11-05 23:39:48.486000-05:00,2020-11-05 23:41:19.486000-05:00,2,91.0,90.996,3.98442993,True,1.0,True,1,0,0,1,0,False,False,False,70819742
PSAJ2EE,799432,PRAVMBR,1,,Treatment,2020-11-05 23:41:20.805000-05:00,2020-11-05 23:42:13.565000-05:00,1,52.76,52.753,1.77124,True,1.0,True,1,0,0,1,0,False,False,False,70819942
PSAJ2EE,799432,PRAVMBS,1,,Treatment,2020-11-05 23:42:14.828000-05:00,2020-11-05 23:43:09.022000-05:00,1,54.194,54.191,-1.0528,True,1.0,True,1,0,0,1,0,False,False,False,70820061
PSAJ2EE,799510,PRAV3ZU,1,,Nonexperimental,2020-10-11 00:41:37.380000-04:00,2020-10-11 00:42:22.154000-04:00,1,44.774,44.77,WPI,True,1.0,True,1,0,0,0,0,False,False,False,58353874
PSAJ2EE,799510,PRAV5A2,1,,Control,2020-10-11 00:42:25.870000-04:00,2020-10-11 00:43:37.698000-04:00,1,71.828,71.81,-0.868483,True,1.0,True,1,1,0,0,0,False,False,False,58353882
PSAJ2EE,799510,PRAV5BB,1,,Control,2020-10-11 00:43:39.308000-04:00,2020-10-11 00:44:46.263000-04:00,1,66.955,66.945,3.98443,True,1.0,True,1,1,0,0,0,False,False,False,58353895
PSAJ2EE,799516,PRAV3ZU,1,,Nonexperimental,2020-10-11 22:57:25.933000-04:00,2020-10-11 22:58:00.343000-04:00,1,34.41,34.405,WPI,True,1.0,True,1,0,0,0,0,False,False,False,58417283
PSAJ2EE,799516,PRAVMBQ,1,,Treatment,2020-10-11 22:58:03.575000-04:00,2020-10-11 23:01:05.483000-04:00,1,181.908,45.191,.8685,False,0.0,True,1,0,0,1,1,False,False,False,58417329
PSAJ2EE,799516,PRAVMBQ,1,854280.0,Treatment,2020-10-11 22:58:49.129000-04:00,2020-10-11 23:01:05.391000-04:00,1,136.354,,,False,0.0,False,0,0,0,1,0,False,False,False,58417394
PSAJ2EE,799516,PRAVMBQ,1,854281.0,Treatment,2020-10-11 22:59:38.050000-04:00,2020-10-11 23:01:05.280000-04:00,1,,6.029,-.8685,False,0.0,False,1,1,0,0,0,False,False,True,58417460
PSAJ2EE,799516,PRAV5AQ,1,,Treatment,2020-10-11 23:01:15.744000-04:00,2020-10-11 23:02:27.952000-04:00,1,72.208,72.205,3.9845,True,1.0,True,1,0,0,1,0,False,False,False,58417576
PSAJ2EE,799516,PRAVMBR,1,,Treatment,2020-10-11 23:02:30.565000-04:00,2020-10-11 23:03:43.638000-04:00,1,73.073,73.07,1.7712,True,1.0,True,1,0,0,1,0,False,False,False,58417671
PSAJ2EE,799516,PRAVMBS,1,,Treatment,2020-10-11 23:03:45.394000-04:00,2020-10-11 23:04:04.381000-04:00,1,18.987,18.983,-1.0529,True,1.0,True,1,0,0,1,0,False,False,False,58417748
PSAJ2EE,799550,PRAV3ZU,1,,Nonexperimental,2020-10-11 16:29:15.232000-04:00,2020-10-11 16:29:54.247000-04:00,1,39.015,39.007,WPI,True,1.0,True,1,0,0,0,0,False,False,False,58381235
PSAJ2EE,799550,PRAVMBQ,1,,Treatment,2020-10-11 16:29:57.345000-04:00,2020-10-11 16:31:41.008000-04:00,1,103.663,48.687,0.8684,False,0.0,True,1,0,0,1,1,False,False,False,58381295
PSAJ2EE,799550,PRAVMBQ,1,854280.0,Treatment,2020-10-11 16:30:46.930000-04:00,2020-10-11 16:31:40.838000-04:00,1,54.078,21.656,.8685,False,0.0,True,1,0,0,1,0,False,False,False,58381372
PSAJ2EE,799550,PRAVMBQ,1,854281.0,Treatment,2020-10-11 16:31:09.065000-04:00,2020-10-11 16:31:40.529000-04:00,1,,19.727,0.8685,False,0.0,True,2,1,0,0,0,False,False,False,58381410
PSAJ2EE,799550,PRAV5AQ,1,,Treatment,2020-10-11 16:31:47.171000-04:00,2020-10-11 16:32:46.400000-04:00,1,59.229,59.226,3.9844,True,1.0,True,1,0,0,1,0,False,False,False,58381464
PSAJ2EE,799550,PRAVMBR,1,,Treatment,2020-10-11 16:32:47.670000-04:00,2020-10-11 16:33:07.748000-04:00,1,20.078,20.073,1.7713,True,1.0,True,1,0,0,1,0,False,False,False,58381536
PSAJ2EE,799550,PRAVMBS,1,,Treatment,2020-10-11 16:33:09.165000-04:00,2020-10-11 16:34:04.527000-04:00,1,55.362,45.033,-1.0530,False,0.0,True,1,0,0,1,1,False,False,False,58381555
PSAJ2EE,799550,PRAVMBS,1,854284.0,Treatment,2020-10-11 16:33:55.130000-04:00,2020-10-11 16:34:04.245000-04:00,1,9.397,9.113,-1.0528,True,1.0,True,1,0,0,1,0,False,False,False,58381618
PSAJ2EE,799550,PRAV5AT,1,,Treatment,2020-10-11 16:34:07.030000-04:00,2020-10-11 16:34:39.930000-04:00,1,32.9,32.896,2.4416,True,1.0,True,1,0,0,1,0,False,False,False,58381635
PSAJ2EE,799550,PRAVMBP,1,,Treatment,2020-10-11 16:34:41.173000-04:00,2020-10-11 16:36:26.715000-04:00,1,105.542,67.752,2.9448,False,0.0,True,1,0,0,1,1,False,False,False,58381684
PSAJ2EE,799550,PRAVMBP,1,854273.0,Treatment,2020-10-11 16:35:49.532000-04:00,2020-10-11 16:36:26.489000-04:00,1,37.183,36.954,2.9449,True,1.0,True,1,0,0,1,0,False,False,False,58381792
PSAJ2EE,799550,PRAVK9U,1,,Treatment,2020-10-11 16:36:29.116000-04:00,2020-10-11 16:37:03.313000-04:00,1,34.197,28.018,10.7014,False,0.666666666666667,True,2,1,0,0,0,False,False,False,58381857
PSAJ2EE,799550,PRAVK7T,1,,Treatment,2020-10-11 16:37:04.753000-04:00,2020-10-11 16:37:50.021000-04:00,1,45.268,35.292,0.1902,False,0.666666666666667,True,2,1,0,0,0,False,False,False,58381914
PSAJ2EE,799550,PRAVMAV,1,,Treatment,2020-10-11 16:37:51.452000-04:00,2020-10-11 16:38:15.473000-04:00,1,24.021,24.018,3.0209,True,1.0,True,1,1,0,0,0,False,False,False,58381980
PSAJ2EE,799550,PRAVK8V,1,,Treatment,2020-10-11 16:38:18.403000-04:00,2020-10-11 16:38:34.737000-04:00,1,16.334,16.332,1.7968,True,1.0,True,1,1,0,0,0,False,False,False,58382018
PSAJ2EE,799550,PRAVMAK,1,,Treatment,2020-10-11 16:38:35.932000-04:00,2020-10-11 16:38:48.344000-04:00,1,12.412,12.408,2.3151,True,1.0,True,1,1,0,0,0,False,False,False,58382039
PSAJ2EE,799557,PRAV3ZU,1,,Nonexperimental,2020-10-08 14:54:08.386000-04:00,2020-10-08 14:58:46.547000-04:00,1,278.161,278.136,WPI,True,1.0,True,1,0,0,0,0,False,False,False,57564629
PSAJ2EE,799557,PRAVMBQ,1,,Treatment,2020-10-08 14:58:49.364000-04:00,2020-10-08 15:06:24.096000-04:00,1,454.732,454.724,-0.8685,True,1.0,True,1,0,0,1,0,False,False,False,57571056
PSAJ2EE,799557,PRAV5AQ,1,,Treatment,2020-10-08 15:06:26.964000-04:00,2020-10-08 15:16:33.854000-04:00,1,606.89,375.207,0.7969,False,0.0,True,1,0,0,1,1,False,False,False,57580695
PSAJ2EE,799557,PRAV5AQ,1,854288.0,Treatment,2020-10-08 15:12:42.666000-04:00,2020-10-08 15:16:33.707000-04:00,1,231.188,29.466,0.7969,False,0.0,True,1,0,0,1,0,False,False,False,57588171
PSAJ2EE,799557,PRAV5AQ,1,854291.0,Treatment,2020-10-08 15:13:12.522000-04:00,2020-10-08 15:16:33.535000-04:00,1,,11.604,0.7968,False,0.0,True,1,0,0,1,0,False,False,False,57588709
PSAJ2EE,799557,PRAV5AQ,1,854292.0,Treatment,2020-10-08 15:13:24.550000-04:00,2020-10-08 15:16:33.200000-04:00,1,,188.643,3.9845,True,1.0,True,1,1,0,0,0,False,False,False,57588911
PSAJ2EE,799557,PRAVMBR,1,,Treatment,2020-10-08 15:17:36.015000-04:00,,2,,,,,,,0,0,0,1,0,False,False,False,57593593
PSAJ2EE,799580,PRAV3ZU,1,,Nonexperimental,2020-10-09 15:09:58.764000-04:00,2020-10-09 15:11:02.041000-04:00,1,63.277,63.266,WGF,False,0.0,True,1,0,0,0,0,False,False,False,58206131
PSAJ2EE,799580,PRAVMBQ,1,,Treatment,2020-10-09 15:11:04.778000-04:00,2020-10-09 15:17:36.404000-04:00,1,391.626,391.622,-0.8685,True,1.0,True,1,0,0,1,0,False,False,False,58206884
PSAJ2EE,799580,PRAV5AQ,1,,Treatment,2020-10-09 15:17:42.290000-04:00,2020-10-09 15:23:03.445000-04:00,1,321.155,321.151,3.9846,True,1.0,True,1,0,0,1,0,False,False,False,58211232
PSAJ2EE,799580,PRAVMBR,1,,Treatment,2020-10-09 15:23:05.728000-04:00,2020-10-09 15:25:29.296000-04:00,1,143.568,143.562,1.7713,True,1.0,True,1,0,0,1,0,False,False,False,58214607
PSAJ2EE,800088,PRAV3ZU,1,,Nonexperimental,2020-10-19 18:41:25.063000-04:00,2020-10-19 18:42:36.400000-04:00,1,71.337,71.329,worcester polytechnic institute,False,0.0,True,1,0,0,0,0,False,False,False,62303957
PSAJ2EE,800088,PRAVMBQ,1,,Treatment,2020-10-19 18:42:38.560000-04:00,2020-10-19 18:44:45.686000-04:00,1,127.126,47.93,0.868483,False,0.0,True,1,0,0,1,1,False,False,False,62304370
PSAJ2EE,800088,PRAVMBQ,1,854280.0,Treatment,2020-10-19 18:43:26.812000-04:00,2020-10-19 18:44:45.581000-04:00,1,78.874,78.766,-0.868483,True,1.0,True,1,0,0,1,0,False,False,False,62304672
PSAJ2EE,800088,PRAV5AQ,1,,Treatment,2020-10-19 18:45:15.368000-04:00,2020-10-19 18:47:21.477000-04:00,1,126.109,63.114,12/5,False,0.0,True,1,0,0,1,1,False,False,False,62305328
PSAJ2EE,800088,PRAV5AQ,1,854288.0,Treatment,2020-10-19 18:46:18.799000-04:00,2020-10-19 18:47:21.367000-04:00,1,62.678,62.565,3.98443,True,1.0,True,1,0,0,1,0,False,False,False,62305757
PSAJ2EE,800088,PRAVMBR,1,,Treatment,2020-10-19 18:47:33.693000-04:00,2020-10-19 18:48:12.806000-04:00,1,39.113,39.111,1.77124,True,1.0,True,1,0,0,1,0,False,False,False,62306300
PSAJ2EE,800088,PRAVMBS,1,,Treatment,2020-10-19 18:48:16.203000-04:00,2020-10-19 18:49:55.737000-04:00,1,99.534,71.401,1.05281,False,0.0,True,1,0,0,1,1,False,False,False,62306606
PSAJ2EE,800088,PRAVMBS,1,854284.0,Treatment,2020-10-19 18:49:27.932000-04:00,2020-10-19 18:49:55.594000-04:00,1,27.805,27.658,-1.05281,True,1.0,True,1,0,0,1,0,False,False,False,62307168
PSAJ2EE,800088,PRAV5AT,1,,Treatment,2020-10-19 18:49:58.300000-04:00,2020-10-19 18:50:24.442000-04:00,1,26.142,26.14,2.44162,True,1.0,True,1,0,0,1,0,False,False,False,62307390
PSAJ2EE,800088,PRAVMBP,1,,Treatment,2020-10-19 18:50:28.054000-04:00,2020-10-19 18:51:29.699000-04:00,1,61.645,30.586,770,False,0.0,True,1,0,0,1,1,False,False,False,62307624
PSAJ2EE,800088,PRAVMBP,1,854273.0,Treatment,2020-10-19 18:50:59.021000-04:00,2020-10-19 18:51:29.561000-04:00,1,30.678,30.538,2.94486,True,1.0,True,1,0,0,1,0,False,False,False,62307855
PSAJ2EE,800088,PRAVK9U,1,,Treatment,2020-10-19 18:51:33.084000-04:00,2020-10-19 18:52:10.180000-04:00,1,37.096,37.091,10.70415,True,1.0,True,1,1,0,0,0,False,False,False,62308147
PSAJ2EE,800088,PRAVK7T,1,,Treatment,2020-10-19 18:52:12.365000-04:00,2020-10-19 18:52:54.346000-04:00,1,41.981,41.978,0.189256,True,1.0,True,1,1,0,0,0,False,False,False,62308449
PSAJ2EE,800088,PRAVMAV,1,,Treatment,2020-10-19 18:52:56.938000-04:00,2020-10-19 18:53:45.562000-04:00,1,48.624,48.622,3.02096,True,1.0,True,1,1,0,0,0,False,False,False,62308751
PSAJ2EE,800381,PRAV3ZU,1,,Nonexperimental,2020-10-09 16:01:03.552000-04:00,2020-10-09 16:45:23.629000-04:00,1,2660.077,2660.069,WPI,True,1.0,True,1,0,0,0,0,False,False,False,58234734
PSAJ2EE,800381,PRAV5A2,1,,Control,2020-10-09 16:45:26.216000-04:00,2020-10-11 15:38:28.311000-04:00,2,168782.095,168782.08,-0.8685,True,1.0,True,1,1,0,0,0,False,False,False,58251917
PSAJ2EE,800381,PRAV5BB,1,,Control,2020-10-11 15:38:30.493000-04:00,2020-10-11 15:39:58.730000-04:00,1,88.237,88.231,3.9845,True,1.0,True,1,1,0,0,0,False,False,False,58377179
PSAJ2EE,800424,PRAV3ZU,1,,Nonexperimental,2020-10-12 02:00:35.739000-04:00,2020-10-12 02:01:29.533000-04:00,1,53.794,53.791,WPI,True,1.0,True,1,0,0,0,0,False,False,False,58426084
PSAJ2EE,800424,PRAV5A2,1,,Control,2020-10-12 02:01:33.255000-04:00,2020-10-12 02:02:09.920000-04:00,1,36.665,36.662,-.8685,True,1.0,True,1,1,0,0,0,False,False,False,58426096
PSAJ2EE,800424,PRAV5BB,1,,Control,2020-10-12 02:02:11.329000-04:00,2020-10-12 02:03:33.140000-04:00,1,81.811,40.147,-1.4650,False,0.333333333333333,True,2,1,0,0,0,False,False,False,58426102
PSAJ2EE,800424,PRAV5A3,1,,Control,2020-10-12 02:03:34.144000-04:00,2020-10-12 02:03:53.669000-04:00,1,19.525,19.521,1.7712,True,1.0,True,1,1,0,0,0,False,False,False,58426127
PSAJ2EE,800424,PRAV5A4,1,,Control,2020-10-12 02:03:54.536000-04:00,2020-10-12 02:04:40.177000-04:00,1,45.641,45.639,-1.0528,True,1.0,True,1,1,0,0,0,False,False,False,58426131
PSAJ2EE,800424,PRAV5BC,1,,Control,2020-10-12 02:04:41.263000-04:00,2020-10-12 02:05:14.843000-04:00,1,33.58,33.578,2.4416,True,1.0,True,1,1,0,0,0,False,False,False,58426137
PSAJ2EE,802001,PRAV3ZU,1,,Nonexperimental,2020-10-11 18:44:16.083000-04:00,2020-10-11 18:46:24.324000-04:00,2,128.241,128.238,WPI,True,1.0,True,1,0,0,0,0,False,False,False,58393302
PSAJ2EE,802001,PRAVMBQ,1,,Treatment,2020-10-11 18:46:26.274000-04:00,2020-10-11 18:58:29.831000-04:00,1,723.557,633.367,0.8685,False,0.0,False,3,0,0,1,1,False,False,False,58393492
PSAJ2EE,802001,PRAVMBQ,1,854280.0,Treatment,2020-10-11 18:52:11.675000-04:00,2020-10-11 18:58:29.784000-04:00,1,288.013,,,True,1.0,,0,0,0,1,0,False,False,False,58393900
PSAJ2EE,802001,PRAV5AQ,1,,Treatment,2020-10-11 18:58:32.316000-04:00,2020-10-12 19:35:36.635000-04:00,4,88624.319,5623.531,3.985,False,0.0,False,3,0,0,1,1,False,False,False,58394354
PSAJ2EE,802001,PRAV5AQ,1,854288.0,Treatment,2020-10-11 18:59:00.467000-04:00,2020-10-12 19:35:36.524000-04:00,1,5660.466,88531.082,0.7969,False,0.0,True,2,0,0,1,0,False,False,False,58394386
PSAJ2EE,802001,PRAV5AQ,1,854291.0,Treatment,2020-10-12 19:34:32.050000-04:00,2020-10-12 19:35:36.446000-04:00,1,,,,True,1.0,,0,0,0,1,0,False,False,False,58836334
PSAJ2EE,802001,PRAVMBR,1,,Treatment,2020-10-12 19:35:53.353000-04:00,2020-10-12 19:41:16.359000-04:00,1,323.006,148.273,0.4032,False,0.0,True,1,0,0,1,1,False,False,False,58836724
PSAJ2EE,802001,PRAVMBR,1,854282.0,Treatment,2020-10-12 19:38:21.917000-04:00,2020-10-12 19:41:16.291000-04:00,1,174.442,119.702,0.5646,False,0.0,True,1,0,0,1,0,False,False,False,58837478
PSAJ2EE,802001,PRAVMBR,1,854283.0,Treatment,2020-10-12 19:40:21.930000-04:00,2020-10-12 19:41:16.161000-04:00,1,,54.228,1.7712,True,1.0,True,1,1,0,0,0,False,False,False,58838031
PSAJ2EE,802001,PRAVMBS,1,,Treatment,2020-10-12 19:41:34.776000-04:00,,1,335.514,290.026,1.7898,False,0.666666666666667,True,1,0,0,1,1,False,False,False,58838393
PSAJ2EE,802001,PRAVMBS,1,854284.0,Treatment,2020-10-12 19:46:25.035000-04:00,,1,45.255,45.009,-1.7898,False,0.0,True,1,0,0,1,0,False,False,False,58839761
PSAJ2EE,802001,PRAVMBS,1,854285.0,Treatment,2020-10-12 19:47:10.290000-04:00,,1,,,,,,,0,0,0,1,0,False,False,False,58839978
PSAJ2EE,802544,PRAV3ZU,1,,Nonexperimental,2020-10-11 08:28:18.284000-04:00,2020-10-11 08:29:01.859000-04:00,1,43.575,43.572,WPI,True,1.0,True,1,0,0,0,0,False,False,False,58356153
PSAJ2EE,802544,PRAVMBQ,1,,Treatment,2020-10-11 08:29:07.890000-04:00,2020-10-11 08:35:14.991000-04:00,1,367.101,95.481,0.1806,False,0.0,True,1,0,0,1,1,False,False,False,58356163
PSAJ2EE,802544,PRAVMBQ,1,854280.0,Treatment,2020-10-11 08:30:43.590000-04:00,2020-10-11 08:35:14.911000-04:00,1,271.401,205.827,0.8684,False,0.0,True,1,0,0,1,0,False,False,False,58356177
PSAJ2EE,802544,PRAVMBQ,1,854281.0,Treatment,2020-10-11 08:34:09.725000-04:00,2020-10-11 08:35:14.842000-04:00,1,,65.111,-0.8685,True,1.0,True,1,1,0,0,0,False,False,False,58356209
PSAJ2EE,802544,PRAV5AQ,1,,Treatment,2020-10-11 08:36:01.580000-04:00,2020-10-11 08:36:37.191000-04:00,2,35.611,35.609,3.9844,True,1.0,True,1,0,0,1,0,False,False,False,58356226
PSAJ2EE,802544,PRAVMBR,1,,Treatment,2020-10-11 08:36:39.857000-04:00,2020-10-11 08:37:00.375000-04:00,1,20.518,20.515,1.7712,True,1.0,True,1,0,0,1,0,False,False,False,58356232
PSAJ2EE,802544,PRAVMBS,1,,Treatment,2020-10-11 08:37:01.798000-04:00,2020-10-11 08:37:33.194000-04:00,1,31.396,31.394,-1.0528,True,1.0,True,1,0,0,1,0,False,False,False,58356233
PSAJ2EE,804238,PRAV3ZU,1,,Nonexperimental,2020-10-11 23:55:50.154000-04:00,2020-10-11 23:56:19.217000-04:00,1,29.063,29.036,WPI,True,1.0,True,1,0,0,0,0,False,False,False,58421362
PSAJ2EE,804238,PRAV5A2,1,,Control,2020-10-11 23:56:26.313000-04:00,,1,258.867,204.513,0.6601,False,0.0,True,3,1,0,0,0,False,False,False,58421405
PSAJ2EE,806694,PRAV3ZU,1,,Nonexperimental,2020-10-08 14:59:32.393000-04:00,2020-10-08 15:00:28.097000-04:00,1,55.704,55.696,WPI,True,1.0,True,1,0,0,0,0,False,False,False,57572118
PSAJ2EE,806694,PRAVMBQ,1,,Treatment,2020-10-08 15:00:30.666000-04:00,2020-10-08 15:18:27.337000-04:00,1,1076.671,398.758,6,False,0.0,True,1,0,0,1,1,False,False,False,57573224
PSAJ2EE,806694,PRAVMBQ,1,854280.0,Treatment,2020-10-08 15:07:09.918000-04:00,2020-10-08 15:18:27.113000-04:00,1,677.419,323.466,0.7969,False,0.0,True,2,0,0,1,0,False,False,False,57581599
PSAJ2EE,806694,PRAVMBQ,1,854281.0,Treatment,2020-10-08 15:12:34.091000-04:00,2020-10-08 15:18:26.865000-04:00,1,,279.966,0.868483,False,0.0,True,4,1,0,0,0,False,False,False,57588008
PSAJ2EE,806694,PRAV5AQ,1,,Treatment,2020-10-08 15:18:31.926000-04:00,2020-10-08 15:18:52.399000-04:00,1,20.473,20.467,3.98443,True,1.0,True,1,0,0,1,0,False,False,False,57594571
PSAJ2EE,806694,PRAVMBR,1,,Treatment,2020-10-08 15:18:53.974000-04:00,2020-10-08 15:19:14.242000-04:00,1,20.268,20.261,1.77124,True,1.0,True,1,0,0,1,0,False,False,False,57594976
PSAJ2EE,806694,PRAVMBS,1,,Treatment,2020-10-08 15:19:16.580000-04:00,2020-10-08 15:19:36.613000-04:00,1,20.033,20.027,-1.05281,True,1.0,True,1,0,0,1,0,False,False,False,57595367
PSAJ2EE,807019,PRAV3ZU,1,,Nonexperimental,2020-10-11 14:57:16.218000-04:00,2020-10-11 14:58:20.161000-04:00,1,63.943,63.932,WPI,True,1.0,True,1,0,0,0,0,False,False,False,58373913
PSAJ2EE,807019,PRAVMBQ,1,,Treatment,2020-10-11 14:58:23.592000-04:00,2020-10-11 15:01:31.880000-04:00,1,188.288,,,False,0.0,False,0,0,0,1,1,False,False,False,58374015
PSAJ2EE,807019,PRAVMBQ,1,854280.0,Treatment,2020-10-11 14:59:35.689000-04:00,2020-10-11 15:01:31.572000-04:00,1,116.191,50.743,-0.8684,False,0.0,True,1,0,0,1,0,False,False,False,58374141
PSAJ2EE,807019,PRAVMBQ,1,854281.0,Treatment,2020-10-11 15:00:27.171000-04:00,2020-10-11 15:01:31.094000-04:00,1,,63.914,-0.8685,True,1.0,True,1,1,0,0,0,False,False,False,58374215
PSAJ2EE,807019,PRAV5AQ,1,,Treatment,2020-10-11 15:02:09.984000-04:00,2020-10-11 15:02:56.415000-04:00,1,46.431,46.426,3.9844,True,1.0,True,1,0,0,1,0,False,False,False,58374356
PSAJ2EE,807019,PRAVMBR,1,,Treatment,2020-10-11 15:02:57.932000-04:00,2020-10-11 15:03:15.209000-04:00,1,17.277,17.271,1.7712,True,1.0,True,1,0,0,1,0,False,False,False,58374432
PSAJ2EE,807019,PRAVMBS,1,,Treatment,2020-10-11 15:03:16.576000-04:00,2020-10-11 15:03:45.596000-04:00,1,29.02,29.015,-1.0528,True,1.0,True,1,0,0,1,0,False,False,False,58374453
PSAJ2EE,807125,PRAV3ZU,1,,Nonexperimental,2020-10-09 16:09:27.357000-04:00,2020-10-09 16:10:08.090000-04:00,1,40.733,40.73,WPI,True,1.0,True,1,0,0,0,0,False,False,False,58238370
PSAJ2EE,807125,PRAVMBQ,1,,Treatment,2020-10-09 16:10:12.600000-04:00,2020-10-09 16:13:09.718000-04:00,1,177.118,150.489,0.8685,False,0.0,True,2,0,0,1,1,False,False,False,58238688
PSAJ2EE,807125,PRAVMBQ,1,854280.0,Treatment,2020-10-09 16:12:43.253000-04:00,2020-10-09 16:13:09.675000-04:00,1,26.447,,,True,1.0,,0,0,0,1,0,False,False,False,58239752
PSAJ2EE,807125,PRAV5AQ,1,,Treatment,2020-10-09 16:14:13.202000-04:00,2020-10-09 16:14:30.674000-04:00,1,17.472,17.47,3.9844,True,1.0,True,1,0,0,1,0,False,False,False,58240387
PSAJ2EE,807125,PRAVMBR,1,,Treatment,2020-10-09 16:14:31.757000-04:00,2020-10-09 16:14:57.887000-04:00,1,26.13,26.129,1.7712,True,1.0,True,1,0,0,1,0,False,False,False,58240516
PSAJ2EE,807125,PRAVMBS,1,,Treatment,2020-10-09 16:14:59.011000-04:00,2020-10-09 16:15:16.217000-04:00,1,17.206,17.205,-1.0528,True,1.0,True,1,0,0,1,0,False,False,False,58240703
PSAJ2EE,807239,PRAV3ZU,1,,Nonexperimental,2020-10-29 22:27:50.673000-04:00,2020-10-29 22:28:04.867000-04:00,1,14.194,14.18,WPI,True,1.0,True,1,0,0,0,0,False,False,False,67907665
PSAJ2EE,807239,PRAVMBQ,1,,Treatment,2020-10-29 22:28:06.510000-04:00,2020-11-04 16:47:15.872000-05:00,2,501549.362,501549.356,-0.8685,True,1.0,True,1,0,0,1,0,False,False,False,67907712
PSAJ2EE,807239,PRAV5AQ,1,,Treatment,2020-11-04 16:47:17.375000-05:00,2020-11-04 16:47:31.143000-05:00,1,13.768,13.76,3.9844,True,1.0,True,1,0,0,1,0,False,False,False,70028501
PSAJ2EE,808212,PRAV3ZU,1,,Nonexperimental,2020-10-11 20:47:39.655000-04:00,2020-10-11 20:48:55.078000-04:00,1,75.423,75.417,Worcester,False,0.0,True,1,0,0,0,0,False,False,False,58405370
PSAJ2EE,808212,PRAVMBQ,1,,Treatment,2020-10-11 20:48:58.227000-04:00,2020-10-11 23:10:31.814000-04:00,2,8493.587,8485.205,-0.8684,False,0.0,True,2,0,0,1,1,False,False,False,58405519
PSAJ2EE,808212,PRAVMBQ,1,854280.0,Treatment,2020-10-11 23:10:23.699000-04:00,2020-10-11 23:10:31.785000-04:00,1,8.089,,,True,1.0,,0,0,0,1,0,False,False,False,58418168
PSAJ2EE,808212,PRAV5AQ,1,,Treatment,2020-10-11 23:10:32.873000-04:00,2020-10-11 23:11:23.833000-04:00,1,50.96,50.949,3.9844,True,1.0,True,1,0,0,1,0,False,False,False,58418180
PSAJ2EE,808212,PRAVMBR,1,,Treatment,2020-10-11 23:11:24.789000-04:00,2020-10-11 23:11:56.186000-04:00,1,31.397,31.386,1.7712,True,1.0,True,1,0,0,1,0,False,False,False,58418235
PSAJ2EE,808212,PRAVMBS,1,,Treatment,2020-10-11 23:11:57-04:00,2020-10-11 23:19:45.316000-04:00,1,468.316,468.304,-1.0528,True,1.0,True,1,0,0,1,0,False,False,False,58418275
PSAJ2EE,817859,PRAV3ZU,1,,Nonexperimental,2020-10-09 16:22:55.097000-04:00,2020-11-04 16:56:18.445000-05:00,2,2252003.348,2252003.337,WPI,True,1.0,True,1,0,0,0,0,False,False,False,58243787
PSAJ2EE,817859,PRAVMBQ,1,,Treatment,2020-11-04 16:56:21.205000-05:00,2020-11-04 16:56:39.220000-05:00,1,18.015,18.012,-0.8685,True,1.0,True,1,0,0,1,0,False,False,False,70033495
PSAJ2EE,817859,PRAV5AQ,1,,Treatment,2020-11-04 16:56:40.698000-05:00,2020-11-04 16:56:54.003000-05:00,1,13.305,13.299,3.9844,True,1.0,True,1,0,0,1,0,False,False,False,70033673
PSAJ2EE,821528,PRAV3ZU,1,,Nonexperimental,2020-10-09 15:54:21.147000-04:00,2020-10-09 15:56:55.073000-04:00,1,153.926,153.906,WPI,True,1.0,True,1,0,0,0,0,False,False,False,58231699
PSAJ2EE,821528,PRAV5A2,1,,Control,2020-10-09 15:56:58.983000-04:00,2020-10-09 16:02:01.213000-04:00,1,302.23,302.207,-.8685,True,1.0,True,1,1,0,0,0,False,False,False,58232892
PSAJ2EE,821528,PRAV5BB,1,,Control,2020-10-09 16:02:04.608000-04:00,2020-10-09 16:08:35.594000-04:00,1,390.986,87.401,3.985,False,0.333333333333333,True,3,1,0,0,0,False,False,False,58235153
PSAJ2EE,821528,PRAV5A3,1,,Control,2020-10-09 16:08:37.595000-04:00,2020-10-09 16:10:15.461000-04:00,1,97.866,97.844,1.7712,True,1.0,True,1,1,0,0,0,False,False,False,58238009
PSAJ2EE,821528,PRAV5A4,1,,Control,2020-10-09 16:10:16.967000-04:00,2020-10-09 16:12:41.873000-04:00,1,144.906,144.888,-1.0528,True,1.0,True,1,1,0,0,0,False,False,False,58238719
PSAJ2EE,821528,PRAV5BC,1,,Control,2020-10-09 16:12:43.698000-04:00,2020-10-09 16:14:07.613000-04:00,1,83.915,83.897,2.4416,True,1.0,True,1,1,0,0,0,False,False,False,58239759
PSAJ2EE,832239,PRAV3ZU,1,,Nonexperimental,2020-10-08 00:35:55.873000-04:00,2020-10-11 19:46:03.552000-04:00,2,328207.679,328207.673,WPI,True,1.0,True,1,0,0,0,0,False,False,False,57074163
PSAJ2EE,832239,PRAV5A2,1,,Control,2020-10-11 19:46:05.738000-04:00,2020-10-11 19:47:05.490000-04:00,1,59.752,59.737,-.8685,True,1.0,True,1,1,0,0,0,False,False,False,58398594
PSAJ2EE,832239,PRAV5BB,1,,Control,2020-10-11 19:47:06.912000-04:00,2020-10-11 19:48:33.521000-04:00,1,86.609,24.274,3.895,False,0.0,False,3,1,1,0,0,False,False,True,58398690
PSAJ2EE,832239,PRAV5A3,1,,Control,2020-10-11 19:48:34.418000-04:00,2020-10-11 19:48:45.182000-04:00,1,10.764,10.758,1.7712,True,1.0,True,1,1,0,0,0,False,False,False,58398850
PSAJ2EE,832239,PRAV5A4,1,,Control,2020-10-11 19:48:46.026000-04:00,2020-10-11 19:49:01.641000-04:00,1,15.615,15.613,-1.0528,True,1.0,True,1,1,0,0,0,False,False,False,58398874
PSAJ2EE,832239,PRAV5BC,1,,Control,2020-10-11 19:49:02.635000-04:00,2020-10-11 19:49:20.103000-04:00,1,17.468,17.458,2.4416,True,1.0,True,1,1,0,0,0,False,False,False,58398913
PSAJ2EE,832241,PRAV3ZU,1,,Nonexperimental,2020-10-10 00:06:24.927000-04:00,2020-10-10 00:07:08.096000-04:00,1,43.169,43.164,WPI,True,1.0,True,1,0,0,0,0,False,False,False,58309426
PSAJ2EE,832241,PRAVMBQ,1,,Treatment,2020-10-10 00:07:10.224000-04:00,2020-10-10 00:11:14.087000-04:00,1,243.863,133.449,0.8684,False,0.0,True,1,0,0,1,1,False,False,False,58309452
PSAJ2EE,832241,PRAVMBQ,1,854280.0,Treatment,2020-10-10 00:09:24.104000-04:00,2020-10-10 00:11:13.953000-04:00,1,109.983,29.7,-0.8684,False,0.0,True,1,0,0,1,0,False,False,False,58309517
PSAJ2EE,832241,PRAVMBQ,1,854281.0,Treatment,2020-10-10 00:09:54.076000-04:00,2020-10-10 00:11:13.843000-04:00,1,,16.452,-0.868,False,0.0,True,3,1,0,0,0,False,False,False,58309537
PSAJ2EE,832241,PRAV5AQ,1,,Treatment,2020-10-10 00:11:29.731000-04:00,2020-10-10 00:13:27.492000-04:00,1,117.761,102.034,3.984,False,0.0,True,1,0,0,1,1,False,False,False,58309595
PSAJ2EE,832241,PRAV5AQ,1,854288.0,Treatment,2020-10-10 00:13:12.197000-04:00,2020-10-10 00:13:27.376000-04:00,1,15.295,15.176,3.9844,True,1.0,True,1,0,0,1,0,False,False,False,58309664
PSAJ2EE,832241,PRAVMBR,1,,Treatment,2020-10-10 00:14:42.506000-04:00,2020-10-10 00:15:31.295000-04:00,1,48.789,40.02,1.771,False,0.0,True,1,0,0,1,1,False,False,False,58309728
PSAJ2EE,832241,PRAVMBR,1,854282.0,Treatment,2020-10-10 00:15:23.013000-04:00,2020-10-10 00:15:31.178000-04:00,1,8.282,8.16,1.7712,True,1.0,True,1,0,0,1,0,False,False,False,58309754
PSAJ2EE,832241,PRAVMBS,1,,Treatment,2020-10-10 00:15:43.551000-04:00,2020-10-10 00:16:32.673000-04:00,1,49.122,49.108,-1.0528,True,1.0,True,1,0,0,1,0,False,False,False,58309765
PSAJ2EE,832241,PRAV5AT,1,,Treatment,2020-10-10 00:16:34.865000-04:00,2020-10-10 00:17:21.334000-04:00,1,46.469,46.455,2.4416,True,1.0,True,1,0,0,1,0,False,False,False,58309802
PSAJ2EE,832241,PRAVMBP,1,,Treatment,2020-10-10 00:17:27.874000-04:00,2020-10-10 00:20:49.617000-04:00,1,201.743,50.852,2.9448,False,0.0,True,1,0,0,1,1,False,False,False,58309853
PSAJ2EE,832241,PRAVMBP,1,854273.0,Treatment,2020-10-10 00:18:19.179000-04:00,2020-10-10 00:20:49.441000-04:00,1,150.438,120.068,2.944,False,0.0,True,1,0,0,1,0,False,False,False,58309884
PSAJ2EE,832241,PRAVMBP,1,854274.0,Treatment,2020-10-10 00:20:19.803000-04:00,2020-10-10 00:20:49.248000-04:00,1,,2.336,2.9449,False,0.0,False,1,1,0,0,0,False,False,True,58309971
PSAJ2EE,832241,PRAVK9U,1,,Treatment,2020-10-10 00:20:57.273000-04:00,2020-10-10 00:21:43.664000-04:00,1,46.391,46.378,10.704,True,1.0,True,1,1,0,0,0,False,False,False,58309989
PSAJ2EE,832241,PRAVK7T,1,,Treatment,2020-10-10 00:21:44.582000-04:00,2020-10-10 00:22:13.489000-04:00,1,28.907,28.891,0.1892,True,1.0,True,1,1,0,0,0,False,False,False,58310009
PSAJ2EE,832241,PRAVMAV,1,,Treatment,2020-10-10 00:22:14.303000-04:00,2020-10-10 00:22:53.017000-04:00,1,38.714,38.7,3.0209,True,1.0,True,1,1,0,0,0,False,False,False,58310040
PSAJ2EE,848381,PRAV3ZU,1,,Nonexperimental,2020-10-12 07:06:46.368000-04:00,2020-10-18 19:35:15.509000-04:00,2,563309.141,563309.135,yes,False,0.0,True,1,0,0,0,0,False,False,False,58428824
PSAJ2EE,848381,PRAVMBQ,1,,Treatment,2020-10-18 19:35:18.221000-04:00,2020-10-18 19:37:46.787000-04:00,1,148.566,89.421,-0.868,False,0.0,True,1,0,0,1,1,False,False,False,61650980
PSAJ2EE,848381,PRAVMBQ,1,854280.0,Treatment,2020-10-18 19:36:48.365000-04:00,2020-10-18 19:37:46.691000-04:00,1,58.422,,,False,0.0,False,0,0,0,1,0,False,False,False,61651227
PSAJ2EE,848381,PRAVMBQ,1,854281.0,Treatment,2020-10-18 19:37:17.788000-04:00,2020-10-18 19:37:46.583000-04:00,1,,28.793,-0.8685,True,1.0,True,1,1,0,0,0,False,False,False,61651277
PSAJ2EE,848381,PRAV5AQ,1,,Treatment,2020-10-18 19:37:52.023000-04:00,,1,51.261,47.561,4,False,0.666666666666667,True,1,0,0,1,1,False,False,False,61651400
PSAJ2EE,848381,PRAV5AQ,1,854288.0,Treatment,2020-10-18 19:38:40.249000-04:00,,1,3.035,,,,,False,0,0,0,1,0,False,False,False,61651510
PSAJ2EE,848381,PRAV5AQ,1,854291.0,Treatment,2020-10-18 19:38:43.284000-04:00,,1,,,,,,,0,0,0,1,0,False,False,False,61651519
PSAJ2EE,850825,PRAV3ZU,1,,Nonexperimental,2020-10-08 12:31:56.719000-04:00,2020-10-08 12:33:03.339000-04:00,1,66.62,66.614,WPI,True,1.0,True,1,0,0,0,0,False,False,False,57369069
PSAJ2EE,850825,PRAV5A2,1,,Control,2020-10-08 12:33:07.268000-04:00,2020-10-08 12:33:42.634000-04:00,1,35.366,14.258,-0.8685,False,0.0,False,1,1,0,0,0,False,False,True,57370783
PSAJ2EE,850825,PRAV5BB,1,,Control,2020-10-08 12:33:44.472000-04:00,2020-10-11 20:50:06.334000-04:00,3,288981.862,288943.838,3.9845,False,0.0,False,1,1,1,0,0,False,False,True,57371740
PSAJ2EE,850825,PRAV5A3,1,,Control,2020-10-11 20:50:07.273000-04:00,2020-10-11 20:50:21.649000-04:00,1,14.376,3.81,1.7712,False,0.0,False,1,1,0,0,0,False,False,True,58405636
PSAJ2EE,850825,PRAV5A4,1,,Control,2020-10-11 20:50:33.278000-04:00,2020-10-11 20:51:30.644000-04:00,1,57.366,14.332,1.67923,False,0.0,True,4,1,1,0,0,False,False,True,58405680
PSAJ2EE,850825,PRAV5BC,1,,Control,2020-10-11 20:51:31.698000-04:00,2020-10-11 20:51:48.332000-04:00,1,16.634,2.495,2.4416,False,0.0,False,1,1,1,0,0,False,False,True,58405792
PSAJ2EE,850825,PRAV5AZ,1,,Control,2020-10-11 20:51:49.325000-04:00,,1,,,,,,,0,1,0,0,0,False,False,False,58405827
PSAJ2EE,852199,PRAV3ZU,1,,Nonexperimental,2020-11-05 19:03:44.240000-05:00,2020-11-05 19:04:02.252000-05:00,1,18.012,17.995,WPI,True,1.0,True,1,0,0,0,0,False,False,False,70753787
PSAJ2EE,852199,PRAV5A2,1,,Control,2020-11-05 19:04:06.348000-05:00,2020-11-05 19:06:11.065000-05:00,1,124.717,124.702,-0.8685,True,1.0,True,1,1,0,0,0,False,False,False,70753905
PSAJ2EE,852199,PRAV5BB,1,,Control,2020-11-05 19:06:13.132000-05:00,2020-11-05 19:10:02.370000-05:00,1,229.238,229.229,3.9844,True,1.0,True,1,1,0,0,0,False,False,False,70754588
PSAJ2EE,852972,PRAV3ZU,1,,Nonexperimental,2020-10-08 22:54:03.008000-04:00,2020-10-08 22:54:53.880000-04:00,1,50.872,50.866,WPI,True,1.0,True,1,0,0,0,0,False,False,False,57807559
PSAJ2EE,852972,PRAV5A2,1,,Control,2020-10-08 22:54:56.102000-04:00,2020-10-11 22:20:05.044000-04:00,2,257108.942,115.8,0.868,False,0.0,True,8,1,0,0,0,False,False,True,57807723
PSAJ2EE,852972,PRAV5BB,1,,Control,2020-10-11 22:20:06.855000-04:00,2020-10-11 22:34:48.149000-04:00,1,881.294,11.111,3.985,False,0.0,True,6,1,0,0,0,False,False,False,58866794
PSAJ2EE,852972,PRAV5A3,1,,Control,2020-10-11 22:34:50.277000-04:00,2020-10-11 22:35:06.668000-04:00,1,16.391,16.387,1.7712,True,1.0,True,1,1,0,0,0,False,False,False,58869764
PSAJ2EE,852972,PRAV5A4,1,,Control,2020-10-11 22:35:07.985000-04:00,2020-10-11 22:35:31.398000-04:00,1,23.413,15.554,-1.05228,False,0.666666666666667,True,2,1,0,0,0,False,False,False,58869835
PSAJ2EE,852972,PRAV5BC,1,,Control,2020-10-11 22:35:32.696000-04:00,2020-10-11 22:35:41.045000-04:00,1,8.349,8.346,2.4416,True,1.0,True,1,1,0,0,0,False,False,False,58869926
PSAJ2EE,852972,PRAV5AZ,1,,Control,2020-10-11 22:35:43.141000-04:00,2020-10-11 22:36:21.927000-04:00,1,38.786,38.782,2.94486,True,1.0,True,1,1,0,0,0,False,False,False,58869964
PSAJ2EE,852972,PRAVK9U,1,,Control,2020-10-11 22:36:23.054000-04:00,2020-10-11 22:37:41.354000-04:00,1,78.3,78.296,10.70415,True,1.0,True,1,1,0,0,0,False,False,False,58870134
PSAJ2EE,856252,PRAV3ZU,1,,Nonexperimental,2020-10-11 02:04:42.405000-04:00,2020-10-29 15:22:57.735000-04:00,2,1603095.33,1603095.318,d,False,0.0,True,1,0,0,0,0,False,False,False,58354757
PSAJ2EE,856252,PRAVMBQ,1,,Treatment,2020-10-29 15:23:06.549000-04:00,,1,,,,,,,0,0,0,1,0,False,False,False,67735515
PSAJ2EE,856381,PRAV3ZU,1,,Nonexperimental,2020-10-11 15:21:25.157000-04:00,2020-10-11 15:22:01.442000-04:00,1,36.285,36.275,WPI,True,1.0,True,1,0,0,0,0,False,False,False,58375918
PSAJ2EE,856381,PRAV5A2,1,,Control,2020-10-11 15:22:05.207000-04:00,2020-10-11 15:24:59.731000-04:00,1,174.524,64.025,-0.8685,False,0.0,False,1,1,0,0,0,False,False,True,58375981
PSAJ2EE,856381,PRAV5BB,1,,Control,2020-10-11 15:25:02.137000-04:00,2020-10-11 15:25:42.451000-04:00,1,40.314,40.309,3.98443,True,1.0,True,1,1,0,0,0,False,False,False,58376234
PSAJ2EE,856381,PRAV5A3,1,,Control,2020-10-11 15:25:47.225000-04:00,2020-10-11 15:26:10.514000-04:00,1,23.289,23.285,1.77124,True,1.0,True,1,1,0,0,0,False,False,False,58376299
PSAJ2EE,856381,PRAV5A4,1,,Control,2020-10-11 15:26:12.059000-04:00,2020-10-11 15:27:11.914000-04:00,1,59.855,33.911,1.05281,False,0.666666666666667,True,2,1,0,0,0,False,False,False,58376336
PSAJ2EE,856381,PRAV5BC,1,,Control,2020-10-11 15:27:13.474000-04:00,2020-10-11 15:27:31.437000-04:00,1,17.963,17.959,2.44162,True,1.0,True,1,1,0,0,0,False,False,False,58376425
PSAJ2EE,856381,PRAV5AZ,1,,Control,2020-10-11 15:27:32.771000-04:00,2020-10-11 15:27:56.141000-04:00,1,23.37,23.366,2.94486,True,1.0,True,1,1,0,0,0,False,False,False,58376441
PSAJ2EE,856381,PRAVK9U,1,,Control,2020-10-11 15:27:57.596000-04:00,2020-10-11 15:28:35.691000-04:00,1,38.095,38.093,10.70415,True,1.0,True,1,1,0,0,0,False,False,False,58376470
PSAJ2EE,856546,PRAV3ZU,1,,Nonexperimental,2020-10-11 22:36:30.263000-04:00,2020-10-11 22:36:53.670000-04:00,1,23.407,23.392,WPI,True,1.0,True,1,0,0,0,0,False,False,False,58415460
PSAJ2EE,856546,PRAV5A2,1,,Control,2020-10-11 22:36:57.838000-04:00,2020-10-11 22:37:45.218000-04:00,1,47.38,47.365,-.8685,True,1.0,True,1,1,0,0,0,False,False,False,58415497
PSAJ2EE,856546,PRAV5BB,1,,Control,2020-10-11 22:37:47.705000-04:00,2020-10-11 22:40:05.760000-04:00,1,138.055,14.129,3.8945,False,0.0,True,6,1,1,0,0,False,False,True,58415567
PSAJ2EE,856546,PRAV5A3,1,,Control,2020-10-11 22:40:07.828000-04:00,2020-10-11 22:40:18.638000-04:00,1,10.81,10.806,1.7712,True,1.0,True,1,1,0,0,0,False,False,False,58415752
PSAJ2EE,856546,PRAV5A4,1,,Control,2020-10-11 22:40:20.768000-04:00,2020-10-11 22:40:45.579000-04:00,1,24.811,24.797,-1.0528,True,1.0,True,1,1,0,0,0,False,False,False,58415768
PSAJ2EE,856546,PRAV5BC,1,,Control,2020-10-11 22:40:47.203000-04:00,2020-10-11 22:40:59.732000-04:00,1,12.529,12.515,2.4416,True,1.0,True,1,1,0,0,0,False,False,False,58415800
PSAJ2EE,856583,PRAV3ZU,1,,Nonexperimental,2020-10-12 00:52:10.398000-04:00,2020-10-12 00:53:01.843000-04:00,1,51.445,51.434,WPI,True,1.0,True,1,0,0,0,0,False,False,False,58424349
PSAJ2EE,856583,PRAVMBQ,1,,Treatment,2020-10-12 00:53:05.198000-04:00,2020-10-12 00:53:56.326000-04:00,1,51.128,51.12,-.8685,True,1.0,True,1,0,0,1,0,False,False,False,58424383
PSAJ2EE,856583,PRAV5AQ,1,,Treatment,2020-10-12 00:53:58.730000-04:00,2020-10-12 00:59:45.049000-04:00,1,346.319,32.462,3.990,False,0.0,True,2,0,0,1,1,False,False,False,58424417
PSAJ2EE,856583,PRAV5AQ,1,854288.0,Treatment,2020-10-12 00:54:31.926000-04:00,2020-10-12 00:59:44.790000-04:00,1,255.379,179.636,3.985,False,0.0,True,1,0,0,1,0,False,False,False,58424442
PSAJ2EE,856583,PRAV5AQ,1,854291.0,Treatment,2020-10-12 00:57:32.275000-04:00,2020-10-12 00:59:44.513000-04:00,1,,96.053,3.984,False,0.0,True,1,0,0,1,0,False,False,False,58424547
PSAJ2EE,856583,PRAV5AQ,1,854292.0,Treatment,2020-10-12 00:59:09.071000-04:00,2020-10-12 00:59:44.121000-04:00,1,,35.044,3.9845,True,1.0,True,1,1,0,0,0,False,False,False,58424604
PSAJ2EE,856583,PRAVMBR,1,,Treatment,2020-10-12 00:59:52.811000-04:00,2020-10-12 01:00:28.148000-04:00,1,35.337,35.333,1.7712,True,1.0,True,1,0,0,1,0,False,False,False,58424630
PSAJ2EE,856583,PRAVMBS,1,,Treatment,2020-10-12 01:00:30.284000-04:00,2020-10-12 01:02:16.516000-04:00,1,106.232,11.413,-1.7712,False,0.0,True,3,0,0,1,1,False,False,False,58424659
PSAJ2EE,856583,PRAVMBS,1,854284.0,Treatment,2020-10-12 01:00:42.375000-04:00,2020-10-12 01:02:16.293000-04:00,1,52.564,32.543,1.7712,False,0.0,True,1,0,0,1,0,False,False,False,58424666
PSAJ2EE,856583,PRAVMBS,1,854285.0,Treatment,2020-10-12 01:01:15.604000-04:00,2020-10-12 01:02:16.005000-04:00,1,,,,True,1.0,,0,0,0,1,0,False,False,False,58424683
PSAJ2EE,856583,PRAV5AT,1,,Treatment,2020-10-12 01:02:19.186000-04:00,2020-10-12 01:02:29.844000-04:00,1,10.658,10.654,2.4416,True,1.0,True,1,0,0,1,0,False,False,False,58424732
PSAJ2EE,856583,PRAVMBP,1,,Treatment,2020-10-12 01:02:31.792000-04:00,2020-10-12 01:07:28.995000-04:00,1,297.203,177.147,2.9448,False,0.0,True,1,0,0,1,1,False,False,False,58424745
PSAJ2EE,856583,PRAVMBP,1,854273.0,Treatment,2020-10-12 01:05:29.721000-04:00,2020-10-12 01:07:28.757000-04:00,1,119.274,,,False,0.0,False,0,0,0,1,0,False,False,False,58424829
PSAJ2EE,856583,PRAVMBP,1,854274.0,Treatment,2020-10-12 01:06:23.779000-04:00,2020-10-12 01:07:28.372000-04:00,1,,21.852,2.9449,False,0.0,False,1,1,0,0,0,False,False,False,58424859
PSAJ2EE,856583,PRAVK9U,1,,Treatment,2020-10-12 01:07:33.133000-04:00,2020-10-12 01:12:01.563000-04:00,1,268.43,13.574,10.704,False,0.0,False,1,1,1,0,0,False,False,True,58424892
PSAJ2EE,856583,PRAVK7T,1,,Treatment,2020-10-12 01:12:04.098000-04:00,2020-10-12 01:15:05.388000-04:00,2,181.29,181.278,0.1892,True,1.0,True,1,1,0,0,0,False,False,False,58425000
PSAJ2EE,856583,PRAVMAV,1,,Treatment,2020-10-12 01:15:06.798000-04:00,2020-10-12 01:15:45.702000-04:00,1,38.904,38.899,3.0209,True,1.0,True,1,1,0,0,0,False,False,False,58425065
PSAJ2EE,856583,PRAVK8V,1,,Treatment,2020-10-12 01:15:47.532000-04:00,2020-10-12 01:16:23.287000-04:00,1,35.755,35.75,1.7968,True,1.0,True,1,1,0,0,0,False,False,False,58425086
PSAJ2EE,859188,PRAV3ZU,1,,Nonexperimental,2020-10-12 19:35:19.855000-04:00,2020-10-12 20:06:46.608000-04:00,2,1886.753,1886.747,WPI,True,1.0,True,1,0,0,0,0,False,False,False,58836577
PSAJ2EE,859188,PRAVMBQ,1,,Treatment,2020-10-12 20:06:48.547000-04:00,2020-10-12 20:07:23.442000-04:00,1,34.895,34.893,-.8685,True,1.0,True,1,0,0,1,0,False,False,False,58845529
PSAJ2EE,859188,PRAV5AQ,1,,Treatment,2020-10-12 20:07:24.526000-04:00,2020-10-12 20:08:09.147000-04:00,1,44.621,44.619,3.9844,True,1.0,True,1,0,0,1,0,False,False,False,58845692
PSAJ2EE,859669,PRAV3ZU,1,,Nonexperimental,2020-10-13 08:55:00.746000-04:00,2020-10-13 08:55:29.546000-04:00,1,28.8,28.795,WPI,True,1.0,True,1,0,0,0,0,False,False,False,58925697
PSAJ2EE,859669,PRAVMBQ,1,,Treatment,2020-10-13 08:55:31.281000-04:00,,1,,,,,,,0,0,0,1,0,False,False,False,58925999
PSAJ2EE,863434,PRAV3ZU,1,,Nonexperimental,2020-10-13 18:22:37.174000-04:00,2020-10-13 18:23:08.381000-04:00,1,31.207,31.204,Worcester Polytechnic Institute,False,0.0,True,1,0,0,0,0,False,False,False,59531864
PSAJ2EE,863434,PRAV5A2,1,,Control,2020-10-13 18:23:11.881000-04:00,2020-10-13 18:32:46.546000-04:00,2,574.665,574.646,-0.868483,True,1.0,True,1,1,0,0,0,False,False,False,59532105
PSAJ2EE,863434,PRAV5BB,1,,Control,2020-10-13 18:32:48.841000-04:00,2020-10-13 18:33:45.526000-04:00,1,56.685,56.675,3.98443,True,1.0,True,1,1,0,0,0,False,False,False,59536249
PSAJ2EE,863434,PRAV5A3,1,,Control,2020-10-13 18:33:50.711000-04:00,2020-10-13 18:34:31.695000-04:00,1,40.984,40.975,1.77124,True,1.0,True,1,1,0,0,0,False,False,False,59536641
PSAJ2EE,863630,PRAV3ZU,1,,Nonexperimental,2020-10-27 16:43:26.371000-04:00,2020-10-27 16:43:49.671000-04:00,1,23.3,23.291,WPI,True,1.0,True,1,0,0,0,0,False,False,False,66455363
PSAJ2EE,863630,PRAV5A2,1,,Control,2020-10-27 16:43:52.619000-04:00,2020-10-27 16:46:32.865000-04:00,1,160.246,160.241,-0.8685,True,1.0,True,1,1,0,0,0,False,False,False,66455663
PSAJ2EE,863630,PRAV5BB,1,,Control,2020-10-27 16:46:35.594000-04:00,2020-10-27 16:53:21.955000-04:00,1,406.361,178.255,3.9845,False,0.666666666666667,False,1,1,0,0,0,False,False,False,66457572
PSAJ2EE,863630,PRAV5A3,1,,Control,2020-10-27 16:53:26.963000-04:00,2020-10-27 16:55:21.473000-04:00,1,114.51,114.502,1.7712,True,1.0,True,1,1,0,0,0,False,False,False,66462488
PSAJ2EE,863630,PRAV5A4,1,,Control,2020-10-27 16:55:26.644000-04:00,2020-10-27 16:57:59.451000-04:00,1,152.807,152.805,-1.0529,True,1.0,True,1,1,0,0,0,False,False,False,66463903
PSAJ2EE,863630,PRAV5BC,1,,Control,2020-10-27 16:58:02.174000-04:00,2020-10-27 17:02:36.504000-04:00,1,274.33,180.311,0.6000,False,0.666666666666667,True,2,1,0,0,0,False,False,False,66465664
PSAJ2EE,866994,PRAV3ZU,1,,Nonexperimental,2020-10-15 02:37:26.824000-04:00,2020-10-15 02:38:14.657000-04:00,1,47.833,47.826,wpi,False,0.0,True,1,0,0,0,0,False,False,False,60318968
PSAJ2EE,866994,PRAV5A2,1,,Control,2020-10-15 02:38:17.845000-04:00,2020-10-15 02:40:31.252000-04:00,1,133.407,48.183,0.8,False,0.0,True,3,1,0,0,0,False,False,True,60318987
PSAJ2EE,866994,PRAV5BB,1,,Control,2020-10-15 02:40:33.248000-04:00,2020-10-15 02:40:59.590000-04:00,1,26.342,26.34,3.9845,True,1.0,True,1,1,0,0,0,False,False,False,60319042
PSAJ2EE,866994,PRAV5A3,1,,Control,2020-10-15 02:41:00.925000-04:00,2020-10-15 02:41:18.628000-04:00,1,17.703,17.7,1.7713,True,1.0,True,1,1,0,0,0,False,False,False,60319049
PSAJ2EE,866994,PRAV5A4,1,,Control,2020-10-15 02:41:19.690000-04:00,2020-10-15 02:41:36.150000-04:00,1,16.46,16.455,-1.0529,True,1.0,True,1,1,0,0,0,False,False,False,60319062
PSAJ2EE,869663,PRAV3ZU,1,,Nonexperimental,2020-10-19 15:08:42.342000-04:00,2020-10-19 15:10:15.961000-04:00,1,93.619,93.584,worcester polytechnic institute,False,0.0,True,1,0,0,0,0,False,False,False,62161436
PSAJ2EE,869663,PRAVMBQ,1,,Treatment,2020-10-19 15:10:21.867000-04:00,2020-11-21 16:15:12.439000-05:00,3,2858690.572,136.778,0.8685,False,0.0,True,1,0,0,1,1,False,False,False,62163271
PSAJ2EE,869663,PRAVMBQ,1,854280.0,Treatment,2020-10-19 15:12:39.939000-04:00,2020-11-21 16:15:12.185000-05:00,3,2858552.5,30.741,0.86858,False,0.0,True,1,0,0,1,0,False,False,False,62165576
PSAJ2EE,869663,PRAVMBQ,1,854281.0,Treatment,2020-10-19 15:13:12.177000-04:00,2020-11-21 16:15:11.732000-05:00,1,,2858452.364,0.8685,False,0.0,True,2,1,0,0,0,False,False,False,62166109
PSAJ2EE,869663,PRAV5AQ,1,,Treatment,2020-11-21 16:15:33.693000-05:00,,1,211.116,,,,,False,0,0,0,1,1,False,False,False,77723767
PSAJ2EE,869663,PRAV5AQ,1,854288.0,Treatment,2020-11-21 16:19:04.809000-05:00,,1,,,,,,,0,0,0,1,0,False,False,False,77723889
PSAJ2EE,871039,PRAV3ZU,1,,Nonexperimental,2020-10-16 10:31:09.672000-04:00,2020-10-16 10:31:36.947000-04:00,1,27.275,27.269,WPI,True,1.0,True,1,0,0,0,0,False,False,False,61158363
PSAJ2EE,871039,PRAVMBQ,1,,Treatment,2020-10-16 10:31:40.855000-04:00,2020-10-16 10:50:22.206000-04:00,1,1121.351,704.285,-0.868,False,0.0,True,3,0,0,1,1,False,False,False,61158804
PSAJ2EE,871039,PRAVMBQ,1,854280.0,Treatment,2020-10-16 10:43:25.558000-04:00,2020-10-16 10:50:22.106000-04:00,1,402.779,,,True,1.0,,0,0,0,1,0,False,False,False,61169101
PSAJ2EE,871039,PRAV5AQ,1,,Treatment,2020-10-16 10:50:23.467000-04:00,2020-10-16 10:51:03.814000-04:00,1,40.347,40.344,3.9844,True,1.0,True,1,0,0,1,0,False,False,False,61175681
PSAJ2EE,871039,PRAVMBR,1,,Treatment,2020-10-16 10:51:05.254000-04:00,2020-10-16 10:51:21.820000-04:00,1,16.566,16.563,1.7712,True,1.0,True,1,0,0,1,0,False,False,False,61176341
PSAJ2EE,871039,PRAVMBS,1,,Treatment,2020-10-16 10:51:22.858000-04:00,2020-10-16 10:51:57.449000-04:00,1,34.591,16.236,1.0528,False,0.0,True,2,0,0,1,1,False,False,False,61176651
PSAJ2EE,871039,PRAVMBS,1,854284.0,Treatment,2020-10-16 10:51:40.016000-04:00,2020-10-16 10:51:57.316000-04:00,1,17.363,,,True,1.0,,0,0,0,1,0,False,False,False,61176946
PSAJ2EE,871039,PRAV5AT,1,,Treatment,2020-10-16 10:51:58.696000-04:00,2020-10-16 10:52:19.865000-04:00,1,21.169,21.167,2.4416,True,1.0,True,1,0,0,1,0,False,False,False,61177269
PSAJ2EE,871039,PRAVMBP,1,,Treatment,2020-10-16 10:52:21.191000-04:00,2020-10-16 10:52:41.447000-04:00,1,20.256,20.253,2.9449,True,1.0,True,1,0,0,1,0,False,False,False,61177670
PSAJ2EE,871039,PRAVK9U,1,,Treatment,2020-10-16 10:52:42.670000-04:00,2020-10-16 10:53:01.548000-04:00,1,18.878,18.874,10.7042,True,1.0,True,1,1,0,0,0,False,False,False,61178012
PSAJ2EE,876380,PRAV3ZU,1,,Nonexperimental,2020-10-26 06:42:32.185000-04:00,2020-10-26 06:44:03.250000-04:00,1,91.065,91.058,PRAV3ZU,False,0.0,True,1,0,0,0,0,False,False,False,65171933
PSAJ2EE,876380,PRAV5A2,1,,Control,2020-10-26 06:44:06.774000-04:00,2020-10-29 06:07:07.544000-04:00,2,256980.77,82.118,0.8,False,0.0,True,5,1,0,0,0,False,False,False,65171958
PSAJ2EE,876380,PRAV5BB,1,,Control,2020-10-29 06:07:09.944000-04:00,2020-10-29 06:07:40.281000-04:00,1,30.337,30.331,3.98443,True,1.0,True,1,1,0,0,0,False,False,False,67291031
PSAJ2EE,876380,PRAV5A3,1,,Control,2020-10-29 06:07:44.958000-04:00,2020-10-29 06:08:02.851000-04:00,1,17.893,17.888,1.77124,True,1.0,True,1,1,0,0,0,False,False,False,67291034
PSAJ2EE,876380,PRAV5A4,1,,Control,2020-10-29 06:08:05.302000-04:00,2020-10-29 06:15:38.332000-04:00,1,453.03,453.027,-1.05281,True,1.0,True,1,1,0,0,0,False,False,False,67291036
PSAJ2EE,878485,PRAV3ZU,1,,Nonexperimental,2020-10-20 13:04:03.013000-04:00,2020-10-20 14:46:08.040000-04:00,2,6125.027,6125.022,WPI,True,1.0,True,1,0,0,0,0,False,False,False,62738930
PSAJ2EE,878485,PRAVMBQ,1,,Treatment,2020-10-20 14:46:09.671000-04:00,2020-10-20 14:47:14.453000-04:00,1,64.782,45.454,-068,False,0.0,True,1,0,0,1,1,False,False,False,62890127
PSAJ2EE,878485,PRAVMBQ,1,854280.0,Treatment,2020-10-20 14:46:55.477000-04:00,2020-10-20 14:47:14.298000-04:00,1,18.976,18.8,-0.868483,True,1.0,True,1,0,0,1,0,False,False,False,62891121
PSAJ2EE,878485,PRAV5AQ,1,,Treatment,2020-10-20 14:47:25.718000-04:00,2020-10-20 14:48:06.288000-04:00,1,40.57,40.557,3.98443,True,1.0,True,1,0,0,1,0,False,False,False,62891740
PSAJ2EE,878485,PRAVMBR,1,,Treatment,2020-10-20 14:48:07.681000-04:00,2020-10-20 14:50:34.486000-04:00,1,146.805,146.798,1.77124,True,1.0,True,1,0,0,1,0,False,False,False,62892635
PSAJ2EE,878485,PRAVMBS,1,,Treatment,2020-10-20 14:50:36.567000-04:00,2020-10-20 14:53:21.103000-04:00,1,164.536,164.526,-1.05281,True,1.0,True,1,0,0,1,0,False,False,False,62895799
PSAJ2EE,879589,PRAV3ZU,1,,Nonexperimental,2020-10-29 15:41:02.731000-04:00,2020-10-29 15:41:35.983000-04:00,1,33.252,33.231,WPI,True,1.0,True,1,0,0,0,0,False,False,False,67749919
PSAJ2EE,879589,PRAV5A2,1,,Control,2020-10-29 15:41:37.479000-04:00,2020-10-29 15:42:20.330000-04:00,1,42.851,42.847,-0.8685,True,1.0,True,1,1,0,0,0,False,False,False,67750392
PSAJ2EE,879589,PRAV5BB,1,,Control,2020-10-29 15:42:22.181000-04:00,2020-10-29 15:44:43.492000-04:00,2,141.311,141.288,3.9845,True,1.0,True,1,1,0,0,0,False,False,False,67751026
PSAJ2EE,887935,PRAV3ZU,1,,Nonexperimental,2020-10-25 22:12:34.687000-04:00,2020-10-25 22:13:08.574000-04:00,1,33.887,33.878,Worcester Polytechnic Institute,False,0.0,True,1,0,0,0,0,False,False,False,65155693
PSAJ2EE,887935,PRAVMBQ,1,,Treatment,2020-10-25 22:13:11.596000-04:00,2020-10-25 22:14:47.553000-04:00,1,95.957,32.047,0.868483,False,0.0,True,1,0,0,1,1,False,False,False,65155747
PSAJ2EE,887935,PRAVMBQ,1,854280.0,Treatment,2020-10-25 22:13:43.994000-04:00,2020-10-25 22:14:47.491000-04:00,1,63.559,23.585,0.868483,False,0.0,True,1,0,0,1,0,False,False,False,65155799
PSAJ2EE,887935,PRAVMBQ,1,854281.0,Treatment,2020-10-25 22:14:08.299000-04:00,2020-10-25 22:14:47.382000-04:00,1,,39.077,-0.868483,True,1.0,True,1,1,0,0,0,False,False,False,65155836
PSAJ2EE,887935,PRAV5AQ,1,,Treatment,2020-10-25 22:15:08.176000-04:00,2020-10-25 22:35:43.528000-04:00,2,1235.352,61.105,4,False,0.0,True,1,0,0,1,1,False,False,False,65155908
PSAJ2EE,887935,PRAV5AQ,1,854288.0,Treatment,2020-10-25 22:16:09.753000-04:00,2020-10-25 22:35:43.428000-04:00,2,1173.775,,,False,0.0,False,0,0,0,1,0,False,False,False,65156009
PSAJ2EE,887935,PRAV5AQ,1,854291.0,Treatment,2020-10-25 22:16:45.069000-04:00,2020-10-25 22:35:43.342000-04:00,1,,65.223,0.6,False,0.0,True,1,0,0,1,0,False,False,False,65156067
PSAJ2EE,887935,PRAV5AQ,1,854292.0,Treatment,2020-10-25 22:17:50.681000-04:00,2020-10-25 22:35:43.228000-04:00,1,,34.6,2.4,False,0.0,True,2,1,0,0,0,False,False,False,65156173
PSAJ2EE,887935,PRAVMBR,1,,Treatment,2020-10-25 22:35:46.399000-04:00,2020-10-25 22:36:03.909000-04:00,1,17.51,17.506,1.77124,True,1.0,True,1,0,0,1,0,False,False,False,65157996
PSAJ2EE,887935,PRAVMBS,1,,Treatment,2020-10-25 22:36:05.582000-04:00,2020-10-25 22:36:35.840000-04:00,1,30.258,30.254,-1.05281,True,1.0,True,1,0,0,1,0,False,False,False,65158023
PSAJ2EE,887935,PRAV5AT,1,,Treatment,2020-10-25 22:36:37.030000-04:00,2020-10-25 22:36:54.473000-04:00,1,17.443,17.438,2.44162,True,1.0,True,1,0,0,1,0,False,False,False,65158072
PSAJ2EE,986198,PRAV3ZU,1,,Nonexperimental,2021-02-07 15:15:45.730000-05:00,2021-02-07 15:16:24.026000-05:00,1,38.296,38.291,WPI,True,1.0,True,1,0,0,0,0,False,False,False,100038954
PSAJ2EE,986198,PRAV5A2,1,,Control,2021-02-07 15:16:31.904000-05:00,2021-02-22 05:13:17.925000-05:00,3,1259806.021,1259516.474,0,False,0.0,True,2,1,0,0,0,False,False,True,100039009
PSAJ2EE,986198,PRAV5BB,1,,Control,2021-02-22 05:13:21.182000-05:00,2021-02-22 05:16:57.183000-05:00,1,216.001,215.996,3.9844,True,1.0,True,1,1,0,0,0,False,False,False,104070875
PSAJ2EE,986198,PRAV5A3,1,,Control,2021-02-22 05:16:59.830000-05:00,2021-02-22 05:18:11.182000-05:00,1,71.352,42.919,1.771,False,0.333333333333333,True,3,1,0,0,0,False,False,False,104070891
PSAJ2EE,986198,PRAV5A4,1,,Control,2021-02-22 05:18:13.900000-05:00,2021-02-22 05:19:49.367000-05:00,1,95.467,58.656,1.0528,False,0.666666666666667,True,2,1,0,0,0,False,False,False,104070898
PSAJ2EE,986198,PRAV5BC,1,,Control,2021-02-22 05:19:55.768000-05:00,2021-02-22 05:20:50.143000-05:00,1,54.375,54.373,2.4416,True,1.0,True,1,1,0,0,0,False,False,False,104070908
PSAJ2EE,986198,PRAV5AZ,1,,Control,2021-02-22 05:20:52.506000-05:00,2021-02-22 05:24:08.072000-05:00,1,195.566,40.76,2.448,False,0.0,True,3,1,0,0,0,False,False,True,104070912
PSAJ2EE,986198,PRAVK9U,1,,Control,2021-02-22 05:24:10.603000-05:00,2021-02-22 05:25:49.103000-05:00,1,98.5,98.494,10.7041,True,1.0,True,1,1,0,0,0,False,False,False,104070924
PSAJ2EE,986198,PRAVK7T,1,,Control,2021-02-22 05:25:51.405000-05:00,2021-02-22 05:26:58.359000-05:00,1,66.954,66.952,0.1892,True,1.0,True,1,1,0,0,0,False,False,False,104070929
PSAJ2EE,986198,PRAVMAV,1,,Control,2021-02-22 05:27:00.496000-05:00,2021-02-22 05:28:02.903000-05:00,1,62.407,62.403,3.0209,True,1.0,True,1,1,0,0,0,False,False,False,104070930
