experiment_id,student_id,problem_id,problem_part,scaffold_id,problem_condition,start_time,end_time,session_count,time_on_task,first_response_or_request_time,first_answer,correct,reported_score,answer_before_tutoring,attempt_count,hints_available,hints_given,scaffold_problems_available,scaffold_problems_given,explanation_available,explanation_given,answer_given,assistments_reference_problem_log_id
PSAXJC2,795834,PRA85V5,1,,Unknown,2020-10-20 11:20:42.355000-04:00,2020-10-20 11:20:49.863000-04:00,1,7.508,7.503,I am ready to start!,True,1.0,True,1,0,0,0,0,False,False,False,62593131
PSAXJC2,795834,PRA8WB6,1,,Treatment 1,2020-10-20 11:20:51.690000-04:00,2020-10-20 11:21:19.187000-04:00,1,27.497,27.493,1,True,1.0,True,1,1,0,0,0,False,False,False,62593303
PSAXJC2,795834,PRA8WBV,1,,Treatment 1,2020-10-20 11:21:20.663000-04:00,2020-10-20 11:22:41.475000-04:00,1,80.812,41.482,1.6,False,0.666666666666667,True,2,1,0,0,0,False,False,False,62593902
PSAXJC2,795834,PRA8WCG,1,,Treatment 1,2020-10-20 11:22:42.614000-04:00,2020-10-20 11:23:04.036000-04:00,1,21.422,21.418,1,True,1.0,True,1,1,0,0,0,False,False,False,62595658
PSAXJC2,795834,PRA8WDF,1,,Treatment 1,2020-10-20 11:23:05.045000-04:00,2020-10-20 11:23:24.947000-04:00,1,19.902,19.898,5,True,1.0,True,1,1,0,0,0,False,False,False,62596168
PSAXJC2,795834,PRA8WAJ,1,,Unknown,2020-10-20 11:23:26.285000-04:00,2020-10-20 11:23:30.873000-04:00,1,4.588,4.585,I am ready to do my best.,True,1.0,True,1,0,0,0,0,False,False,False,62596658
PSAXJC2,795834,PRA85VW,1,,Posttest,2020-10-20 11:23:32.948000-04:00,2020-10-20 11:26:41.722000-04:00,1,188.774,,,False,0.0,False,0,0,0,1,1,False,False,False,62596775
PSAXJC2,795834,PRA85VW,1,1288872.0,Posttest,2020-10-20 11:26:14.548000-04:00,2020-10-20 11:26:41.619000-04:00,1,27.174,27.063,I have read the solution,True,1.0,True,1,0,0,0,0,False,False,False,62600065
PSAXJC2,795834,PRA84HE,1,,Posttest,2020-10-20 11:26:47.922000-04:00,2020-10-20 11:28:04.666000-04:00,1,76.744,76.738,4,True,1.0,True,1,0,0,1,0,False,False,False,62600765
PSAXJC2,796262,PRA85V5,1,,Unknown,2020-10-20 12:49:55.108000-04:00,2020-10-20 12:49:58.688000-04:00,1,3.58,3.573,I am ready to start!,True,1.0,True,1,0,0,0,0,False,False,False,62718785
PSAXJC2,796262,PRA8WCP,1,,Treatment 2,2020-10-20 12:50:00.412000-04:00,2020-10-21 13:34:49.175000-04:00,2,89088.763,89078.954,3/2,False,0.333333333333333,False,1,1,1,0,0,False,False,False,62718920
PSAXJC2,796262,PRA8WB4,1,,Treatment 2,2020-10-21 13:34:51.630000-04:00,2020-10-21 13:35:09.875000-04:00,1,18.245,18.242,0.6,True,1.0,True,1,1,0,0,0,False,False,False,63524828
PSAXJC2,796262,PRA8WC8,1,,Treatment 2,2020-10-21 13:35:10.464000-04:00,2020-10-21 13:35:22.668000-04:00,1,12.204,12.201,1,True,1.0,True,1,1,0,0,0,False,False,False,63525235
PSAXJC2,796262,PRA8WCZ,1,,Treatment 2,2020-10-21 13:35:24.038000-04:00,2020-10-21 13:35:32.055000-04:00,1,8.017,8.013,5,True,1.0,True,1,1,0,0,0,False,False,False,63525510
PSAXJC2,796262,PRA8WDD,1,,Treatment 2,2020-10-21 13:35:33.576000-04:00,2020-10-21 13:36:13.347000-04:00,1,39.771,39.768,5/2,True,1.0,True,1,1,0,0,0,False,False,False,63525724
PSAXJC2,796262,PRA8WAJ,1,,Unknown,2020-10-21 13:36:14.002000-04:00,2020-10-21 13:36:20.339000-04:00,1,6.337,6.334,I am ready to do my best.,True,1.0,True,1,0,0,0,0,False,False,False,63526654
PSAXJC2,796262,PRA85VW,1,,Posttest,2020-10-21 13:36:21.761000-04:00,2020-10-21 13:38:06.305000-04:00,1,104.544,,,False,0.0,False,0,0,0,1,1,False,False,False,63526823
PSAXJC2,796262,PRA85VW,1,1288872.0,Posttest,2020-10-21 13:37:54.800000-04:00,2020-10-21 13:38:06.137000-04:00,1,11.505,11.334,I have read the solution,True,1.0,True,1,0,0,0,0,False,False,False,63528670
PSAXJC2,796262,PRA84HE,1,,Posttest,2020-10-21 13:38:08.516000-04:00,2020-10-21 13:38:21.997000-04:00,1,13.481,13.479,4,True,1.0,True,1,0,0,1,0,False,False,False,63528941
PSAXJC2,796539,PRA85V5,1,,Unknown,2020-10-21 11:11:46.787000-04:00,2020-10-21 11:11:54.973000-04:00,1,8.186,8.18,I am ready to start!,True,1.0,True,1,0,0,0,0,False,False,False,63342788
PSAXJC2,796539,PRA8WDJ,1,,Control,2020-10-21 11:11:56.761000-04:00,2020-10-21 11:14:34.715000-04:00,1,157.954,157.952,5,True,1.0,True,1,1,0,0,0,False,False,False,63342998
PSAXJC2,796539,PRA8WB8,1,,Control,2020-10-21 11:14:36.181000-04:00,2020-10-21 11:15:52.323000-04:00,1,76.142,76.141,9/5,True,1.0,True,1,1,0,0,0,False,False,False,63346554
PSAXJC2,796539,PRA8WCJ,1,,Control,2020-10-21 11:15:54.687000-04:00,2020-10-21 11:16:24.744000-04:00,1,30.057,30.055,5/6,True,1.0,True,1,1,0,0,0,False,False,False,63348334
PSAXJC2,796539,PRA8WAJ,1,,Unknown,2020-10-21 11:16:27.946000-04:00,2020-10-21 11:16:33.512000-04:00,1,5.566,5.565,I am ready to do my best.,True,1.0,True,1,0,0,0,0,False,False,False,63349081
PSAXJC2,796539,PRA85VW,1,,Posttest,2020-10-21 11:16:37.377000-04:00,2020-10-21 11:20:05.134000-04:00,1,207.757,187.151,2x+3,False,0.0,True,2,0,0,1,1,False,False,False,63349301
PSAXJC2,796539,PRA85VW,1,1288872.0,Posttest,2020-10-21 11:19:44.624000-04:00,2020-10-21 11:20:05.097000-04:00,1,20.495,,,True,1.0,,0,0,0,0,0,False,False,False,63353646
PSAXJC2,796539,PRA84HE,1,,Posttest,2020-10-21 11:20:05.990000-04:00,2020-10-21 11:20:31.409000-04:00,1,25.419,25.418,4,True,1.0,True,1,0,0,1,0,False,False,False,63353886
PSAXJC2,796663,PRA85V5,1,,Unknown,2020-10-21 12:21:04.890000-04:00,2020-10-21 12:21:13.561000-04:00,1,8.671,8.665,I am ready to start!,True,1.0,True,1,0,0,0,0,False,False,False,63434273
PSAXJC2,796663,PRA8WC6,1,,Treatment 1,2020-10-21 12:21:16.070000-04:00,2020-10-21 12:26:01.910000-04:00,1,285.84,285.826,0.7273,True,1.0,True,1,1,0,0,0,False,False,False,63434504
PSAXJC2,796663,PRA8WC8,1,,Treatment 1,2020-10-21 12:26:16.684000-04:00,2020-10-21 12:29:40.124000-04:00,1,203.44,203.434,1,True,1.0,True,1,1,0,0,0,False,False,False,63440617
PSAXJC2,796663,PRA8WAJ,1,,Unknown,2020-10-21 12:29:42.665000-04:00,2020-10-21 12:29:49.567000-04:00,1,6.902,6.895,I am ready to do my best.,True,1.0,True,1,0,0,0,0,False,False,False,63444651
PSAXJC2,796663,PRA85VW,1,,Posttest,2020-10-21 12:29:51.808000-04:00,2020-10-21 12:34:05.540000-04:00,1,253.732,176.055,2x+3,False,0.0,True,1,0,0,1,1,False,False,False,63444835
PSAXJC2,796663,PRA85VW,1,1288872.0,Posttest,2020-10-21 12:32:48.146000-04:00,2020-10-21 12:34:05.413000-04:00,1,77.394,77.256,I have read the solution,True,1.0,True,1,0,0,0,0,False,False,False,63448570
PSAXJC2,796663,PRA84HE,1,,Posttest,2020-10-21 12:34:21.976000-04:00,2020-10-21 12:35:28.333000-04:00,1,66.357,66.35,4,True,1.0,True,1,0,0,1,0,False,False,False,63450177
PSAXJC2,797053,PRA85V5,1,,Unknown,2020-10-21 22:56:06.180000-04:00,2020-10-21 22:56:15.906000-04:00,1,9.726,9.719,I am ready to start!,True,1.0,True,1,0,0,0,0,False,False,False,63844669
PSAXJC2,797053,PRA8WCX,1,,Treatment 3,2020-10-21 22:56:20.420000-04:00,2020-10-21 22:57:44.817000-04:00,1,84.397,42.749,2.6,False,0.333333333333333,True,3,1,0,0,0,False,False,False,63844710
PSAXJC2,797053,PRA8WDD,1,,Treatment 3,2020-10-21 22:57:50.076000-04:00,2020-10-21 22:58:04.997000-04:00,1,14.921,14.915,10/4,True,1.0,True,1,1,0,0,0,False,False,False,63844983
PSAXJC2,797053,PRA8WBY,1,,Treatment 3,2020-10-21 22:58:06.269000-04:00,2020-10-21 23:01:21.218000-04:00,2,194.949,15.078,6/8,False,0.666666666666667,True,2,1,0,0,0,False,False,False,63845036
PSAXJC2,797053,PRA8WCT,1,,Treatment 3,2020-10-21 23:01:37.521000-04:00,2020-10-21 23:01:58.277000-04:00,2,20.756,20.745,11/10,True,1.0,True,1,1,0,0,0,False,False,False,63845649
PSAXJC2,797053,PRA8WCR,1,,Treatment 3,2020-10-21 23:01:59.645000-04:00,2020-10-21 23:02:10.782000-04:00,1,11.137,11.133,6/8,True,1.0,True,1,1,0,0,0,False,False,False,63845723
PSAXJC2,797053,PRA8WCQ,1,,Treatment 3,2020-10-21 23:02:13.055000-04:00,2020-10-21 23:02:23.045000-04:00,1,9.99,9.988,5/7,True,1.0,True,1,1,0,0,0,False,False,False,63845771
PSAXJC2,797053,PRA8WB7,1,,Treatment 3,2020-10-21 23:02:24.691000-04:00,2020-10-21 23:02:36.382000-04:00,1,11.691,11.687,1,True,1.0,True,1,1,0,0,0,False,False,False,63845817
PSAXJC2,797053,PRA8WDE,1,,Treatment 3,2020-10-21 23:02:46.649000-04:00,2020-10-21 23:02:55.224000-04:00,1,8.575,8.573,1,True,1.0,True,1,1,0,0,0,False,False,False,63845890
PSAXJC2,797053,PRA8WAJ,1,,Unknown,2020-10-21 23:02:57.005000-04:00,2020-10-21 23:03:03.449000-04:00,1,6.444,6.441,I am ready to do my best.,True,1.0,True,1,0,0,0,0,False,False,False,63845925
PSAXJC2,797053,PRA85VW,1,,Posttest,2020-10-21 23:03:05.054000-04:00,2020-10-21 23:09:42.820000-04:00,1,397.766,,,False,0.0,False,0,0,0,1,1,False,False,False,63845948
PSAXJC2,797053,PRA85VW,1,1288872.0,Posttest,2020-10-21 23:09:32.177000-04:00,2020-10-21 23:09:42.730000-04:00,1,10.643,10.544,I have read the solution,True,1.0,True,1,0,0,0,0,False,False,False,63847042
PSAXJC2,797053,PRA84HE,1,,Posttest,2020-10-21 23:09:47.351000-04:00,2020-10-21 23:10:28.253000-04:00,1,40.902,25.647,3/4,False,0.0,True,2,0,0,1,1,False,False,False,63847059
PSAXJC2,797053,PRA84HE,1,1287324.0,Posttest,2020-10-21 23:10:13.147000-04:00,2020-10-21 23:10:28.202000-04:00,1,15.063,,,True,1.0,,0,0,0,0,0,False,False,False,63847121
PSAXJC2,797966,PRA85V5,1,,Unknown,2020-10-21 13:56:05.854000-04:00,2020-10-21 13:56:17.461000-04:00,1,11.607,11.599,I am ready to start!,True,1.0,True,1,0,0,0,0,False,False,False,63551674
PSAXJC2,797966,PRA8WCT,1,,Treatment 1,2020-10-21 13:56:19.794000-04:00,2020-10-21 13:57:07.478000-04:00,1,47.684,47.678,11/10,True,1.0,True,1,1,0,0,0,False,False,False,63551994
PSAXJC2,797966,PRA8WDD,1,,Treatment 1,2020-10-21 13:57:08.959000-04:00,2020-10-21 13:57:22.582000-04:00,1,13.623,13.619,5/2,True,1.0,True,1,1,0,0,0,False,False,False,63553102
PSAXJC2,797966,PRA8WAJ,1,,Unknown,2020-10-21 13:57:24.076000-04:00,2020-10-21 13:57:28.475000-04:00,1,4.399,4.395,I am ready to do my best.,True,1.0,True,1,0,0,0,0,False,False,False,63553422
PSAXJC2,797966,PRA85VW,1,,Posttest,2020-10-21 13:57:31.675000-04:00,2020-10-21 13:58:41.490000-04:00,1,69.815,69.811,2x-3,True,1.0,True,1,0,0,1,0,False,False,False,63553586
PSAXJC2,797966,PRA84HE,1,,Posttest,2020-10-21 13:58:44.158000-04:00,2020-10-21 13:59:55.768000-04:00,1,71.61,71.604,4,True,1.0,True,1,0,0,1,0,False,False,False,63555133
PSAXJC2,799238,PRA85V5,1,,Unknown,2020-10-21 00:17:40.609000-04:00,2020-10-21 00:17:56.724000-04:00,1,16.115,16.11,I am ready to start!,True,1.0,True,1,0,0,0,0,False,False,False,63159178
PSAXJC2,799238,PRA8WC8,1,,Control,2020-10-21 00:17:59.787000-04:00,2020-10-21 00:18:21.525000-04:00,1,21.738,21.735,1,True,1.0,True,1,1,0,0,0,False,False,False,63159215
PSAXJC2,799238,PRA8WCY,1,,Control,2020-10-21 00:18:22.810000-04:00,2020-10-21 11:23:42.663000-04:00,2,39919.853,39892.847,4/12,False,0.333333333333333,False,1,1,1,0,0,False,False,False,63159251
PSAXJC2,799238,PRA8WCH,1,,Control,2020-10-21 11:23:48.530000-04:00,2020-10-21 11:24:01.559000-04:00,1,13.029,13.025,0.9,True,1.0,True,1,1,0,0,0,False,False,False,63358799
PSAXJC2,799238,PRA8WC3,1,,Control,2020-10-21 11:24:03.194000-04:00,2020-10-21 11:25:04.896000-04:00,1,61.702,18.789,5/8,False,0.0,True,3,1,1,0,0,False,False,False,63359149
PSAXJC2,799238,PRA8WBT,1,,Control,2020-10-21 11:26:19.352000-04:00,2020-10-21 11:29:44.963000-04:00,1,205.611,205.594,0.625,True,1.0,True,1,1,0,0,0,False,False,False,63362258
PSAXJC2,799238,PRA8WCW,1,,Control,2020-10-21 11:29:46.498000-04:00,2020-10-21 11:31:06.192000-04:00,1,79.694,79.689,5.5,True,1.0,True,1,1,0,0,0,False,False,False,63366787
PSAXJC2,799238,PRA8WCM,1,,Control,2020-10-21 11:31:17.957000-04:00,2020-10-21 11:35:32.532000-04:00,1,254.575,254.572,1.1429,True,1.0,True,1,1,0,0,0,False,False,False,63368755
PSAXJC2,799238,PRA8WAJ,1,,Unknown,2020-10-21 11:35:33.944000-04:00,2020-10-21 11:35:41.497000-04:00,1,7.553,7.547,I am ready to do my best.,True,1.0,True,1,0,0,0,0,False,False,False,63374771
PSAXJC2,799238,PRA85VW,1,,Posttest,2020-10-21 11:35:42.946000-04:00,2020-10-21 11:46:40.457000-04:00,1,657.511,,,False,0.0,False,0,0,0,1,1,False,False,False,63374973
PSAXJC2,799238,PRA85VW,1,1288872.0,Posttest,2020-10-21 11:46:05.669000-04:00,2020-10-21 11:46:40.326000-04:00,1,34.788,34.655,I have read the solution,True,1.0,True,1,0,0,0,0,False,False,False,63390194
PSAXJC2,799238,PRA84HE,1,,Posttest,2020-10-21 11:46:53.943000-04:00,2020-10-21 11:49:09.986000-04:00,1,136.043,136.04,4,True,1.0,True,1,0,0,1,0,False,False,False,63391083
PSAXJC2,799257,PRA85V5,1,,Unknown,2020-10-21 14:52:55.093000-04:00,2020-10-21 14:52:59.982000-04:00,1,4.889,4.872,I am ready to start!,True,1.0,True,1,0,0,0,0,False,False,False,63621134
PSAXJC2,799257,PRA8WB8,1,,Treatment 2,2020-10-21 14:53:02.969000-04:00,2020-10-21 14:54:21.531000-04:00,1,78.562,78.552,1.8,True,1.0,True,1,1,0,0,0,False,False,False,63621296
PSAXJC2,799257,PRA8WDA,1,,Treatment 2,2020-10-21 14:54:24.871000-04:00,2020-10-21 14:55:20.451000-04:00,1,55.58,55.573,3,True,1.0,True,1,1,0,0,0,False,False,False,63622779
PSAXJC2,799257,PRA8WB3,1,,Treatment 2,2020-10-21 14:55:23.046000-04:00,2020-10-21 14:55:51.904000-04:00,1,28.858,28.852,1.5,True,1.0,True,1,1,0,0,0,False,False,False,63623726
PSAXJC2,799257,PRA8WDM,1,,Treatment 2,2020-10-21 14:55:53.877000-04:00,2020-10-21 14:57:00.406000-04:00,1,66.529,38.672,1.3,False,0.0,True,3,1,1,0,0,False,False,False,63624269
PSAXJC2,799257,PRA8WCW,1,,Treatment 2,2020-10-21 14:57:03.180000-04:00,2020-10-21 14:57:25.368000-04:00,1,22.188,22.181,5.5,True,1.0,True,1,1,0,0,0,False,False,False,63625505
PSAXJC2,799257,PRA8WCE,1,,Treatment 2,2020-10-21 14:57:27.772000-04:00,2020-10-21 14:57:55.259000-04:00,1,27.487,27.481,0.25,True,1.0,True,1,1,0,0,0,False,False,False,63625968
PSAXJC2,799257,PRA8WBZ,1,,Treatment 2,2020-10-21 14:57:57.269000-04:00,2020-10-21 14:58:47.211000-04:00,1,49.942,30.75,0.3,False,0.666666666666667,True,2,1,0,0,0,False,False,False,63626485
PSAXJC2,799257,PRA8WCN,1,,Treatment 2,2020-10-21 14:58:49.401000-04:00,2020-10-21 14:59:18.087000-04:00,1,28.686,28.683,0.428571,True,1.0,True,1,1,0,0,0,False,False,False,63627375
PSAXJC2,799257,PRA8WDH,1,,Treatment 2,2020-10-21 14:59:20.185000-04:00,2020-10-21 14:59:50.212000-04:00,1,30.027,30.018,0.692307,True,1.0,True,1,1,0,0,0,False,False,False,63627928
PSAXJC2,799257,PRA8WC4,1,,Treatment 2,2020-10-21 14:59:52.267000-04:00,2020-10-21 15:17:02.681000-04:00,1,1030.414,1030.405,1.8,True,1.0,True,1,1,0,0,0,False,False,False,63628450
PSAXJC2,799257,PRA8WC3,1,,Treatment 2,2020-10-21 15:17:06.199000-04:00,2020-10-21 15:17:34.157000-04:00,1,27.958,27.952,2,True,1.0,True,1,1,0,0,0,False,False,False,63645457
PSAXJC2,799257,PRA8WAJ,1,,Unknown,2020-10-21 15:17:36.668000-04:00,2020-10-21 15:17:42.538000-04:00,1,5.87,5.863,I am ready to do my best.,True,1.0,True,1,0,0,0,0,False,False,False,63645904
PSAXJC2,799257,PRA85VW,1,,Posttest,2020-10-21 15:17:44.848000-04:00,2020-10-21 15:18:46.865000-04:00,1,62.017,46.269,9-8x,False,0.0,True,1,0,0,1,1,False,False,False,63646017
PSAXJC2,799257,PRA85VW,1,1288872.0,Posttest,2020-10-21 15:18:31.401000-04:00,2020-10-21 15:18:46.688000-04:00,1,15.464,15.278,I have read the solution,True,1.0,True,1,0,0,0,0,False,False,False,63646691
PSAXJC2,799257,PRA84HE,1,,Posttest,2020-10-21 15:18:52.497000-04:00,2020-10-21 15:19:15.800000-04:00,1,23.303,23.295,4,True,1.0,True,1,0,0,1,0,False,False,False,63647000
PSAXJC2,799432,PRA85V5,1,,Unknown,2020-11-05 23:44:07.266000-05:00,2020-11-05 23:44:21.202000-05:00,1,13.936,13.932,I am ready to start!,True,1.0,True,1,0,0,0,0,False,False,False,70820255
PSAXJC2,799432,PRA8WCK,1,,Treatment 2,2020-11-05 23:44:26.846000-05:00,2020-11-05 23:46:46.046000-05:00,1,139.2,102.617,1,False,0.666666666666667,False,1,1,0,0,0,False,False,False,70820291
PSAXJC2,799432,PRA8WBX,1,,Treatment 2,2020-11-05 23:46:47.501000-05:00,2020-11-05 23:47:21.414000-05:00,1,33.913,8.96,3.5,False,0.666666666666667,False,1,1,0,0,0,False,False,False,70820547
PSAXJC2,799432,PRA8WDF,1,,Treatment 2,2020-11-05 23:47:23.507000-05:00,2020-11-05 23:47:44.467000-05:00,1,20.96,2.489,5,False,0.666666666666667,False,1,1,0,0,0,False,False,False,70820600
PSAXJC2,799432,PRA8WB7,1,,Treatment 2,2020-11-05 23:47:45.843000-05:00,2020-11-05 23:48:10.440000-05:00,1,24.597,6.496,1,False,0.666666666666667,False,1,1,0,0,0,False,False,False,70820637
PSAXJC2,799432,PRA8WCX,1,,Treatment 2,2020-11-05 23:48:12.066000-05:00,2020-11-05 23:49:19.333000-05:00,1,67.267,10.742,2.6,False,0.333333333333333,False,2,1,0,0,0,False,False,False,70820689
PSAXJC2,799432,PRA8WDH,1,,Treatment 2,2020-11-05 23:49:20.691000-05:00,2020-11-05 23:50:30.919000-05:00,1,70.228,70.223,9/13,True,1.0,True,1,1,0,0,0,False,False,False,70820818
PSAXJC2,799432,PRA8WDK,1,,Treatment 2,2020-11-05 23:50:32.573000-05:00,2020-11-05 23:51:18.650000-05:00,1,46.077,46.073,8/7,True,1.0,True,1,1,0,0,0,False,False,False,70820920
PSAXJC2,799432,PRA8WBV,1,,Treatment 2,2020-11-05 23:51:20.162000-05:00,2020-11-05 23:51:55.597000-05:00,1,35.435,35.427,5/3,True,1.0,True,1,1,0,0,0,False,False,False,70820994
PSAXJC2,799432,PRA8WDB,1,,Treatment 2,2020-11-05 23:51:56.984000-05:00,2020-11-05 23:52:39.130000-05:00,1,42.146,42.142,10/7,True,1.0,True,1,1,0,0,0,False,False,False,70821051
PSAXJC2,799432,PRA8WAJ,1,,Unknown,2020-11-05 23:52:40.492000-05:00,2020-11-05 23:52:52.270000-05:00,1,11.778,11.772,I am ready to do my best.,True,1.0,True,1,0,0,0,0,False,False,False,70821110
PSAXJC2,799432,PRA85VW,1,,Posttest,2020-11-05 23:53:31.669000-05:00,2020-11-05 23:55:37.857000-05:00,1,126.188,126.176,-3+2x,True,1.0,True,1,0,0,1,0,False,False,False,70821195
PSAXJC2,799432,PRA84HE,1,,Posttest,2020-11-05 23:55:39.483000-05:00,2020-11-05 23:56:05.823000-05:00,1,26.34,26.334,4,True,1.0,True,1,0,0,1,0,False,False,False,70821370
PSAXJC2,799510,PRA85V5,1,,Unknown,2020-10-22 00:28:09.381000-04:00,2020-10-22 00:28:19.026000-04:00,1,9.645,9.637,I am ready to start!,True,1.0,True,1,0,0,0,0,False,False,False,63856770
PSAXJC2,799510,PRA8WCT,1,,Control,2020-10-22 00:28:22.160000-04:00,2020-10-22 00:32:51.158000-04:00,1,268.998,210.758,6,False,0.666666666666667,True,2,1,0,0,0,False,False,False,63856794
PSAXJC2,799510,PRA8WBT,1,,Control,2020-10-22 00:32:52.662000-04:00,2020-10-22 00:34:36.112000-04:00,1,103.45,103.44,0.625,True,1.0,True,1,1,0,0,0,False,False,False,63857296
PSAXJC2,799510,PRA8WCZ,1,,Control,2020-10-22 00:34:37.971000-04:00,2020-10-22 00:38:25.165000-04:00,1,227.194,227.184,5,True,1.0,True,1,1,0,0,0,False,False,False,63857430
PSAXJC2,799510,PRA8WCU,1,,Control,2020-10-22 00:38:26.585000-04:00,2020-10-22 00:39:25.069000-04:00,1,58.484,35.034,1.1,False,0.666666666666667,True,2,1,0,0,0,False,False,False,63857755
PSAXJC2,799510,PRA8WB5,1,,Control,2020-10-22 00:39:26.636000-04:00,2020-10-22 00:40:10.812000-04:00,1,44.176,44.167,5/2,True,1.0,True,1,1,0,0,0,False,False,False,63857832
PSAXJC2,799510,PRA8WB6,1,,Control,2020-10-22 00:40:12.162000-04:00,2020-10-22 00:41:36.716000-04:00,1,84.554,84.544,1,True,1.0,True,1,1,0,0,0,False,False,False,63857894
PSAXJC2,799510,PRA8WCY,1,,Control,2020-10-22 00:41:38.419000-04:00,2020-10-22 00:42:24.736000-04:00,1,46.317,46.307,1/3,True,1.0,True,1,1,0,0,0,False,False,False,63858016
PSAXJC2,799510,PRA8WAJ,1,,Unknown,2020-10-22 00:42:27.785000-04:00,2020-10-22 00:42:31.614000-04:00,1,3.829,3.821,I am ready to do my best.,True,1.0,True,1,0,0,0,0,False,False,False,63858073
PSAXJC2,799510,PRA85VW,1,,Posttest,2020-10-22 00:42:32.992000-04:00,2020-10-22 00:47:06.951000-04:00,1,273.959,,,False,0.0,False,0,0,0,1,1,False,False,False,63858081
PSAXJC2,799510,PRA85VW,1,1288872.0,Posttest,2020-10-22 00:46:29.300000-04:00,2020-10-22 00:47:06.841000-04:00,1,37.651,37.525,I have read the solution,True,1.0,True,1,0,0,0,0,False,False,False,63858461
PSAXJC2,799510,PRA84HE,1,,Posttest,2020-10-22 00:47:09.518000-04:00,2020-10-22 00:48:06.468000-04:00,1,56.95,56.94,4,True,1.0,True,1,0,0,1,0,False,False,False,63858531
PSAXJC2,799516,PRA85V5,1,,Unknown,2020-10-21 10:31:24.347000-04:00,2020-10-21 10:31:34.028000-04:00,1,9.681,9.674,I am ready to start!,True,1.0,True,1,0,0,0,0,False,False,False,63293271
PSAXJC2,799516,PRA8WC5,1,,Treatment 2,2020-10-21 10:31:36.176000-04:00,2020-10-21 10:37:23.828000-04:00,1,347.652,34.668,0.6,False,0.0,True,2,1,1,0,0,False,False,False,63293518
PSAXJC2,799516,PRA8WCT,1,,Treatment 2,2020-10-21 10:37:24.447000-04:00,2020-10-21 10:38:01.156000-04:00,1,36.709,36.705,11/10,True,1.0,True,1,1,0,0,0,False,False,False,63300325
PSAXJC2,799516,PRA8WCR,1,,Treatment 2,2020-10-21 10:38:02.117000-04:00,2020-10-21 10:38:32.224000-04:00,1,30.107,30.105,6/8,True,1.0,True,1,1,0,0,0,False,False,False,63301075
PSAXJC2,799516,PRA8WDC,1,,Treatment 2,2020-10-21 10:38:32.818000-04:00,2020-10-21 10:39:01.419000-04:00,1,28.601,28.598,3/7,True,1.0,True,1,1,0,0,0,False,False,False,63301713
PSAXJC2,799516,PRA8WCZ,1,,Treatment 2,2020-10-21 10:39:02-04:00,2020-10-21 10:39:34.921000-04:00,1,32.921,32.919,10/2,True,1.0,True,1,1,0,0,0,False,False,False,63302303
PSAXJC2,799516,PRA8WAJ,1,,Unknown,2020-10-21 10:39:35.630000-04:00,2020-10-21 10:39:43.908000-04:00,1,8.278,8.273,I am ready to do my best.,True,1.0,True,1,0,0,0,0,False,False,False,63302998
PSAXJC2,799516,PRA85VW,1,,Posttest,2020-10-21 10:39:45.305000-04:00,2020-10-21 10:44:57.912000-04:00,1,312.607,312.492,2x-3,False,0.0,False,1,0,0,1,1,False,False,False,63303198
PSAXJC2,799516,PRA85VW,1,1288872.0,Posttest,2020-10-21 10:44:07.299000-04:00,2020-10-21 10:44:57.832000-04:00,1,50.578,,,True,1.0,,0,0,0,0,0,False,False,False,63308401
PSAXJC2,799516,PRA84HE,1,,Posttest,2020-10-21 10:44:58.474000-04:00,2020-10-21 10:48:21.267000-04:00,1,202.793,,,False,0.0,False,0,0,0,1,1,False,False,False,63309506
PSAXJC2,799516,PRA84HE,1,1287324.0,Posttest,2020-10-21 10:48:14.221000-04:00,2020-10-21 10:48:21.160000-04:00,1,7.046,6.936,I have read the solution,True,1.0,True,1,0,0,0,0,False,False,False,63313434
PSAXJC2,799550,PRA85V5,1,,Unknown,2020-10-19 19:20:08.090000-04:00,2020-10-19 20:25:28.095000-04:00,2,3920.005,3919.996,I am ready to start!,True,1.0,True,1,0,0,0,0,False,False,False,62319876
PSAXJC2,799550,PRA8WCB,1,,Control,2020-10-19 20:25:31.496000-04:00,2020-10-19 20:25:52.325000-04:00,1,20.829,20.824,1.25,True,1.0,True,1,1,0,0,0,False,False,False,62342608
PSAXJC2,799550,PRA8WDK,1,,Control,2020-10-19 20:25:53.805000-04:00,2020-10-19 20:26:26.454000-04:00,1,32.649,32.646,1.1428,True,1.0,True,1,1,0,0,0,False,False,False,62342727
PSAXJC2,799550,PRA8WDH,1,,Control,2020-10-19 20:26:28.199000-04:00,2020-10-19 20:26:45.691000-04:00,1,17.492,17.49,0.6923,True,1.0,True,1,1,0,0,0,False,False,False,62342918
PSAXJC2,799550,PRA8WAJ,1,,Unknown,2020-10-19 20:26:47.383000-04:00,2020-10-19 20:26:52.020000-04:00,1,4.637,4.632,I am ready to do my best.,True,1.0,True,1,0,0,0,0,False,False,False,62343025
PSAXJC2,799550,PRA85VW,1,,Posttest,2020-10-19 20:26:54.743000-04:00,2020-10-19 20:30:28.053000-04:00,1,213.31,,,False,0.0,False,0,0,0,1,1,False,False,False,62343065
PSAXJC2,799550,PRA85VW,1,1288872.0,Posttest,2020-10-19 20:29:47.580000-04:00,2020-10-19 20:30:27.728000-04:00,1,40.473,40.143,I have read the solution,True,1.0,True,1,0,0,0,0,False,False,False,62344003
PSAXJC2,799550,PRA84HE,1,,Posttest,2020-10-19 20:30:32.703000-04:00,2020-10-19 20:30:46.941000-04:00,1,14.238,14.233,4,True,1.0,True,1,0,0,1,0,False,False,False,62344254
PSAXJC2,799557,PRA85V5,1,,Unknown,2020-10-20 12:31:36.255000-04:00,2020-10-20 12:31:49.542000-04:00,1,13.287,13.273,I am ready to start!,True,1.0,True,1,0,0,0,0,False,False,False,62693734
PSAXJC2,799557,PRA8WBR,1,,Control,2020-10-20 12:31:52.179000-04:00,2020-10-20 12:32:29.881000-04:00,1,37.702,37.696,0.4,True,1.0,True,1,1,0,0,0,False,False,False,62694098
PSAXJC2,799557,PRA8WC6,1,,Control,2020-10-20 12:32:32.554000-04:00,2020-10-20 12:34:35.176000-04:00,1,122.622,16.629,0.72,False,0.0,True,4,1,1,0,0,False,False,False,62695045
PSAXJC2,799557,PRA8WDG,1,,Control,2020-10-20 12:34:37.544000-04:00,2020-10-20 12:34:53.260000-04:00,1,15.716,15.713,1,True,1.0,True,1,1,0,0,0,False,False,False,62697978
PSAXJC2,799557,PRA8WCK,1,,Control,2020-10-20 12:34:55.676000-04:00,2020-10-20 12:35:04.798000-04:00,1,9.122,9.119,1,True,1.0,True,1,1,0,0,0,False,False,False,62698362
PSAXJC2,799557,PRA8WCW,1,,Control,2020-10-20 12:35:06.509000-04:00,2020-10-20 12:35:19.830000-04:00,1,13.321,13.318,11/2,True,1.0,True,1,1,0,0,0,False,False,False,62698613
PSAXJC2,799557,PRA8WAJ,1,,Unknown,2020-10-20 12:35:21.475000-04:00,2020-10-20 12:35:29.357000-04:00,1,7.882,7.878,I am ready to do my best.,True,1.0,True,1,0,0,0,0,False,False,False,62698942
PSAXJC2,799557,PRA85VW,1,,Posttest,2020-10-20 12:35:31.059000-04:00,2020-10-20 12:48:57.422000-04:00,1,806.363,,,False,0.0,False,0,0,0,1,1,False,False,False,62699167
PSAXJC2,799557,PRA85VW,1,1288872.0,Posttest,2020-10-20 12:48:05.807000-04:00,2020-10-20 12:48:57.290000-04:00,1,51.615,51.477,I have read the solution,True,1.0,True,1,0,0,0,0,False,False,False,62721240
PSAXJC2,799557,PRA84HE,1,,Posttest,2020-10-20 12:49:05.985000-04:00,2020-10-20 12:49:20.032000-04:00,1,14.047,14.044,4,True,1.0,True,1,0,0,1,0,False,False,False,62722443
PSAXJC2,799580,PRA85V5,1,,Unknown,2020-10-20 14:50:04.573000-04:00,2020-10-20 14:50:24.227000-04:00,1,19.654,19.65,I am ready to start!,True,1.0,True,1,0,0,0,0,False,False,False,62895114
PSAXJC2,799580,PRA8WC4,1,,Control,2020-10-20 14:50:29.143000-04:00,2020-10-20 14:53:10.141000-04:00,1,160.998,126.917,9 / 5,False,0.0,False,1,1,1,0,0,False,False,True,62895655
PSAXJC2,799580,PRA8WCV,1,,Control,2020-10-20 14:53:11.954000-04:00,2020-10-20 14:54:11.469000-04:00,1,59.515,59.51,9 / 7,True,1.0,True,1,1,0,0,0,False,False,False,62899007
PSAXJC2,799580,PRA8WCU,1,,Control,2020-10-20 14:55:06.981000-04:00,2020-10-20 14:55:34.724000-04:00,2,27.743,27.738,10 / 9,True,1.0,True,1,1,0,0,0,False,False,False,62901451
PSAXJC2,799580,PRA8WDM,1,,Control,2020-10-20 14:55:36.652000-04:00,2020-10-20 14:55:53.096000-04:00,1,16.444,16.44,4 / 3,True,1.0,True,1,1,0,0,0,False,False,False,62902094
PSAXJC2,799580,PRA8WAJ,1,,Unknown,2020-10-20 14:55:54.847000-04:00,2020-10-20 14:56:13.398000-04:00,1,18.551,18.548,I am ready to do my best.,True,1.0,True,1,0,0,0,0,False,False,False,62902499
PSAXJC2,799580,PRA85VW,1,,Posttest,2020-10-20 14:56:16.133000-04:00,2020-10-20 15:21:05.992000-04:00,1,1489.859,,,False,0.0,False,0,0,0,1,1,False,False,False,62902938
PSAXJC2,799580,PRA85VW,1,1288872.0,Posttest,2020-10-20 14:58:39.804000-04:00,2020-10-20 15:21:05.859000-04:00,1,1346.188,1346.037,I have read the solution,True,1.0,True,1,0,0,0,0,False,False,False,62906031
PSAXJC2,799580,PRA84HE,1,,Posttest,2020-10-20 15:21:31.810000-04:00,2020-10-22 22:32:26.250000-04:00,2,198654.44,58.856,0.75,False,0.0,True,1,0,0,1,1,False,False,False,63128843
PSAXJC2,799580,PRA84HE,1,1287324.0,Posttest,2020-10-20 15:22:30.892000-04:00,2020-10-22 22:32:26.174000-04:00,2,198595.358,198595.278,I have read the solution,True,1.0,True,1,0,0,0,0,False,False,False,63129126
PSAXJC2,800088,PRA85V5,1,,Unknown,2020-10-19 18:14:18.437000-04:00,2020-10-19 18:15:34.518000-04:00,1,76.081,76.072,I am ready to start!,True,1.0,True,1,0,0,0,0,False,False,False,62293099
PSAXJC2,800088,PRA8WCN,1,,Treatment 3,2020-10-19 18:16:33.744000-04:00,2020-10-19 18:21:29.757000-04:00,1,296.013,296.009,0.428571,True,1.0,True,1,1,0,0,0,False,False,False,62294098
PSAXJC2,800088,PRA8WBY,1,,Treatment 3,2020-10-19 18:21:33.199000-04:00,2020-10-19 18:22:12.887000-04:00,1,39.688,39.685,1,True,1.0,True,1,1,0,0,0,False,False,False,62296190
PSAXJC2,800088,PRA8WB7,1,,Treatment 3,2020-10-19 18:22:16.022000-04:00,2020-10-19 18:23:42.085000-04:00,1,86.063,86.061,1,True,1.0,True,1,1,0,0,0,False,False,False,62296456
PSAXJC2,800088,PRA8WDF,1,,Treatment 3,2020-10-19 18:23:45.880000-04:00,2020-10-19 18:24:04.953000-04:00,1,19.073,19.071,5,True,1.0,True,1,1,0,0,0,False,False,False,62297043
PSAXJC2,800088,PRA8WDG,1,,Treatment 3,2020-10-19 18:24:09.672000-04:00,2020-10-19 18:24:23.871000-04:00,1,14.199,14.196,1,True,1.0,True,1,1,0,0,0,False,False,False,62297228
PSAXJC2,800088,PRA8WAJ,1,,Unknown,2020-10-19 18:24:27.138000-04:00,2020-10-19 18:25:13.060000-04:00,1,45.922,45.918,I am ready to do my best.,True,1.0,True,1,0,0,0,0,False,False,False,62297364
PSAXJC2,800088,PRA85VW,1,,Posttest,2020-10-19 18:25:17.682000-04:00,2020-10-19 18:31:13.472000-04:00,1,355.79,,,False,0.0,False,0,0,0,1,1,False,False,False,62297694
PSAXJC2,800088,PRA85VW,1,1288872.0,Posttest,2020-10-19 18:30:59.325000-04:00,2020-10-19 18:31:13.324000-04:00,1,14.147,13.993,I have read the solution,True,1.0,True,1,0,0,0,0,False,False,False,62299983
PSAXJC2,800088,PRA84HE,1,,Posttest,2020-10-19 18:32:01.046000-04:00,2020-10-19 18:32:32.939000-04:00,1,31.893,31.89,4,True,1.0,True,1,0,0,1,0,False,False,False,62300308
PSAXJC2,800381,PRA85V5,1,,Unknown,2020-11-02 16:00:07.406000-05:00,2020-11-02 16:00:11.376000-05:00,1,3.97,3.963,I am ready to start!,True,1.0,True,1,0,0,0,0,False,False,False,68879688
PSAXJC2,800381,PRA8WC7,1,,Treatment 1,2020-11-02 16:00:13.268000-05:00,2020-11-02 16:01:23.945000-05:00,1,70.677,70.672,5/3,True,1.0,True,1,1,0,0,0,False,False,False,68879759
PSAXJC2,800381,PRA8WDA,1,,Treatment 1,2020-11-02 16:01:24.890000-05:00,2020-11-02 16:02:04.599000-05:00,1,39.709,39.703,3,True,1.0,True,1,1,0,0,0,False,False,False,68880644
PSAXJC2,800381,PRA8WAJ,1,,Unknown,2020-11-02 16:02:05.207000-05:00,2020-11-02 16:02:10.726000-05:00,1,5.519,5.514,I am ready to do my best.,True,1.0,True,1,0,0,0,0,False,False,False,68881156
PSAXJC2,800381,PRA85VW,1,,Posttest,2020-11-02 16:02:12.534000-05:00,2020-11-02 16:03:36.742000-05:00,1,84.208,84.204,2x-3,True,1.0,True,1,0,0,1,0,False,False,False,68881255
PSAXJC2,800381,PRA84HE,1,,Posttest,2020-11-02 16:03:37.485000-05:00,2020-11-02 16:06:21.519000-05:00,1,164.034,,,False,0.0,False,0,0,0,1,1,False,False,False,68882350
PSAXJC2,800381,PRA84HE,1,1287324.0,Posttest,2020-11-02 16:05:24.059000-05:00,2020-11-02 16:06:21.307000-05:00,1,57.46,57.236,I have read the solution,True,1.0,True,1,0,0,0,0,False,False,False,68883586
PSAXJC2,800424,PRA85V5,1,,Unknown,2020-10-20 21:27:56.452000-04:00,2020-10-20 21:28:24.037000-04:00,1,27.585,27.582,I am ready to start!,True,1.0,True,1,0,0,0,0,False,False,False,63127700
PSAXJC2,800424,PRA8WC9,1,,Treatment 2,2020-10-20 21:28:25.909000-04:00,2020-10-20 21:35:02.594000-04:00,1,396.685,396.682,1,True,1.0,True,1,1,0,0,0,False,False,False,63127836
PSAXJC2,800424,PRA8WDC,1,,Treatment 2,2020-10-20 21:35:03.752000-04:00,2020-10-20 21:35:24.053000-04:00,1,20.301,20.3,3/7,True,1.0,True,1,1,0,0,0,False,False,False,63129667
PSAXJC2,800424,PRA8WC3,1,,Treatment 2,2020-10-20 21:35:33.542000-04:00,2020-10-20 21:35:59.756000-04:00,1,26.214,26.212,2,True,1.0,True,1,1,0,0,0,False,False,False,63129802
PSAXJC2,800424,PRA8WC8,1,,Treatment 2,2020-10-20 21:36:01.144000-04:00,2020-10-20 21:36:21.521000-04:00,1,20.377,20.375,1,True,1.0,True,1,1,0,0,0,False,False,False,63129936
PSAXJC2,800424,PRA8WAJ,1,,Unknown,2020-10-20 21:36:22.469000-04:00,2020-10-20 21:36:27.532000-04:00,1,5.063,5.061,I am ready to do my best.,True,1.0,True,1,0,0,0,0,False,False,False,63130033
PSAXJC2,800424,PRA85VW,1,,Posttest,2020-10-20 21:36:28.859000-04:00,2020-10-20 21:40:16.626000-04:00,1,227.767,,,False,0.0,False,0,0,0,1,1,False,False,False,63130065
PSAXJC2,800424,PRA85VW,1,1288872.0,Posttest,2020-10-20 21:40:06.069000-04:00,2020-10-20 21:40:16.568000-04:00,1,10.557,10.498,I have read the solution,True,1.0,True,1,0,0,0,0,False,False,False,63131083
PSAXJC2,800424,PRA84HE,1,,Posttest,2020-10-20 21:40:20.131000-04:00,2020-10-20 21:40:43.269000-04:00,1,23.138,23.136,4,True,1.0,True,1,0,0,1,0,False,False,False,63131134
PSAXJC2,802001,PRA85V5,1,,Unknown,2020-10-20 10:11:41.225000-04:00,2020-10-20 10:11:56.457000-04:00,2,15.232,15.225,I am ready to start!,True,1.0,True,1,0,0,0,0,False,False,False,62500765
PSAXJC2,802001,PRA8WBR,1,,Treatment 3,2020-10-20 10:12:02.419000-04:00,2020-10-20 10:13:26.476000-04:00,1,84.057,84.053,0.4,True,1.0,True,1,1,0,0,0,False,False,False,62501221
PSAXJC2,802001,PRA8WC8,1,,Treatment 3,2020-10-20 10:13:36.045000-04:00,2020-10-20 10:14:37.466000-04:00,1,61.421,61.418,1,True,1.0,True,1,1,0,0,0,False,False,False,62503306
PSAXJC2,802001,PRA8WCQ,1,,Treatment 3,2020-10-20 10:14:38.662000-04:00,2020-10-20 10:16:21.541000-04:00,1,102.879,102.875,0.7143,True,1.0,True,1,1,0,0,0,False,False,False,62504764
PSAXJC2,802001,PRA8WB8,1,,Treatment 3,2020-10-20 10:16:22.902000-04:00,2020-10-20 10:17:27.654000-04:00,1,64.752,64.75,1.8,True,1.0,True,1,1,0,0,0,False,False,False,62507074
PSAXJC2,802001,PRA8WDF,1,,Treatment 3,2020-10-20 10:17:28.464000-04:00,2020-10-20 10:18:00.506000-04:00,1,32.042,32.038,5,True,1.0,True,1,1,0,0,0,False,False,False,62508548
PSAXJC2,802001,PRA8WAJ,1,,Unknown,2020-10-20 10:18:01.475000-04:00,2020-10-20 10:18:07.148000-04:00,1,5.673,5.67,I am ready to do my best.,True,1.0,True,1,0,0,0,0,False,False,False,62509302
PSAXJC2,802001,PRA85VW,1,,Posttest,2020-10-20 10:18:08.536000-04:00,2020-10-20 10:19:42.586000-04:00,1,94.05,94.048,2x-3,True,1.0,True,1,0,0,1,0,False,False,False,62509463
PSAXJC2,802001,PRA84HE,1,,Posttest,2020-10-20 10:19:46.334000-04:00,2020-10-20 10:23:34.806000-04:00,1,228.472,150.031,-4,False,0.0,True,2,0,0,1,1,False,False,False,62511554
PSAXJC2,802001,PRA84HE,1,1287324.0,Posttest,2020-10-20 10:22:16.463000-04:00,2020-10-20 10:23:34.745000-04:00,1,21.697,78.28,I have read the solution,True,1.0,True,1,0,0,0,0,False,False,False,62514825
PSAXJC2,802544,PRA85V5,1,,Unknown,2020-10-21 10:58:40.109000-04:00,2020-10-21 10:58:43.859000-04:00,1,3.75,3.747,I am ready to start!,True,1.0,True,1,0,0,0,0,False,False,False,63326978
PSAXJC2,802544,PRA8WCZ,1,,Control,2020-10-21 10:58:45.906000-04:00,2020-10-21 10:58:57.808000-04:00,1,11.902,11.9,5,True,1.0,True,1,1,0,0,0,False,False,False,63327119
PSAXJC2,802544,PRA8WCX,1,,Control,2020-10-21 10:58:59.013000-04:00,2020-10-21 10:59:33.306000-04:00,1,34.293,19.273,2.6,False,0.666666666666667,True,2,1,0,0,0,False,False,False,63327397
PSAXJC2,802544,PRA8WCE,1,,Control,2020-10-21 10:59:38.919000-04:00,2020-10-21 10:59:54.521000-04:00,1,15.602,15.601,1/4,True,1.0,True,1,1,0,0,0,False,False,False,63328222
PSAXJC2,802544,PRA8WCQ,1,,Control,2020-10-21 10:59:55.505000-04:00,2020-10-21 11:00:10.174000-04:00,1,14.669,14.668,5/7,True,1.0,True,1,1,0,0,0,False,False,False,63328557
PSAXJC2,802544,PRA8WB8,1,,Control,2020-10-21 11:00:11.604000-04:00,2020-10-21 11:00:21.843000-04:00,1,10.239,10.238,9/5,True,1.0,True,1,1,0,0,0,False,False,False,63328897
PSAXJC2,802544,PRA8WAJ,1,,Unknown,2020-10-21 11:00:22.920000-04:00,2020-10-21 11:00:29.017000-04:00,1,6.097,6.094,I am ready to do my best.,True,1.0,True,1,0,0,0,0,False,False,False,63329128
PSAXJC2,802544,PRA85VW,1,,Posttest,2020-10-21 11:00:31.394000-04:00,2020-10-21 11:04:06.910000-04:00,1,215.516,,,False,0.0,False,0,0,0,1,1,False,False,False,63329314
PSAXJC2,802544,PRA85VW,1,1288872.0,Posttest,2020-10-21 11:03:59.408000-04:00,2020-10-21 11:04:06.841000-04:00,1,7.502,7.432,I have read the solution,True,1.0,True,1,0,0,0,0,False,False,False,63333482
PSAXJC2,802544,PRA84HE,1,,Posttest,2020-10-21 11:04:20.144000-04:00,2020-10-21 11:04:32.600000-04:00,1,12.456,12.454,4,True,1.0,True,1,0,0,1,0,False,False,False,63333526
PSAXJC2,806694,PRA85V5,1,,Unknown,2020-10-20 13:45:26.004000-04:00,2020-10-20 13:45:28.677000-04:00,1,2.673,2.666,I am ready to start!,True,1.0,True,1,0,0,0,0,False,False,False,62797515
PSAXJC2,806694,PRA8WCG,1,,Treatment 1,2020-10-20 13:45:30.974000-04:00,2020-10-20 13:46:03.519000-04:00,1,32.545,32.541,1,True,1.0,True,1,1,0,0,0,False,False,False,62797646
PSAXJC2,806694,PRA8WCE,1,,Treatment 1,2020-10-20 13:46:04.369000-04:00,2020-10-20 13:46:54.759000-04:00,1,50.39,23.032,-0.25,False,0.0,True,3,1,1,0,0,False,False,False,62798509
PSAXJC2,806694,PRA8WB8,1,,Treatment 1,2020-10-20 13:46:55.771000-04:00,2020-10-20 13:47:21.032000-04:00,1,25.261,25.256,1.8,True,1.0,True,1,1,0,0,0,False,False,False,62799793
PSAXJC2,806694,PRA8WC7,1,,Treatment 1,2020-10-20 13:47:21.970000-04:00,2020-10-20 13:47:44.561000-04:00,1,22.591,11.839,1.6,False,0.666666666666667,True,2,1,0,0,0,False,False,False,62800450
PSAXJC2,806694,PRA8WDJ,1,,Treatment 1,2020-10-20 13:47:46.056000-04:00,2020-10-20 13:47:55.888000-04:00,1,9.832,9.829,5,True,1.0,True,1,1,0,0,0,False,False,False,62801074
PSAXJC2,806694,PRA8WCU,1,,Treatment 1,2020-10-20 13:47:57.043000-04:00,2020-10-20 13:48:15.541000-04:00,1,18.498,11.647,1.1,False,0.666666666666667,True,2,1,0,0,0,False,False,False,62801369
PSAXJC2,806694,PRA8WCX,1,,Treatment 1,2020-10-20 13:48:16.726000-04:00,2020-10-20 13:49:14.544000-04:00,1,57.818,13.471,7/3,False,0.0,True,3,1,1,0,0,False,False,False,62801888
PSAXJC2,806694,PRA8WCN,1,,Treatment 1,2020-10-20 13:49:15.571000-04:00,2020-10-20 13:49:36.033000-04:00,1,20.462,20.458,0.428571,True,1.0,True,1,1,0,0,0,False,False,False,62803484
PSAXJC2,806694,PRA8WDA,1,,Treatment 1,2020-10-20 13:49:37.397000-04:00,2020-10-20 13:49:45.558000-04:00,1,8.161,8.157,3,True,1.0,True,1,1,0,0,0,False,False,False,62804035
PSAXJC2,806694,PRA8WAJ,1,,Unknown,2020-10-20 13:49:46.666000-04:00,2020-10-20 13:49:49.160000-04:00,1,2.494,2.491,I am ready to do my best.,True,1.0,True,1,0,0,0,0,False,False,False,62804284
PSAXJC2,806694,PRA85VW,1,,Posttest,2020-10-20 13:49:52.122000-04:00,2020-10-20 13:51:13.508000-04:00,1,81.386,78.069,2x+3,False,0.0,True,1,0,0,1,1,False,False,False,62804419
PSAXJC2,806694,PRA85VW,1,1288872.0,Posttest,2020-10-20 13:51:10.504000-04:00,2020-10-20 13:51:13.311000-04:00,1,3.004,2.804,I have read the solution,True,1.0,True,1,0,0,0,0,False,False,False,62806449
PSAXJC2,806694,PRA84HE,1,,Posttest,2020-10-20 13:51:17.445000-04:00,2020-10-20 13:51:28.520000-04:00,1,11.075,11.069,4,True,1.0,True,1,0,0,1,0,False,False,False,62806555
PSAXJC2,807019,PRA85V5,1,,Unknown,2020-10-19 18:28:41.050000-04:00,2020-10-19 18:30:17.603000-04:00,1,96.553,96.534,I am ready to start!,True,1.0,True,1,0,0,0,0,False,False,False,62299075
PSAXJC2,807019,PRA8WCG,1,,Treatment 1,2020-10-19 18:30:19.965000-04:00,2020-10-19 18:30:42.751000-04:00,1,22.786,22.777,1,True,1.0,True,1,1,0,0,0,False,False,False,62299708
PSAXJC2,807019,PRA8WB3,1,,Treatment 1,2020-10-19 18:30:44.726000-04:00,2020-10-19 18:31:08.182000-04:00,1,23.456,23.45,3/2,True,1.0,True,1,1,0,0,0,False,False,False,62299882
PSAXJC2,807019,PRA8WAJ,1,,Unknown,2020-10-19 18:31:28.918000-04:00,2020-10-19 18:31:37.789000-04:00,1,8.871,8.866,I am ready to do my best.,True,1.0,True,1,0,0,0,0,False,False,False,62300126
PSAXJC2,807019,PRA85VW,1,,Posttest,2020-10-19 18:31:39.532000-04:00,2020-10-19 18:34:04.791000-04:00,1,145.259,,,False,0.0,False,0,0,0,1,1,False,False,False,62300186
PSAXJC2,807019,PRA85VW,1,1288872.0,Posttest,2020-10-19 18:33:21.869000-04:00,2020-10-19 18:34:04.494000-04:00,1,42.922,42.62,I have read the solution,True,1.0,True,1,0,0,0,0,False,False,False,62300948
PSAXJC2,807019,PRA84HE,1,,Posttest,2020-10-19 18:34:10.017000-04:00,2020-10-19 18:34:20.506000-04:00,1,10.489,10.481,4,True,1.0,True,1,0,0,1,0,False,False,False,62301197
PSAXJC2,807125,PRA85V5,1,,Unknown,2020-10-22 09:40:14.984000-04:00,2020-10-22 09:40:23.703000-04:00,1,8.719,8.716,I am ready to start!,True,1.0,True,1,0,0,0,0,False,False,False,63931945
PSAXJC2,807125,PRA8WCT,1,,Treatment 1,2020-10-22 09:40:25.354000-04:00,2020-10-22 09:41:20.901000-04:00,1,55.547,55.544,11/10,True,1.0,True,1,1,0,0,0,False,False,False,63932153
PSAXJC2,807125,PRA8WCZ,1,,Treatment 1,2020-10-22 09:41:22.247000-04:00,2020-10-22 09:41:46.182000-04:00,1,23.935,23.933,5,True,1.0,True,1,1,0,0,0,False,False,False,63933240
PSAXJC2,807125,PRA8WAJ,1,,Unknown,2020-10-22 09:41:47.378000-04:00,2020-10-22 09:41:52.601000-04:00,1,5.223,5.222,I am ready to do my best.,True,1.0,True,1,0,0,0,0,False,False,False,63933675
PSAXJC2,807125,PRA85VW,1,,Posttest,2020-10-22 09:41:53.649000-04:00,2020-10-22 09:45:02.853000-04:00,1,189.204,,,False,0.0,False,0,0,0,1,1,False,False,False,63933807
PSAXJC2,807125,PRA85VW,1,1288872.0,Posttest,2020-10-22 09:44:09.520000-04:00,2020-10-22 09:45:02.805000-04:00,1,53.333,53.284,I have read the solution,True,1.0,True,1,0,0,0,0,False,False,False,63936204
PSAXJC2,807125,PRA84HE,1,,Posttest,2020-10-22 09:45:07.987000-04:00,2020-10-22 09:45:24.712000-04:00,1,16.725,16.723,4,True,1.0,True,1,0,0,1,0,False,False,False,63937065
PSAXJC2,807239,PRA85V5,1,,Unknown,2020-11-04 16:42:47.784000-05:00,,1,,,,,,,0,0,0,0,0,False,False,False,70026036
PSAXJC2,808212,PRA85V5,1,,Unknown,2020-10-21 20:20:02.390000-04:00,2020-10-21 20:21:49.292000-04:00,1,106.902,106.885,I am ready to start!,True,1.0,True,1,0,0,0,0,False,False,False,63804705
PSAXJC2,808212,PRA8WCZ,1,,Treatment 2,2020-10-21 20:23:04.784000-04:00,2020-10-21 20:24:16.821000-04:00,1,72.037,72.026,5,True,1.0,True,1,1,0,0,0,False,False,False,63805786
PSAXJC2,808212,PRA8WDJ,1,,Treatment 2,2020-10-21 20:24:17.634000-04:00,2020-10-21 20:25:47.466000-04:00,1,89.832,89.822,5,True,1.0,True,1,1,0,0,0,False,False,False,63806186
PSAXJC2,808212,PRA8WCM,1,,Treatment 2,2020-10-21 20:25:48.551000-04:00,2020-10-21 20:29:30.186000-04:00,1,221.635,221.623,1.1429,True,1.0,True,1,1,0,0,0,False,False,False,63806674
PSAXJC2,808212,PRA8WDA,1,,Treatment 2,2020-10-21 20:29:30.871000-04:00,2020-10-21 20:33:22.594000-04:00,1,231.723,231.714,3,True,1.0,True,1,1,0,0,0,False,False,False,63807879
PSAXJC2,808212,PRA8WAJ,1,,Unknown,2020-10-21 20:33:23.574000-04:00,2020-10-21 20:33:25.973000-04:00,1,2.399,2.395,I am ready to do my best.,True,1.0,True,1,0,0,0,0,False,False,False,63809039
PSAXJC2,808212,PRA85VW,1,,Posttest,2020-10-21 20:33:27.305000-04:00,2020-10-25 19:46:02.190000-04:00,2,342754.885,342754.878,-3+2x,True,1.0,True,1,0,0,1,0,False,False,False,63809067
PSAXJC2,808212,PRA84HE,1,,Posttest,2020-10-25 19:46:03.476000-04:00,2020-10-25 19:52:54.577000-04:00,1,411.101,411.088,4,True,1.0,True,1,0,0,1,0,False,False,False,65138965
PSAXJC2,817859,PRA85V5,1,,Unknown,2020-10-25 19:55:36.853000-04:00,2020-10-25 19:55:48.560000-04:00,1,11.707,11.699,I am ready to start!,True,1.0,True,1,0,0,0,0,False,False,False,65140213
PSAXJC2,817859,PRA8WCD,1,,Treatment 2,2020-10-25 19:55:52.379000-04:00,2020-10-25 19:56:31.428000-04:00,1,39.049,39.043,2.5,True,1.0,True,1,1,0,0,0,False,False,False,65140250
PSAXJC2,817859,PRA8WC9,1,,Treatment 2,2020-10-25 19:56:33.606000-04:00,2020-10-25 19:56:42.771000-04:00,1,9.165,9.157,1,True,1.0,True,1,1,0,0,0,False,False,False,65140352
PSAXJC2,817859,PRA8WCZ,1,,Treatment 2,2020-10-25 19:56:46.603000-04:00,2020-10-25 19:56:54.428000-04:00,1,7.825,7.821,5,True,1.0,True,1,1,0,0,0,False,False,False,65140392
PSAXJC2,817859,PRA8WC2,1,,Treatment 2,2020-10-25 19:56:57.440000-04:00,2020-10-25 19:57:36.462000-04:00,1,39.022,39.019,1,True,1.0,True,1,1,0,0,0,False,False,False,65140413
PSAXJC2,817859,PRA8WAJ,1,,Unknown,2020-10-25 19:57:41.043000-04:00,2020-10-25 19:57:47.794000-04:00,1,6.751,6.744,I am ready to do my best.,True,1.0,True,1,0,0,0,0,False,False,False,65140511
PSAXJC2,817859,PRA85VW,1,,Posttest,2020-10-25 19:57:50.158000-04:00,2020-10-25 19:59:29.232000-04:00,1,99.074,,,False,0.0,False,0,0,0,1,1,False,False,False,65140530
PSAXJC2,817859,PRA85VW,1,1288872.0,Posttest,2020-10-25 19:59:05.091000-04:00,2020-10-25 19:59:29.008000-04:00,1,24.141,23.907,I have read the solution,True,1.0,True,1,0,0,0,0,False,False,False,65140707
PSAXJC2,817859,PRA84HE,1,,Posttest,2020-10-25 19:59:48.871000-04:00,2020-10-25 20:00:03.211000-04:00,1,14.34,14.336,4,True,1.0,True,1,0,0,1,0,False,False,False,65140798
PSAXJC2,821528,PRA85V5,1,,Unknown,2020-10-20 13:10:46.840000-04:00,2020-10-20 13:11:06.560000-04:00,1,19.72,19.713,I am ready to start!,True,1.0,True,1,0,0,0,0,False,False,False,62748217
PSAXJC2,821528,PRA8WCA,1,,Treatment 2,2020-10-20 13:11:11.541000-04:00,2020-10-20 13:13:30.199000-04:00,1,138.658,116.426,0.666,False,0.333333333333333,True,3,1,0,0,0,False,False,False,62748805
PSAXJC2,821528,PRA8WB7,1,,Treatment 2,2020-10-20 13:13:32.746000-04:00,2020-10-20 13:14:40.035000-04:00,1,67.289,67.271,1,True,1.0,True,1,1,0,0,0,False,False,False,62752141
PSAXJC2,821528,PRA8WCR,1,,Treatment 2,2020-10-20 13:14:42.335000-04:00,2020-10-20 13:15:15.225000-04:00,1,32.89,32.885,3/4,True,1.0,True,1,1,0,0,0,False,False,False,62753689
PSAXJC2,821528,PRA8WCQ,1,,Treatment 2,2020-10-20 13:15:16.632000-04:00,2020-10-20 13:16:03.412000-04:00,1,46.78,46.775,5/7,True,1.0,True,1,1,0,0,0,False,False,False,62754471
PSAXJC2,821528,PRA8WB9,1,,Treatment 2,2020-10-20 13:16:04.789000-04:00,2020-10-20 13:16:50.188000-04:00,1,45.399,45.381,5/8,True,1.0,True,1,1,0,0,0,False,False,False,62755557
PSAXJC2,821528,PRA8WAJ,1,,Unknown,2020-10-20 13:16:51.543000-04:00,2020-10-20 13:17:04.777000-04:00,1,13.234,13.223,I am ready to do my best.,True,1.0,True,1,0,0,0,0,False,False,False,62756650
PSAXJC2,821528,PRA85VW,1,,Posttest,2020-10-20 13:17:06.928000-04:00,2020-10-20 13:20:12.892000-04:00,1,185.964,185.958,-3+2x,True,1.0,True,1,0,0,1,0,False,False,False,62756984
PSAXJC2,821528,PRA84HE,1,,Posttest,2020-10-20 13:20:14.899000-04:00,2020-10-20 13:22:27.698000-04:00,1,132.799,132.78,4,True,1.0,True,1,0,0,1,0,False,False,False,62761247
PSAXJC2,832239,PRA85V5,1,,Unknown,2020-10-23 17:55:34.163000-04:00,2020-10-23 17:55:37.382000-04:00,1,3.219,3.212,I am ready to start!,True,1.0,True,1,0,0,0,0,False,False,False,65008062
PSAXJC2,832239,PRA8WBT,1,,Control,2020-10-23 17:55:39.756000-04:00,2020-10-23 17:56:24.847000-04:00,1,45.091,17.893,-0.666,False,0.0,True,2,1,1,0,0,False,False,True,65008074
PSAXJC2,832239,PRA8WDH,1,,Control,2020-10-23 17:56:26.172000-04:00,2020-10-23 17:57:33.790000-04:00,1,67.618,8.402,1,False,0.0,True,3,1,1,0,0,False,False,False,65008230
PSAXJC2,832239,PRA8WCG,1,,Control,2020-10-23 17:57:36.353000-04:00,2020-10-23 17:57:49.908000-04:00,1,13.555,13.545,1,True,1.0,True,1,1,0,0,0,False,False,False,65008481
PSAXJC2,832239,PRA8WDF,1,,Control,2020-10-23 17:57:51.625000-04:00,2020-10-23 17:58:56.108000-04:00,1,64.483,7.071,3/4,False,0.0,True,3,1,1,0,0,False,False,False,65008529
PSAXJC2,832239,PRA8WCZ,1,,Control,2020-10-23 17:59:00.195000-04:00,,1,,,,,,,0,1,0,0,0,False,False,False,65008777
PSAXJC2,832241,PRA85V5,1,,Unknown,2020-10-24 04:53:28.698000-04:00,2020-10-24 04:53:40.438000-04:00,1,11.74,11.732,I am ready to start!,True,1.0,True,1,0,0,0,0,False,False,False,65053382
PSAXJC2,832241,PRA8WB7,1,,Control,2020-10-24 04:53:53.755000-04:00,2020-10-24 04:55:02.493000-04:00,2,68.738,68.728,1,True,1.0,True,1,1,0,0,0,False,False,False,65053386
PSAXJC2,832241,PRA8WC8,1,,Control,2020-10-24 04:55:03.702000-04:00,2020-10-24 04:55:53.375000-04:00,1,49.673,49.662,1,True,1.0,True,1,1,0,0,0,False,False,False,65053394
PSAXJC2,832241,PRA8WB2,1,,Control,2020-10-24 04:55:54.579000-04:00,2020-10-24 04:56:27.162000-04:00,1,32.583,32.572,1,True,1.0,True,1,1,0,0,0,False,False,False,65053397
PSAXJC2,832241,PRA8WAJ,1,,Unknown,2020-10-24 04:56:28.034000-04:00,2020-10-24 04:56:33.298000-04:00,1,5.264,5.26,I am ready to do my best.,True,1.0,True,1,0,0,0,0,False,False,False,65053401
PSAXJC2,832241,PRA85VW,1,,Posttest,2020-10-24 04:56:35.495000-04:00,2020-10-24 04:58:51.704000-04:00,1,136.209,136.13,2x-3,False,0.0,False,1,0,0,1,1,False,False,False,65053403
PSAXJC2,832241,PRA85VW,1,1288872.0,Posttest,2020-10-24 04:57:48.633000-04:00,2020-10-24 04:58:51.665000-04:00,1,63.031,,,True,1.0,,0,0,0,0,0,False,False,False,65053416
PSAXJC2,832241,PRA84HE,1,,Posttest,2020-10-24 04:58:56.003000-04:00,2020-10-24 04:59:32.084000-04:00,1,36.081,36.07,4,True,1.0,True,1,0,0,1,0,False,False,False,65053421
PSAXJC2,850825,PRA85V5,1,,Unknown,2020-10-21 22:22:16.984000-04:00,2020-10-21 22:22:36.798000-04:00,1,19.814,19.809,I am ready to start!,True,1.0,True,1,0,0,0,0,False,False,False,63837712
PSAXJC2,850825,PRA8WCY,1,,Treatment 3,2020-10-21 22:22:40.944000-04:00,2020-10-21 22:24:15.552000-04:00,1,94.608,52.579,3,False,0.0,True,3,1,1,0,0,False,False,False,63837802
PSAXJC2,850825,PRA8WCT,1,,Treatment 3,2020-10-21 22:24:21.702000-04:00,2020-10-21 22:24:56.253000-04:00,1,34.551,21.944,7/12,False,0.0,True,2,1,1,0,0,False,False,False,63838139
PSAXJC2,850825,PRA8WDE,1,,Treatment 3,2020-10-21 22:25:16.104000-04:00,2020-10-21 22:25:53.495000-04:00,1,37.391,19.076,14/6,False,0.0,True,3,1,1,0,0,False,False,False,63838320
PSAXJC2,850825,PRA8WDM,1,,Treatment 3,2020-10-21 22:25:55.639000-04:00,2020-10-21 22:26:35.723000-04:00,1,40.084,16.759,2,False,0.0,True,3,1,1,0,0,False,False,False,63838504
PSAXJC2,850825,PRA8WDF,1,,Treatment 3,2020-10-21 22:26:37.599000-04:00,2020-10-21 22:28:00.675000-04:00,1,83.076,71.538,8/14,False,0.0,True,2,1,1,0,0,False,False,False,63838600
PSAXJC2,850825,PRA8WBZ,1,,Treatment 3,2020-10-21 22:28:03.197000-04:00,,1,,,,,,,0,1,0,0,0,False,False,False,63838905
PSAXJC2,852199,PRA85V5,1,,Unknown,2020-11-05 18:24:30.338000-05:00,2020-11-05 18:24:40.298000-05:00,1,9.96,9.95,I am ready to start!,True,1.0,True,1,0,0,0,0,False,False,False,70739488
PSAXJC2,852199,PRA8WCP,1,,Treatment 2,2020-11-05 18:24:43.611000-05:00,2020-11-05 18:43:15.730000-05:00,1,1112.119,135.697,3/2,False,0.0,False,1,1,1,0,0,False,False,True,70739576
PSAXJC2,852199,PRA8WDM,1,,Treatment 2,2020-11-05 18:43:26.447000-05:00,2020-11-05 18:52:12.223000-05:00,1,525.776,525.76,8/6,True,1.0,True,1,1,0,0,0,False,False,False,70746316
PSAXJC2,852199,PRA8WCF,1,,Treatment 2,2020-11-05 18:52:17.614000-05:00,2020-11-05 18:53:26.416000-05:00,1,68.802,68.793,3/8,True,1.0,True,1,1,0,0,0,False,False,False,70749712
PSAXJC2,852199,PRA8WBW,1,,Treatment 2,2020-11-05 18:53:28.814000-05:00,2020-11-05 18:54:02.585000-05:00,1,33.771,33.764,3/7,True,1.0,True,1,1,0,0,0,False,False,False,70750167
PSAXJC2,852199,PRA8WCG,1,,Treatment 2,2020-11-05 18:54:04.169000-05:00,2020-11-05 18:54:18.359000-05:00,1,14.19,14.179,1,True,1.0,True,1,1,0,0,0,False,False,False,70750396
PSAXJC2,852199,PRA8WAJ,1,,Unknown,2020-11-05 18:54:20.746000-05:00,2020-11-05 18:54:25.885000-05:00,1,5.139,5.13,I am ready to do my best.,True,1.0,True,1,0,0,0,0,False,False,False,70750501
PSAXJC2,852199,PRA85VW,1,,Posttest,2020-11-05 18:54:29.256000-05:00,2020-11-05 18:57:05.266000-05:00,1,156.01,155.983,2x-3,True,1.0,True,1,0,0,1,0,False,False,False,70750555
PSAXJC2,852199,PRA84HE,1,,Posttest,2020-11-05 18:57:06.903000-05:00,2020-11-05 18:57:31.818000-05:00,1,24.915,24.898,4,True,1.0,True,1,0,0,1,0,False,False,False,70751532
PSAXJC2,856252,PRA85V5,1,,Unknown,2020-10-29 15:05:26.584000-04:00,2020-10-29 15:05:41.009000-04:00,1,14.425,14.419,I am ready to start!,True,1.0,True,1,0,0,0,0,False,False,False,67718789
PSAXJC2,856252,PRA8WBY,1,,Treatment 3,2020-10-29 15:05:44.382000-04:00,2020-10-29 15:06:27.737000-04:00,1,43.355,43.35,1,True,1.0,True,1,1,0,0,0,False,False,False,67719100
PSAXJC2,856252,PRA8WBQ,1,,Treatment 3,2020-10-29 15:06:30.559000-04:00,2020-10-29 15:06:45.470000-04:00,1,14.911,14.899,2,True,1.0,True,1,1,0,0,0,False,False,False,67719920
PSAXJC2,856252,PRA8WDE,1,,Treatment 3,2020-10-29 15:06:47.443000-04:00,2020-10-29 15:07:33.742000-04:00,1,46.299,46.292,1,True,1.0,True,1,1,0,0,0,False,False,False,67720234
PSAXJC2,856252,PRA8WB6,1,,Treatment 3,2020-10-29 15:07:36.137000-04:00,2020-10-29 15:08:00.197000-04:00,1,24.06,24.055,1,True,1.0,True,1,1,0,0,0,False,False,False,67721148
PSAXJC2,856252,PRA8WDJ,1,,Treatment 3,2020-10-29 15:08:04.376000-04:00,2020-10-29 15:08:37.943000-04:00,1,33.567,33.56,5,True,1.0,True,1,1,0,0,0,False,False,False,67721641
PSAXJC2,856252,PRA8WAJ,1,,Unknown,2020-10-29 15:08:41.355000-04:00,2020-10-29 15:08:51.495000-04:00,1,10.14,10.132,I am ready to do my best.,True,1.0,True,1,0,0,0,0,False,False,False,67722300
PSAXJC2,856252,PRA85VW,1,,Posttest,2020-10-29 15:08:54.405000-04:00,2020-10-29 15:09:05.849000-04:00,1,11.444,11.438,2x-3,True,1.0,True,1,0,0,1,0,False,False,False,67722505
PSAXJC2,856252,PRA84HE,1,,Posttest,2020-10-29 15:09:07.199000-04:00,2020-10-29 15:09:14.032000-04:00,1,6.833,6.827,4,True,1.0,True,1,0,0,1,0,False,False,False,67722716
PSAXJC2,856381,PRA85V5,1,,Unknown,2020-10-21 18:43:54.369000-04:00,2020-10-21 18:44:08.166000-04:00,1,13.797,13.787,I am ready to start!,True,1.0,True,1,0,0,0,0,False,False,False,63771016
PSAXJC2,856381,PRA8WBW,1,,Control,2020-10-21 18:44:10.736000-04:00,2020-10-21 18:44:39.062000-04:00,1,28.326,28.322,0.428571,True,1.0,True,1,1,0,0,0,False,False,False,63771113
PSAXJC2,856381,PRA8WBQ,1,,Control,2020-10-21 18:44:40.414000-04:00,2020-10-21 18:45:32.689000-04:00,1,52.275,52.266,2,True,1.0,True,1,1,0,0,0,False,False,False,63771282
PSAXJC2,856381,PRA8WDM,1,,Control,2020-10-21 18:45:35.279000-04:00,2020-10-21 18:46:00.943000-04:00,1,25.664,25.659,4/3,True,1.0,True,1,1,0,0,0,False,False,False,63771574
PSAXJC2,856381,PRA8WAJ,1,,Unknown,2020-10-21 18:46:02.232000-04:00,2020-10-21 18:46:05.280000-04:00,1,3.048,3.042,I am ready to do my best.,True,1.0,True,1,0,0,0,0,False,False,False,63771733
PSAXJC2,856381,PRA85VW,1,,Posttest,2020-10-21 18:46:07.326000-04:00,2020-10-21 18:49:07.213000-04:00,1,179.887,,,False,0.0,False,0,0,0,1,1,False,False,False,63771774
PSAXJC2,856381,PRA85VW,1,1288872.0,Posttest,2020-10-21 18:48:44.246000-04:00,2020-10-21 18:49:07.109000-04:00,1,22.967,22.859,I have read the solution,True,1.0,True,1,0,0,0,0,False,False,False,63772779
PSAXJC2,856381,PRA84HE,1,,Posttest,2020-10-21 18:49:18.255000-04:00,2020-10-21 18:49:32.332000-04:00,1,14.077,14.073,4,True,1.0,True,1,0,0,1,0,False,False,False,63772912
PSAXJC2,856546,PRA85V5,1,,Unknown,2020-10-22 14:01:29.543000-04:00,2020-10-22 14:01:37.195000-04:00,1,7.652,7.638,I am ready to start!,True,1.0,True,1,0,0,0,0,False,False,False,64253684
PSAXJC2,856546,PRA8WB6,1,,Control,2020-10-22 14:01:41.001000-04:00,2020-10-22 14:03:36.144000-04:00,1,115.143,10.484,0.666,False,0.0,True,2,1,1,0,0,False,False,True,64253792
PSAXJC2,856546,PRA8WDJ,1,,Control,2020-10-22 14:03:39.649000-04:00,2020-10-22 14:05:26.716000-04:00,1,107.067,23.625,3/4,False,0.0,True,7,1,1,0,0,False,False,False,64256866
PSAXJC2,856546,PRA8WCH,1,,Control,2020-10-22 14:05:31.632000-04:00,2020-10-22 14:07:07.075000-04:00,1,95.443,30.998,7,False,0.0,True,6,1,1,0,0,False,False,True,64259810
PSAXJC2,856546,PRA8WBR,1,,Control,2020-10-22 14:07:11.137000-04:00,2020-10-22 14:08:22.446000-04:00,1,71.309,49.208,-3+2,False,0.0,True,2,1,1,0,0,False,False,True,64262320
PSAXJC2,856546,PRA8WCX,1,,Control,2020-10-22 14:08:25.611000-04:00,,1,9.867,9.867,4,False,0.666666666666667,True,1,1,0,0,0,False,False,False,64264119
PSAXJC2,856583,PRA85V5,1,,Unknown,2020-11-03 14:54:37.912000-05:00,2020-11-03 14:54:59.920000-05:00,1,22.008,21.996,I am ready to start!,True,1.0,True,1,0,0,0,0,False,False,False,69331923
PSAXJC2,856583,PRA8WBW,1,,Treatment 1,2020-11-03 14:55:04.525000-05:00,2020-11-03 14:58:54.656000-05:00,1,230.131,230.116,0.4286,True,1.0,True,1,1,0,0,0,False,False,False,69332256
PSAXJC2,856583,PRA8WB7,1,,Treatment 1,2020-11-03 14:58:57.266000-05:00,2020-11-03 15:01:33.960000-05:00,1,156.694,127.927,1,False,0.0,False,1,1,1,0,0,False,False,True,69335191
PSAXJC2,856583,PRA8WB4,1,,Treatment 1,2020-11-03 15:01:36.033000-05:00,2020-11-03 15:02:19.402000-05:00,1,43.369,43.359,0.6,True,1.0,True,1,1,0,0,0,False,False,False,69337276
PSAXJC2,856583,PRA8WCF,1,,Treatment 1,2020-11-03 15:02:21.484000-05:00,2020-11-03 15:03:27.014000-05:00,1,65.53,65.525,0.375,True,1.0,True,1,1,0,0,0,False,False,False,69337862
PSAXJC2,856583,PRA8WAJ,1,,Unknown,2020-11-03 15:03:29.528000-05:00,2020-11-03 15:03:40.761000-05:00,1,11.233,11.227,I am ready to do my best.,True,1.0,True,1,0,0,0,0,False,False,False,69338785
PSAXJC2,856583,PRA85VW,1,,Posttest,2020-11-03 15:03:43.573000-05:00,2020-11-03 16:09:19.678000-05:00,1,3936.105,,,False,0.0,False,0,0,0,1,1,False,False,False,69338990
PSAXJC2,856583,PRA85VW,1,1288872.0,Posttest,2020-11-03 15:06:24.768000-05:00,2020-11-03 16:09:19.063000-05:00,1,3774.91,3774.287,I have read the solution,True,1.0,True,1,0,0,0,0,False,False,False,69341194
PSAXJC2,856583,PRA84HE,1,,Posttest,2020-11-03 16:09:26.249000-05:00,2020-11-03 16:10:39.150000-05:00,1,72.901,58.868,-1,False,0.0,True,1,0,0,1,1,False,False,False,69380959
PSAXJC2,856583,PRA84HE,1,1287324.0,Posttest,2020-11-03 16:10:25.966000-05:00,2020-11-03 16:10:38.884000-05:00,1,13.184,12.913,I have read the solution,True,1.0,True,1,0,0,0,0,False,False,False,69381439
PSAXJC2,859188,PRA85V5,1,,Unknown,2020-10-21 18:22:52.858000-04:00,2020-10-21 18:23:00.187000-04:00,1,7.329,7.322,I am ready to start!,True,1.0,True,1,0,0,0,0,False,False,False,63763348
PSAXJC2,859188,PRA8WB4,1,,Control,2020-10-21 18:23:04.143000-04:00,2020-10-29 15:22:34.514000-04:00,2,680370.371,6.725,3/5,False,0.666666666666667,False,1,1,0,0,0,False,False,False,63763427
PSAXJC2,859188,PRA8WB9,1,,Control,2020-10-29 15:22:38.934000-04:00,2020-10-29 15:22:57.862000-04:00,1,18.928,18.924,5/8,True,1.0,True,1,1,0,0,0,False,False,False,67735130
PSAXJC2,859188,PRA8WCK,1,,Control,2020-10-29 15:22:59.364000-04:00,2020-10-29 15:23:10.775000-04:00,1,11.411,11.409,1,True,1.0,True,1,1,0,0,0,False,False,False,67735415
PSAXJC2,859188,PRA8WDJ,1,,Control,2020-10-29 15:23:13.579000-04:00,2020-10-29 15:23:24.495000-04:00,1,10.916,10.912,5,True,1.0,True,1,1,0,0,0,False,False,False,67735611
PSAXJC2,859188,PRA8WAJ,1,,Unknown,2020-10-29 15:23:25.889000-04:00,2020-10-29 15:23:35.655000-04:00,1,9.766,9.764,I am ready to do my best.,True,1.0,True,1,0,0,0,0,False,False,False,67735765
PSAXJC2,859188,PRA85VW,1,,Posttest,2020-10-29 15:23:37.703000-04:00,2020-10-29 15:24:03.735000-04:00,2,26.032,26.028,2x-3,True,1.0,True,1,0,0,1,0,False,False,False,67735939
PSAXJC2,859188,PRA84HE,1,,Posttest,2020-10-29 15:24:05.377000-04:00,2020-10-29 15:24:16.199000-04:00,1,10.822,10.817,4,True,1.0,True,1,0,0,1,0,False,False,False,67736311
PSAXJC2,859669,PRA85V5,1,,Unknown,2020-10-20 13:37:34.723000-04:00,2020-11-05 15:39:34.662000-05:00,2,1393319.939,1393319.928,I am ready to start!,True,1.0,True,1,0,0,0,0,False,False,False,62785822
PSAXJC2,859669,PRA8WC7,1,,Treatment 3,2020-11-05 15:39:37.224000-05:00,2020-11-05 15:42:04.138000-05:00,1,146.914,114.203,5/3,False,0.0,False,1,1,1,0,0,False,False,True,70641938
PSAXJC2,859669,PRA8WBU,1,,Treatment 3,2020-11-05 15:42:07.032000-05:00,2020-11-05 15:42:54.438000-05:00,2,47.406,47.4,1,True,1.0,True,1,1,0,0,0,False,False,False,70644101
PSAXJC2,859669,PRA8WB3,1,,Treatment 3,2020-11-05 15:42:56.402000-05:00,2020-11-05 15:43:24.950000-05:00,1,28.548,28.542,3/2,True,1.0,True,1,1,0,0,0,False,False,False,70644747
PSAXJC2,859669,PRA8WDB,1,,Treatment 3,2020-11-05 15:43:27.141000-05:00,2020-11-05 15:43:48.040000-05:00,1,20.899,20.894,10/7,True,1.0,True,1,1,0,0,0,False,False,False,70645174
PSAXJC2,859669,PRA8WBZ,1,,Treatment 3,2020-11-05 15:43:49.981000-05:00,2020-11-05 15:44:20.658000-05:00,1,30.677,30.674,1/3,True,1.0,True,1,1,0,0,0,False,False,False,70645491
PSAXJC2,859669,PRA8WB4,1,,Treatment 3,2020-11-05 15:44:22.242000-05:00,2020-11-05 15:44:43.087000-05:00,1,20.845,20.841,3/5,True,1.0,True,1,1,0,0,0,False,False,False,70645923
PSAXJC2,859669,PRA8WAJ,1,,Unknown,2020-11-05 15:44:44.894000-05:00,2020-11-05 15:44:50.149000-05:00,1,5.255,5.25,I am ready to do my best.,True,1.0,True,1,0,0,0,0,False,False,False,70646221
PSAXJC2,859669,PRA85VW,1,,Posttest,2020-11-05 15:44:51.814000-05:00,2020-11-05 15:47:41.815000-05:00,1,170.001,,,False,0.0,False,0,0,0,1,1,False,False,False,70646306
PSAXJC2,859669,PRA85VW,1,1288872.0,Posttest,2020-11-05 15:47:32.384000-05:00,2020-11-05 15:47:41.658000-05:00,1,9.431,9.268,I have read the solution,True,1.0,True,1,0,0,0,0,False,False,False,70648335
PSAXJC2,859669,PRA84HE,1,,Posttest,2020-11-05 15:47:45.160000-05:00,2020-11-05 15:48:13.102000-05:00,1,27.942,27.938,4,True,1.0,True,1,0,0,1,0,False,False,False,70648496
PSAXJC2,863434,PRA85V5,1,,Unknown,2020-10-23 12:49:24.618000-04:00,2020-10-23 12:49:29.749000-04:00,1,5.131,5.12,I am ready to start!,True,1.0,True,1,0,0,0,0,False,False,False,64813121
PSAXJC2,863434,PRA8WBV,1,,Control,2020-10-23 12:49:31.960000-04:00,2020-10-23 12:50:08.377000-04:00,1,36.417,13.224,1.6,False,0.0,True,2,1,1,0,0,False,False,False,64813249
PSAXJC2,863434,PRA8WCM,1,,Control,2020-10-23 12:50:09.622000-04:00,2020-10-23 12:50:24.676000-04:00,1,15.054,14.981,8/7,True,1.0,True,1,1,0,0,0,False,False,False,64813894
PSAXJC2,863434,PRA8WCH,1,,Control,2020-10-23 12:50:25.536000-04:00,2020-10-23 12:50:36.818000-04:00,1,11.282,11.277,9/10,True,1.0,True,1,1,0,0,0,False,False,False,64814148
PSAXJC2,863434,PRA8WBT,1,,Control,2020-10-23 12:50:37.469000-04:00,2020-10-23 12:50:49.438000-04:00,1,11.969,11.963,5/8,True,1.0,True,1,1,0,0,0,False,False,False,64814337
PSAXJC2,863434,PRA8WAJ,1,,Unknown,2020-10-23 12:50:50.197000-04:00,2020-10-23 12:50:56.306000-04:00,1,6.109,6.103,I am ready to do my best.,True,1.0,True,1,0,0,0,0,False,False,False,64814567
PSAXJC2,863434,PRA85VW,1,,Posttest,2020-10-23 12:50:57.995000-04:00,2020-10-23 12:51:54.426000-04:00,1,56.431,,,False,0.0,False,0,0,0,1,1,False,False,False,64814688
PSAXJC2,863434,PRA85VW,1,1288872.0,Posttest,2020-10-23 12:51:46.416000-04:00,2020-10-23 12:51:54.087000-04:00,1,8.01,7.664,I have read the solution,True,1.0,True,1,0,0,0,0,False,False,False,64815449
PSAXJC2,863434,PRA84HE,1,,Posttest,2020-10-23 12:51:58.052000-04:00,2020-10-23 12:52:11.697000-04:00,1,13.645,13.64,4,True,1.0,True,1,0,0,1,0,False,False,False,64815636
PSAXJC2,863630,PRA85V5,1,,Unknown,2020-10-27 16:11:32.471000-04:00,2020-10-27 16:11:44.584000-04:00,1,12.113,12.102,I am ready to start!,True,1.0,True,1,0,0,0,0,False,False,False,66431409
PSAXJC2,863630,PRA8WCY,1,,Treatment 3,2020-10-27 16:11:49.392000-04:00,2020-10-27 16:16:37.257000-04:00,1,287.865,287.86,1/3,True,1.0,True,1,1,0,0,0,False,False,False,66431685
PSAXJC2,863630,PRA8WC2,1,,Treatment 3,2020-10-27 16:16:43.374000-04:00,2020-10-27 16:22:33.337000-04:00,1,349.963,349.952,1,True,1.0,True,1,1,0,0,0,False,False,False,66435943
PSAXJC2,863630,PRA8WDK,1,,Treatment 3,2020-10-27 16:22:37.760000-04:00,2020-10-27 16:26:03.548000-04:00,1,205.788,205.782,8/7,True,1.0,True,1,1,0,0,0,False,False,False,66440655
PSAXJC2,863630,PRA8WDF,1,,Treatment 3,2020-10-27 16:26:05.759000-04:00,2020-10-27 16:30:19.002000-04:00,1,253.243,253.233,5,True,1.0,True,1,1,0,0,0,False,False,False,66443299
PSAXJC2,863630,PRA8WCH,1,,Treatment 3,2020-10-27 16:30:22.725000-04:00,2020-10-27 16:34:03.966000-04:00,1,221.241,221.236,9/10,True,1.0,True,1,1,0,0,0,False,False,False,66446492
PSAXJC2,863630,PRA8WAJ,1,,Unknown,2020-10-27 16:34:11.241000-04:00,2020-10-27 16:34:18.483000-04:00,1,7.242,7.237,I am ready to do my best.,True,1.0,True,1,0,0,0,0,False,False,False,66449158
PSAXJC2,863630,PRA85VW,1,,Posttest,2020-10-27 16:34:20.838000-04:00,2020-10-27 16:34:53.063000-04:00,1,32.225,32.22,2x-3,True,1.0,True,1,0,0,1,0,False,False,False,66449262
PSAXJC2,863630,PRA84HE,1,,Posttest,2020-10-27 16:34:56.056000-04:00,2020-10-27 16:35:07.594000-04:00,1,11.538,11.533,4,True,1.0,True,1,0,0,1,0,False,False,False,66449600
PSAXJC2,866994,PRA85V5,1,,Unknown,2020-10-20 13:37:50.710000-04:00,2020-10-20 13:38:25.643000-04:00,2,34.933,34.923,I am ready to start!,True,1.0,True,1,0,0,0,0,False,False,False,62786215
PSAXJC2,866994,PRA8WCG,1,,Control,2020-10-20 13:38:28.066000-04:00,2020-10-20 13:39:06.175000-04:00,1,38.109,38.106,1,True,1.0,True,1,1,0,0,0,False,False,False,62787105
PSAXJC2,866994,PRA8WCX,1,,Control,2020-10-20 13:39:11.003000-04:00,2020-10-20 13:40:10.581000-04:00,1,59.578,22.479,2.6,False,0.666666666666667,True,2,1,0,0,0,False,False,False,62788166
PSAXJC2,866994,PRA8WB5,1,,Control,2020-10-20 13:40:12.286000-04:00,2020-10-20 13:40:24.723000-04:00,1,12.437,12.434,5/2,True,1.0,True,1,1,0,0,0,False,False,False,62789674
PSAXJC2,866994,PRA8WCR,1,,Control,2020-10-20 13:40:26.962000-04:00,2020-10-20 13:40:40.914000-04:00,1,13.952,13.948,3/4,True,1.0,True,1,1,0,0,0,False,False,False,62790036
PSAXJC2,866994,PRA8WBS,1,,Control,2020-10-20 13:40:42.301000-04:00,2020-10-20 13:40:59.982000-04:00,1,17.681,17.678,0.875,True,1.0,True,1,1,0,0,0,False,False,False,62790392
PSAXJC2,866994,PRA8WAJ,1,,Unknown,2020-10-20 13:41:01.320000-04:00,2020-10-20 13:41:10.205000-04:00,1,8.885,8.881,I am ready to do my best.,True,1.0,True,1,0,0,0,0,False,False,False,62790858
PSAXJC2,866994,PRA85VW,1,,Posttest,2020-10-20 13:41:11.820000-04:00,2020-10-20 13:43:37.615000-04:00,1,145.795,145.652,2x-3,False,0.0,False,1,0,0,1,1,False,False,False,62791132
PSAXJC2,866994,PRA85VW,1,1288872.0,Posttest,2020-10-20 13:43:00.210000-04:00,2020-10-20 13:43:37.520000-04:00,1,37.357,,,True,1.0,,0,0,0,0,0,False,False,False,62793802
PSAXJC2,866994,PRA84HE,1,,Posttest,2020-10-20 13:43:38.989000-04:00,2020-10-20 13:44:07.845000-04:00,1,28.856,19.34,3/4,False,0.0,True,2,0,0,1,1,False,False,False,62794803
PSAXJC2,866994,PRA84HE,1,1287324.0,Posttest,2020-10-20 13:43:58.564000-04:00,2020-10-20 13:44:07.751000-04:00,1,9.242,,,True,1.0,,0,0,0,0,0,False,False,False,62795277
PSAXJC2,871039,PRA85V5,1,,Unknown,2020-11-02 14:28:41.351000-05:00,2020-11-02 14:28:46.222000-05:00,1,4.871,4.866,I am ready to start!,True,1.0,True,1,0,0,0,0,False,False,False,68793593
PSAXJC2,871039,PRA8WBX,1,,Treatment 3,2020-11-02 14:28:49.111000-05:00,2020-11-02 14:29:39.498000-05:00,1,50.387,50.383,3.5,True,1.0,True,1,1,0,0,0,False,False,False,68793745
PSAXJC2,871039,PRA8WC4,1,,Treatment 3,2020-11-02 14:29:40.981000-05:00,2020-11-02 14:30:53.037000-05:00,1,72.056,72.053,1.8,True,1.0,True,1,1,0,0,0,False,False,False,68794833
PSAXJC2,871039,PRA8WCJ,1,,Treatment 3,2020-11-02 14:30:54.509000-05:00,2020-11-02 14:31:35.351000-05:00,1,40.842,16.267,0.83,False,0.666666666666667,True,2,1,0,0,0,False,False,False,68796304
PSAXJC2,871039,PRA8WCD,1,,Treatment 3,2020-11-02 14:31:36.909000-05:00,2020-11-02 14:32:51.289000-05:00,1,74.38,39.872,0,False,0.666666666666667,True,2,1,0,0,0,False,False,False,68797100
PSAXJC2,871039,PRA8WCB,1,,Treatment 3,2020-11-02 14:32:53.023000-05:00,2020-11-02 14:33:10.111000-05:00,1,17.088,17.086,1.25,True,1.0,True,1,1,0,0,0,False,False,False,68798543
PSAXJC2,871039,PRA8WC7,1,,Treatment 3,2020-11-02 14:33:11.952000-05:00,2020-11-02 14:33:33.584000-05:00,1,21.632,12.516,1.6,False,0.333333333333333,True,3,1,0,0,0,False,False,False,68798892
PSAXJC2,871039,PRA8WBV,1,,Treatment 3,2020-11-02 14:33:35.181000-05:00,2020-11-02 14:33:55.297000-05:00,1,20.116,20.113,1.6666,True,1.0,True,1,1,0,0,0,False,False,False,68799374
PSAXJC2,871039,PRA8WB5,1,,Treatment 3,2020-11-02 14:33:56.472000-05:00,2020-11-02 14:34:08.793000-05:00,1,12.321,12.318,2.5,True,1.0,True,1,1,0,0,0,False,False,False,68799798
PSAXJC2,871039,PRA8WC3,1,,Treatment 3,2020-11-02 14:34:10.252000-05:00,2020-11-02 14:37:41.251000-05:00,1,210.999,14.239,0.625,False,0.0,True,5,1,1,0,0,False,False,False,68800069
PSAXJC2,871039,PRA8WCM,1,,Treatment 3,2020-11-02 14:37:43.024000-05:00,2020-11-02 14:38:42.449000-05:00,1,59.425,59.422,1.1429,True,1.0,True,1,1,0,0,0,False,False,False,68804293
PSAXJC2,871039,PRA8WCW,1,,Treatment 3,2020-11-02 14:38:44.024000-05:00,2020-11-02 14:39:00.233000-05:00,1,16.209,16.207,5.5,True,1.0,True,1,1,0,0,0,False,False,False,68805492
PSAXJC2,871039,PRA8WBR,1,,Treatment 3,2020-11-02 14:39:01.444000-05:00,2020-11-02 14:39:12.492000-05:00,1,11.048,11.046,0.4,True,1.0,True,1,1,0,0,0,False,False,False,68805814
PSAXJC2,871039,PRA8WBS,1,,Treatment 3,2020-11-02 14:39:14.038000-05:00,2020-11-02 14:39:27.505000-05:00,1,13.467,13.464,0.875,True,1.0,True,1,1,0,0,0,False,False,False,68806061
PSAXJC2,871039,PRA8WCR,1,,Treatment 3,2020-11-02 14:39:28.767000-05:00,2020-11-02 14:39:38.691000-05:00,1,9.924,9.922,0.75,True,1.0,True,1,1,0,0,0,False,False,False,68806352
PSAXJC2,871039,PRA8WAJ,1,,Unknown,2020-11-02 14:39:41.220000-05:00,2020-11-02 14:39:55.013000-05:00,1,13.793,13.791,I am ready to do my best.,True,1.0,True,1,0,0,0,0,False,False,False,68806584
PSAXJC2,871039,PRA85VW,1,,Posttest,2020-11-02 14:39:56.866000-05:00,2020-11-02 14:43:49.780000-05:00,1,232.914,,,False,0.0,False,0,0,0,1,1,False,False,False,68806866
PSAXJC2,871039,PRA85VW,1,1288872.0,Posttest,2020-11-02 14:43:38.598000-05:00,2020-11-02 14:43:49.611000-05:00,1,11.182,11.01,I have read the solution,True,1.0,True,1,0,0,0,0,False,False,False,68810853
PSAXJC2,871039,PRA84HE,1,,Posttest,2020-11-02 14:45:01.630000-05:00,2020-11-02 14:45:14.730000-05:00,1,13.1,13.098,4,True,1.0,True,1,0,0,1,0,False,False,False,68812336
PSAXJC2,876380,PRA85V5,1,,Unknown,2020-10-20 16:03:38.624000-04:00,2020-10-20 16:03:46.427000-04:00,1,7.803,7.793,I am ready to start!,True,1.0,True,1,0,0,0,0,False,False,False,62972396
PSAXJC2,876380,PRA8WBT,1,,Treatment 3,2020-10-20 16:03:49.587000-04:00,2020-10-20 16:07:45.017000-04:00,1,235.43,235.418,5/8,True,1.0,True,1,1,0,0,0,False,False,False,62972550
PSAXJC2,876380,PRA8WDB,1,,Treatment 3,2020-10-20 16:07:52.280000-04:00,2020-10-20 16:13:01.740000-04:00,1,309.46,309.452,10/7,True,1.0,True,1,1,0,0,0,False,False,False,62976272
PSAXJC2,876380,PRA8WCF,1,,Treatment 3,2020-10-20 16:13:06.627000-04:00,2020-10-20 16:15:41.490000-04:00,1,154.863,154.855,3/8,True,1.0,True,1,1,0,0,0,False,False,False,62980916
PSAXJC2,876380,PRA8WBQ,1,,Treatment 3,2020-10-20 16:15:45.742000-04:00,2020-10-20 16:17:30.250000-04:00,1,104.508,104.502,2,True,1.0,True,1,1,0,0,0,False,False,False,62983271
PSAXJC2,876380,PRA8WB8,1,,Treatment 3,2020-10-20 16:17:33.327000-04:00,2020-10-20 16:22:45.269000-04:00,1,311.942,311.935,9/5,True,1.0,True,1,1,0,0,0,False,False,False,62984687
PSAXJC2,876380,PRA8WAJ,1,,Unknown,2020-10-20 16:22:50.004000-04:00,2020-10-20 16:22:59.844000-04:00,1,9.84,9.825,I am ready to do my best.,True,1.0,True,1,0,0,0,0,False,False,False,62989037
PSAXJC2,876380,PRA85VW,1,,Posttest,2020-10-20 16:23:06.285000-04:00,2020-10-20 16:23:19.583000-04:00,1,13.298,13.29,2x-3,True,1.0,True,1,0,0,1,0,False,False,False,62989255
PSAXJC2,876380,PRA84HE,1,,Posttest,2020-10-20 16:23:21.697000-04:00,2020-10-20 16:23:27.970000-04:00,1,6.273,6.264,4,True,1.0,True,1,0,0,1,0,False,False,False,62989458
PSAXJC2,878485,PRA85V5,1,,Unknown,2020-10-20 13:05:46.201000-04:00,2020-10-20 13:05:52.770000-04:00,1,6.569,6.554,I am ready to start!,True,1.0,True,1,0,0,0,0,False,False,False,62741230
PSAXJC2,878485,PRA8WDG,1,,Control,2020-10-20 13:05:56.311000-04:00,2020-10-20 13:26:50.652000-04:00,2,1254.341,1254.336,1,True,1.0,True,1,1,0,0,0,False,False,False,62741460
PSAXJC2,878485,PRA8WB2,1,,Control,2020-10-20 13:26:54.548000-04:00,2020-10-20 13:29:53.834000-04:00,1,179.286,179.282,1,True,1.0,True,1,1,0,0,0,False,False,False,62770321
PSAXJC2,878485,PRA8WCE,1,,Control,2020-10-20 13:30:02.860000-04:00,2020-10-20 13:33:20.914000-04:00,1,198.054,133.77,4,False,0.333333333333333,True,3,1,0,0,0,False,False,False,62774641
PSAXJC2,878485,PRA8WCS,1,,Control,2020-10-20 13:33:43.813000-04:00,2020-10-20 13:38:41.049000-04:00,1,297.236,297.231,2,True,1.0,True,1,1,0,0,0,False,False,False,62780024
PSAXJC2,878485,PRA8WCK,1,,Control,2020-10-20 13:38:45.668000-04:00,2020-10-20 13:39:34.030000-04:00,1,48.362,48.359,1,True,1.0,True,1,1,0,0,0,False,False,False,62787594
PSAXJC2,878485,PRA8WDB,1,,Control,2020-10-20 13:39:35.920000-04:00,2020-10-20 13:42:31.279000-04:00,1,175.359,175.354,10/7,True,1.0,True,1,1,0,0,0,False,False,False,62788962
PSAXJC2,878485,PRA8WAJ,1,,Unknown,2020-10-20 13:42:34.079000-04:00,2020-10-20 13:42:48.479000-04:00,1,14.4,14.39,I am ready to do my best.,True,1.0,True,1,0,0,0,0,False,False,False,62793165
PSAXJC2,878485,PRA85VW,1,,Posttest,2020-10-20 13:43:15.832000-04:00,2020-10-20 13:50:28.487000-04:00,1,432.655,432.652,2x-3,True,1.0,True,1,0,0,1,0,False,False,False,62794470
PSAXJC2,878485,PRA84HE,1,,Posttest,2020-10-20 13:50:33.311000-04:00,2020-10-20 13:53:15.575000-04:00,1,162.264,162.261,4,True,1.0,True,1,0,0,1,0,False,False,False,62805477
PSAXJC2,879589,PRA85V5,1,,Unknown,2020-10-20 16:16:06.245000-04:00,2020-10-20 16:16:24.447000-04:00,1,18.202,18.193,I am ready to start!,True,1.0,True,1,0,0,0,0,False,False,False,62983524
PSAXJC2,879589,PRA8WCD,1,,Treatment 1,2020-10-20 16:18:07.890000-04:00,2020-10-20 16:25:07.919000-04:00,2,420.029,90.688,10/4,False,0.666666666666667,False,1,1,0,0,0,False,False,False,62985195
PSAXJC2,879589,PRA8WB7,1,,Treatment 1,2020-10-20 16:25:09.447000-04:00,2020-10-20 16:25:33.165000-04:00,1,23.718,23.716,1,True,1.0,True,1,1,0,0,0,False,False,False,62990890
PSAXJC2,879589,PRA8WC7,1,,Treatment 1,2020-10-20 16:25:34.457000-04:00,2020-10-20 16:26:26.663000-04:00,1,52.206,52.198,5/3,True,1.0,True,1,1,0,0,0,False,False,False,62991195
PSAXJC2,879589,PRA8WAJ,1,,Unknown,2020-10-20 16:26:27.788000-04:00,2020-10-20 16:26:41.052000-04:00,1,13.264,13.262,I am ready to do my best.,True,1.0,True,1,0,0,0,0,False,False,False,62991890
PSAXJC2,879589,PRA85VW,1,,Posttest,2020-10-20 16:26:44.360000-04:00,2020-10-20 16:28:37.912000-04:00,1,113.552,113.546,2x-3,True,1.0,True,1,0,0,1,0,False,False,False,62992093
PSAXJC2,879589,PRA84HE,1,,Posttest,2020-10-20 16:28:38.973000-04:00,2020-10-20 16:34:40.994000-04:00,1,362.021,361.988,4,True,1.0,True,1,0,0,1,0,False,False,False,62993560
PSAXJC2,885430,PRA85V5,1,,Unknown,2020-10-22 15:21:59.956000-04:00,2020-10-22 15:22:04.485000-04:00,1,4.529,4.52,I am ready to start!,True,1.0,True,1,0,0,0,0,False,False,False,64352395
PSAXJC2,885430,PRA8WCH,1,,Control,2020-10-22 15:22:28.368000-04:00,2020-10-22 15:24:21-04:00,1,112.632,102.552,9/10,False,0.333333333333333,False,1,1,1,0,0,False,False,False,64352839
PSAXJC2,885430,PRA8WBT,1,,Control,2020-10-22 15:24:22.671000-04:00,2020-10-22 15:24:46.530000-04:00,1,23.859,13.066,5/8,False,0.0,False,1,1,1,0,0,False,False,True,64354528
PSAXJC2,885430,PRA8WBY,1,,Control,2020-10-22 15:24:47.703000-04:00,2020-10-22 15:25:01.527000-04:00,1,13.824,5.145,1,False,0.333333333333333,False,1,1,1,0,0,False,False,False,64354894
PSAXJC2,885430,PRA8WB2,1,,Control,2020-10-22 15:25:02.882000-04:00,2020-10-22 15:25:09.934000-04:00,1,7.052,1.975,1,False,0.333333333333333,False,1,1,1,0,0,False,False,False,64355149
PSAXJC2,885430,PRA8WCV,1,,Control,2020-10-22 15:25:11.653000-04:00,2020-10-22 15:25:23.859000-04:00,1,12.206,4.503,9/7,False,0.333333333333333,False,1,1,1,0,0,False,False,False,64355278
PSAXJC2,885430,PRA8WC8,1,,Control,2020-10-22 15:25:25.007000-04:00,2020-10-22 15:25:55.626000-04:00,1,30.619,30.614,1,True,1.0,True,1,1,0,0,0,False,False,False,64355466
PSAXJC2,885430,PRA8WDE,1,,Control,2020-10-22 15:25:56.177000-04:00,,1,,,,,,,0,1,0,0,0,False,False,False,64355919
PSAXJC2,887935,PRA85V5,1,,Unknown,2020-10-24 05:00:05.097000-04:00,2020-10-24 05:00:23.760000-04:00,1,18.663,18.661,I am ready to start!,True,1.0,True,1,0,0,0,0,False,False,False,65053427
PSAXJC2,887935,PRA8WC3,1,,Treatment 2,2020-10-24 05:00:28.350000-04:00,2020-10-25 20:54:46.150000-04:00,2,143657.8,143657.793,2,True,1.0,True,1,1,0,0,0,False,False,False,65053431
PSAXJC2,887935,PRA8WCW,1,,Treatment 2,2020-10-25 20:54:49.083000-04:00,2020-10-25 21:00:27.764000-04:00,1,338.681,338.679,11/2,True,1.0,True,1,1,0,0,0,False,False,False,65147410
PSAXJC2,887935,PRA8WDD,1,,Treatment 2,2020-10-25 21:00:30.804000-04:00,2020-10-25 21:00:48.953000-04:00,1,18.149,18.145,5/2,True,1.0,True,1,1,0,0,0,False,False,False,65148063
PSAXJC2,887935,PRA8WCM,1,,Treatment 2,2020-10-25 21:00:50.919000-04:00,2020-10-25 21:01:04.769000-04:00,1,13.85,13.844,8/7,True,1.0,True,1,1,0,0,0,False,False,False,65148097
PSAXJC2,887935,PRA8WAJ,1,,Unknown,2020-10-25 21:01:12.371000-04:00,2020-10-25 21:01:24.516000-04:00,1,12.145,12.14,I am ready to do my best.,True,1.0,True,1,0,0,0,0,False,False,False,65148147
PSAXJC2,887935,PRA85VW,1,,Posttest,2020-10-25 21:01:26.881000-04:00,2020-10-25 21:59:22.608000-04:00,1,3475.727,,,False,0.0,False,0,0,0,1,1,False,False,False,65148179
PSAXJC2,887935,PRA85VW,1,1288872.0,Posttest,2020-10-25 21:57:37.302000-04:00,2020-10-25 21:59:22.474000-04:00,1,105.306,105.16,I have read the solution,True,1.0,True,1,0,0,0,0,False,False,False,65154232
PSAXJC2,887935,PRA84HE,1,,Posttest,2020-10-25 22:02:07.078000-04:00,2020-10-25 22:02:46.279000-04:00,1,39.201,39.199,4,True,1.0,True,1,0,0,1,0,False,False,False,65154661
PSAXJC2,888070,PRA85V5,1,,Unknown,2020-10-24 23:33:10.828000-04:00,2020-10-24 23:33:18.563000-04:00,1,7.735,7.729,I am ready to start!,True,1.0,True,1,0,0,0,0,False,False,False,65088329
PSAXJC2,888070,PRA8WCY,1,,Treatment 2,2020-10-24 23:33:22.549000-04:00,,1,,,,,,,0,1,0,0,0,False,False,False,65088333
